index,char,unicode,source_scope,custom,event_frequency,token_hex,jis_code_hex,kanji_access_hex,rom_file_offset_hex,rom_end_exclusive_hex,glyph_bytes_hex
1,가,U+AC00,opening_and_event,FALSE,44,88 9F,3021,6010,0x0C020,0x0C040,00 00 00 10 0F 90 00 90 00 90 00 90 00 90 00 9C 00 90 01 10 02 10 02 10 0C 10 00 10 00 00 00 00
2,각,U+AC01,event_only,FALSE,2,88 A0,3022,6020,0x0C040,0x0C060,00 00 0F 90 00 90 00 90 00 9C 01 10 0E 10 00 10 00 00 07 F0 00 10 00 10 00 10 00 10 00 00 00 00
3,간,U+AC04,event_only,FALSE,5,88 A1,3023,6030,0x0C060,0x0C080,00 00 0F 90 00 90 00 90 00 9C 01 10 0E 10 00 10 00 00 04 00 04 00 04 00 04 00 07 F0 00 00 00 00
4,갈,U+AC08,event_only,FALSE,2,88 A2,3024,6040,0x0C080,0x0C0A0,00 00 0F 90 00 90 00 90 00 9C 01 10 0E 10 00 10 00 00 07 F0 00 10 00 10 07 F0 04 00 04 00 07 F0
5,갉,U+AC09,editor_custom_kanji,FALSE,0,88 A3,3025,6050,0x0C0A0,0x0C0C0,00 00 0F 90 00 90 00 90 00 9C 01 10 0E 10 00 10 00 00 0E 70 02 10 02 10 0E 10 08 10 08 10 0E 10
6,감,U+AC10,event_only,FALSE,2,88 A4,3026,6060,0x0C0C0,0x0C0E0,00 00 0F 90 00 90 00 90 00 9C 01 10 0E 10 00 10 00 00 07 F0 04 10 04 10 04 10 07 F0 00 00 00 00
7,갑,U+AC11,editor_custom_kanji,FALSE,0,88 A5,3027,6070,0x0C0E0,0x0C100,00 00 0F 90 00 90 00 90 00 9C 01 10 0E 10 00 10 00 00 04 10 04 10 07 F0 04 10 07 F0 00 00 00 00
8,갖,U+AC16,editor_custom_kanji,FALSE,0,88 A6,3028,6080,0x0C100,0x0C120,00 00 0F 90 00 90 00 90 00 9C 01 10 0E 10 00 00 00 00 07 F0 01 C0 01 C0 02 20 04 10 00 00 00 00
9,같,U+AC19,opening_only,FALSE,0,88 A7,3029,6090,0x0C120,0x0C140,00 00 0F 90 00 90 00 90 00 9C 01 10 0E 10 00 00 00 00 07 F0 04 00 04 00 07 F0 04 00 07 F0 00 00
10,갚,U+AC1A,event_only,FALSE,1,88 A8,302A,60A0,0x0C140,0x0C160,00 00 0F 90 00 90 00 90 00 9C 01 10 0E 10 00 10 00 00 07 F0 02 20 02 20 02 20 07 F0 00 00 00 00
11,개,U+AC1C,editor_custom_kanji,FALSE,0,88 A9,302B,60B0,0x0C160,0x0C180,00 00 00 12 0F 92 00 92 00 92 00 92 00 92 00 9E 00 92 01 12 02 12 02 12 0C 12 00 12 00 00 00 00
12,거,U+AC70,opening_and_event,FALSE,4,88 AA,302C,60C0,0x0C180,0x0C1A0,00 00 00 10 0F 90 00 90 00 90 00 90 00 90 00 B0 00 90 01 10 02 10 02 10 0C 10 00 10 00 00 00 00
13,걱,U+AC71,editor_custom_kanji,FALSE,0,88 AB,302D,60D0,0x0C1A0,0x0C1C0,00 00 0F 90 00 90 00 90 00 B0 01 10 0E 10 00 10 00 00 07 F0 00 10 00 10 00 10 00 10 00 00 00 00
14,건,U+AC74,event_only,FALSE,2,88 AC,302E,60E0,0x0C1C0,0x0C1E0,00 00 0F 90 00 90 00 90 00 B0 01 10 0E 10 00 10 00 00 04 00 04 00 04 00 04 00 07 F0 00 00 00 00
15,걸,U+AC78,opening_and_event,FALSE,2,88 AD,302F,60F0,0x0C1E0,0x0C200,00 00 0F 90 00 90 00 90 00 B0 01 10 0E 10 00 10 00 00 07 F0 00 10 00 10 07 F0 04 00 04 00 07 F0
16,검,U+AC80,editor_custom_kanji,FALSE,0,88 AE,3030,6100,0x0C200,0x0C220,00 00 0F 90 00 90 00 90 00 B0 01 10 0E 10 00 10 00 00 07 F0 04 10 04 10 04 10 07 F0 00 00 00 00
17,겁,U+AC81,event_only,FALSE,4,88 AF,3031,6110,0x0C220,0x0C240,00 00 0F 90 00 90 00 90 00 B0 01 10 0E 10 00 10 00 00 04 10 04 10 07 F0 04 10 07 F0 00 00 00 00
18,것,U+AC83,event_only,FALSE,7,88 B0,3032,6120,0x0C240,0x0C260,00 00 0F 90 00 90 00 90 00 B0 01 10 0E 10 00 10 00 00 00 40 00 A0 00 A0 01 10 02 08 00 00 00 00
19,게,U+AC8C,opening_and_event,FALSE,11,88 B1,3033,6130,0x0C260,0x0C280,00 00 00 12 0F 92 00 92 00 92 00 92 00 92 00 B2 00 92 01 12 02 12 02 12 0C 12 00 12 00 00 00 00
20,겠,U+ACA0,event_only,FALSE,7,88 B2,3034,6140,0x0C280,0x0C2A0,00 00 0F 92 00 92 00 92 00 B2 01 12 0E 12 00 12 00 00 04 10 0A 28 0A 28 11 44 20 82 00 00 00 00
21,겨,U+ACA8,event_only,FALSE,0,88 B3,3035,6150,0x0C2A0,0x0C2C0,00 00 00 10 0F 90 00 90 00 90 00 B0 00 90 00 90 00 90 01 30 02 10 02 10 0C 10 00 10 00 00 00 00
22,격,U+ACA9,editor_custom_kanji,FALSE,0,88 B4,3036,6160,0x0C2C0,0x0C2E0,00 00 0F 90 00 B0 00 90 00 90 01 30 0E 10 00 10 00 00 07 F0 00 10 00 10 00 10 00 10 00 00 00 00
23,겪,U+ACAA,event_only,FALSE,4,88 B5,3037,6170,0x0C2E0,0x0C300,00 00 0F 90 00 B0 00 90 00 90 01 30 0E 10 00 10 00 00 0E 70 02 10 02 10 02 10 02 10 00 00 00 00
24,견,U+ACAC,event_only,FALSE,0,88 B6,3038,6180,0x0C300,0x0C320,00 00 0F 90 00 B0 00 90 00 90 01 30 0E 10 00 10 00 00 04 00 04 00 04 00 04 00 07 F0 00 00 00 00
25,결,U+ACB0,event_only,FALSE,3,88 B7,3039,6190,0x0C320,0x0C340,00 00 0F 90 00 90 00 B0 00 90 01 30 0E 10 00 00 00 00 07 F0 00 10 00 10 07 F0 04 00 04 00 07 F0
26,경,U+ACBD,event_only,FALSE,1,88 B8,303A,61A0,0x0C340,0x0C360,00 00 0F 90 00 90 00 B0 00 90 01 30 0E 10 00 10 00 00 03 E0 04 10 04 10 04 10 03 E0 00 00 00 00
27,곁,U+ACC1,editor_custom_kanji,FALSE,0,88 B9,303B,61B0,0x0C360,0x0C380,00 00 0F 90 00 90 00 B0 00 90 01 30 0E 10 00 00 00 00 07 F0 04 00 04 00 07 F0 04 00 04 00 07 F0
28,계,U+ACC4,event_only,FALSE,5,88 BA,303C,61C0,0x0C380,0x0C3A0,00 00 00 12 0F 92 00 92 00 92 00 B2 00 92 00 92 00 B2 01 12 02 12 02 12 0C 12 00 12 00 00 00 00
29,고,U+ACE0,opening_and_event,FALSE,20,88 BB,303D,61D0,0x0C3A0,0x0C3C0,00 00 0F E0 00 20 00 20 00 20 00 20 00 20 00 20 00 20 01 20 01 00 01 00 01 00 1F F0 00 00 00 00
30,곡,U+ACE1,editor_custom_kanji,FALSE,0,88 BC,303E,61E0,0x0C3C0,0x0C3E0,00 00 0F E0 00 20 00 20 01 20 01 00 01 00 1F F0 00 00 0F E0 00 20 00 20 00 20 00 20 00 00 00 00
31,곤,U+ACE4,editor_custom_kanji,FALSE,0,88 BD,303F,61F0,0x0C3E0,0x0C400,00 00 0F E0 00 20 00 20 01 20 01 00 01 00 1F F0 00 00 08 00 08 00 08 00 08 00 0F E0 00 00 00 00
32,곧,U+ACE7,event_only,FALSE,0,88 BE,3040,A000,0x14000,0x14020,00 00 0F E0 00 20 00 20 01 20 01 00 01 00 1F F0 00 00 0F E0 08 00 08 00 08 00 0F E0 00 00 00 00
33,골,U+ACE8,music_mode,FALSE,0,88 BF,3041,A010,0x14020,0x14040,00 00 0F E0 00 20 00 20 01 20 01 00 01 00 1F F0 00 00 0F E0 00 20 00 20 0F E0 08 00 08 00 0F E0
34,곳,U+ACF3,event_only,FALSE,2,88 C0,3042,A020,0x14040,0x14060,00 00 0F E0 00 20 00 20 01 20 01 00 01 00 1F F0 00 00 01 00 02 80 02 80 04 40 08 20 00 00 00 00
35,공,U+ACF5,opening_and_event,FALSE,2,88 C1,3043,A030,0x14060,0x14080,00 00 0F E0 00 20 00 20 01 20 01 00 01 00 1F F0 00 00 07 C0 08 20 08 20 08 20 07 C0 00 00 00 00
36,과,U+ACFC,event_only,FALSE,2,88 C2,3044,A040,0x14080,0x140A0,00 00 00 10 0F 90 00 90 00 90 00 90 00 90 00 9C 00 90 04 90 04 10 04 10 1F D0 00 10 00 00 00 00
37,관,U+AD00,editor_custom_kanji,FALSE,0,88 C3,3045,A050,0x140A0,0x140C0,00 00 0F 90 00 90 00 90 00 9C 04 10 04 10 1F F0 00 10 08 00 08 00 08 00 08 00 0F F0 00 00 00 00
38,광,U+AD11,event_only,FALSE,2,88 C4,3046,A060,0x140C0,0x140E0,00 00 0F 90 00 90 00 90 00 9C 04 10 04 10 1F F0 00 00 07 E0 08 10 08 10 08 10 07 E0 00 00 00 00
39,괜,U+AD1C,editor_custom_kanji,FALSE,0,88 C5,3047,A070,0x140E0,0x14100,00 00 0F 92 00 92 00 92 00 9E 04 12 04 12 1F D2 00 12 08 00 08 00 08 00 08 00 0F F8 00 00 00 00
40,괴,U+AD34,opening_only,FALSE,0,88 C6,3048,A080,0x14100,0x14120,00 00 00 10 0F 90 00 90 00 90 00 90 00 90 00 90 00 90 04 90 04 10 04 10 1F D0 00 10 00 00 00 00
41,구,U+AD6C,opening_and_event,FALSE,5,88 C7,3049,A090,0x14120,0x14140,00 00 0F E0 00 20 00 20 00 20 00 20 00 00 00 00 1F F0 01 00 01 00 01 00 01 00 01 00 00 00 00 00
42,국,U+AD6D,event_only,FALSE,2,88 C8,304A,A0A0,0x14140,0x14160,00 00 0F E0 00 20 00 20 00 20 00 00 00 00 1F F0 01 00 0F E0 00 20 00 20 00 20 00 20 00 00 00 00
43,군,U+AD70,event_only,FALSE,4,88 C9,304B,A0B0,0x14160,0x14180,00 00 0F E0 00 20 00 20 00 20 00 00 00 00 1F F0 01 00 01 00 08 00 08 00 08 00 0F E0 00 00 00 00
44,굳,U+AD73,event_only,FALSE,1,88 CA,304C,A0C0,0x14180,0x141A0,00 00 0F E0 00 20 00 20 00 20 00 00 00 00 1F F0 01 00 0F E0 08 00 08 00 08 00 0F E0 00 00 00 00
45,굴,U+AD74,opening_and_event,FALSE,1,88 CB,304D,A0D0,0x141A0,0x141C0,00 00 0F E0 00 20 00 20 00 20 00 00 00 00 1F F0 01 00 0F E0 00 20 00 20 0F E0 08 00 08 00 0F E0
46,권,U+AD8C,prize_notification,FALSE,0,88 CC,304E,A0E0,0x141C0,0x141E0,00 00 0F 90 00 90 00 90 00 90 1F F0 02 10 02 10 02 70 0A 10 08 00 08 00 08 00 0F F0 00 00 00 00
47,규,U+ADDC,prize_notification,FALSE,0,88 CD,304F,A0F0,0x141E0,0x14200,00 00 0F E0 00 20 00 20 00 20 00 20 00 00 00 00 1F F0 04 40 04 40 04 40 04 40 04 40 00 00 00 00
48,균,U+ADE0,event_only,FALSE,3,88 CE,3050,A100,0x14200,0x14220,00 00 0F E0 00 20 00 20 00 20 00 00 00 00 1F F0 02 40 0A 40 08 00 08 00 08 00 0F F0 00 00 00 00
49,그,U+ADF8,opening_and_event,FALSE,44,88 CF,3051,A110,0x14220,0x14240,00 00 0F E0 00 20 00 20 00 20 00 20 00 20 00 20 00 20 00 20 00 00 00 00 00 00 1F F0 00 00 00 00
50,극,U+ADF9,event_only,FALSE,1,88 D0,3052,A120,0x14240,0x14260,00 00 0F E0 00 20 00 20 00 20 00 00 00 00 1F F0 00 00 0F E0 00 20 00 20 00 20 00 20 00 00 00 00
51,근,U+ADFC,event_only,FALSE,0,88 D1,3053,A130,0x14260,0x14280,00 00 0F E0 00 20 00 20 00 20 00 00 00 00 1F F0 00 00 08 00 08 00 08 00 08 00 0F E0 00 00 00 00
52,글,U+AE00,editor_custom_kanji,FALSE,0,88 D2,3054,A140,0x14280,0x142A0,00 00 0F E0 00 20 00 20 00 20 00 00 00 00 1F F0 00 00 0F E0 00 20 00 20 0F E0 08 00 08 00 0F E0
53,금,U+AE08,event_only,FALSE,3,88 D3,3055,A150,0x142A0,0x142C0,00 00 0F E0 00 20 00 20 00 20 00 00 00 00 1F F0 00 00 0F E0 08 20 08 20 08 20 0F E0 00 00 00 00
54,긋,U+AE0B,event_only,FALSE,1,88 D4,3056,A160,0x142C0,0x142E0,00 00 0F E0 00 20 00 20 00 20 00 00 00 00 1F F0 00 00 01 00 02 80 02 80 04 40 08 20 00 00 00 00
55,기,U+AE30,opening_and_event,FALSE,14,88 D5,3057,A170,0x142E0,0x14300,00 00 00 10 0F 90 00 90 00 90 00 90 00 90 00 90 00 90 01 10 02 10 02 10 0C 10 00 10 00 00 00 00
56,긴,U+AE34,opening_only,FALSE,0,88 D6,3058,A180,0x14300,0x14320,00 00 0F 90 00 90 00 90 00 90 01 10 0E 10 00 00 00 00 04 00 04 00 04 00 04 00 07 F0 00 00 00 00
57,길,U+AE38,editor_custom_kanji,FALSE,0,88 D7,3059,A190,0x14320,0x14340,00 00 0F 90 00 90 00 90 00 90 01 10 0E 10 00 10 00 00 07 F0 00 10 00 10 07 F0 04 00 04 00 07 F0
58,김,U+AE40,editor_custom_kanji,FALSE,0,88 D8,305A,A1A0,0x14340,0x14360,00 00 0F 90 00 90 00 90 00 90 01 10 0E 10 00 10 00 00 07 F0 04 10 04 10 04 10 07 F0 00 00 00 00
59,깃,U+AE43,event_only,FALSE,1,88 D9,305B,A1B0,0x14360,0x14380,00 00 0F 90 00 90 00 90 00 90 01 10 0E 10 00 10 00 00 00 80 01 40 01 40 02 20 04 10 00 00 00 00
60,까,U+AE4C,opening_and_event,FALSE,11,88 DA,305C,A1C0,0x14380,0x143A0,00 00 00 10 73 90 10 90 10 90 10 90 10 90 10 9C 10 90 21 10 42 10 02 10 04 10 00 10 00 00 00 00
61,깐,U+AE50,opening_only,FALSE,0,88 DB,305D,A1D0,0x143A0,0x143C0,00 00 73 90 10 90 10 90 10 9C 21 10 42 10 00 10 00 00 08 00 08 00 08 00 08 00 0F F0 00 00 00 00
62,깨,U+AE68,event_only,FALSE,1,88 DC,305E,A1E0,0x143C0,0x143E0,00 00 00 12 73 92 10 92 10 92 10 92 10 92 10 9E 10 92 20 92 41 12 01 12 02 12 00 12 00 00 00 00
63,꺄,U+AE84,opening_only,FALSE,0,88 DD,305F,A1F0,0x143E0,0x14400,00 00 00 10 73 90 10 90 10 90 10 9C 10 90 10 90 10 9C 20 90 41 10 01 10 02 10 00 10 00 00 00 00
64,껏,U+AECF,event_only,FALSE,1,88 DE,3060,E000,0x1C000,0x1C020,00 00 73 90 10 90 10 90 10 B0 21 10 42 10 00 10 00 00 00 80 01 40 01 40 02 20 04 10 00 00 00 00
65,께,U+AED8,event_only,FALSE,2,88 DF,3061,E010,0x1C020,0x1C040,00 00 00 12 73 92 10 92 10 92 10 92 10 92 10 F2 10 92 20 92 41 12 01 12 02 12 00 12 00 00 00 00
66,꼬,U+AF2C,editor_custom_kanji,FALSE,0,88 E0,3062,E020,0x1C040,0x1C060,00 00 0E E0 02 20 02 20 02 20 02 20 02 20 02 20 02 20 00 00 01 00 01 00 01 00 1F F0 00 00 00 00
67,꼭,U+AF2D,prize_notification,FALSE,0,88 E1,3063,E030,0x1C060,0x1C080,00 00 0E E0 02 20 02 20 02 20 01 00 01 00 1F F8 00 00 0F E0 00 20 00 20 00 20 00 20 00 00 00 00
68,꾸,U+AFB8,opening_only,FALSE,0,88 E2,3064,E040,0x1C080,0x1C0A0,00 00 0E E0 02 20 02 20 02 20 02 20 00 00 00 00 1F F0 01 00 01 00 01 00 01 00 01 00 00 00 00 00
69,꿈,U+AFC8,opening_only,FALSE,0,88 E3,3065,E050,0x1C0A0,0x1C0C0,00 00 0F E0 02 20 02 20 02 20 02 20 02 20 1F F0 01 00 0F E0 08 20 08 20 08 20 0F E0 00 00 00 00
70,끄,U+B044,editor_custom_kanji,FALSE,0,88 E4,3066,E060,0x1C0C0,0x1C0E0,00 00 0F E0 02 20 02 20 02 20 02 20 02 20 02 20 02 20 02 20 00 00 00 00 00 00 1F F0 00 00 00 00
71,끌,U+B04C,editor_custom_kanji,FALSE,0,88 E5,3067,E070,0x1C0E0,0x1C100,00 00 0E E0 02 20 02 20 02 20 00 00 00 00 1F F0 00 00 0F E0 00 20 00 20 0F E0 08 00 08 00 0F E0
72,끝,U+B05D,event_only,FALSE,3,88 E6,3068,E080,0x1C100,0x1C120,00 00 0E E0 02 20 02 20 02 20 00 00 00 00 1F F0 00 00 0F E0 08 00 08 00 0F E0 08 00 08 00 0F E0
73,끼,U+B07C,event_only,FALSE,1,88 E7,3069,E090,0x1C120,0x1C140,00 00 00 10 73 90 10 90 10 90 10 90 10 90 10 90 10 90 20 90 41 10 01 10 02 10 00 10 00 00 00 00
74,나,U+B098,opening_and_event,FALSE,12,88 E8,306A,E0A0,0x1C140,0x1C160,00 00 00 10 00 10 08 10 08 10 08 10 08 10 08 1C 08 10 08 10 08 10 08 10 0F 90 00 10 00 00 00 00
75,난,U+B09C,opening_only,FALSE,0,88 E9,306B,E0B0,0x1C160,0x1C180,00 00 08 10 08 10 08 10 08 10 08 1C 08 10 0F 90 00 00 04 00 04 00 04 00 04 00 07 F0 00 00 00 00
76,날,U+B0A0,opening_and_event,FALSE,2,88 EA,306C,E0C0,0x1C180,0x1C1A0,00 00 08 10 08 10 08 10 08 1C 08 10 0F 90 00 00 00 00 07 F0 00 10 00 10 07 F0 04 00 04 00 07 F0
77,남,U+B0A8,event_only,FALSE,1,88 EB,306D,E0D0,0x1C1A0,0x1C1C0,00 00 08 10 08 10 08 10 08 1C 08 10 0F 90 00 00 00 00 07 F0 04 10 04 10 04 10 07 F0 00 00 00 00
78,났,U+B0AC,event_only,FALSE,2,88 EC,306E,E0E0,0x1C1C0,0x1C1E0,00 00 08 10 08 10 08 10 08 1C 08 10 0F 90 00 10 00 00 04 10 0A 28 0A 28 11 44 20 82 00 00 00 00
79,내,U+B0B4,opening_and_event,FALSE,4,88 ED,306F,E0F0,0x1C1E0,0x1C200,00 00 00 12 08 12 08 12 08 12 08 12 08 12 08 1E 08 12 08 12 08 12 08 12 0F 92 00 12 00 00 00 00
80,낼,U+B0BC,event_only,FALSE,1,88 EE,3070,E100,0x1C200,0x1C220,00 00 08 12 08 12 08 12 08 1E 08 12 0F 92 00 00 00 00 07 F8 00 08 00 08 07 F8 04 00 04 00 07 F8
81,냈,U+B0C8,editor_custom_kanji,FALSE,0,88 EF,3071,E110,0x1C220,0x1C240,00 00 08 12 08 12 08 12 08 1E 08 12 0F 92 00 12 00 00 04 10 0A 28 0A 28 11 44 20 82 00 00 00 00
82,냐,U+B0D0,event_only,FALSE,2,88 F0,3072,E120,0x1C240,0x1C260,00 00 00 10 08 10 08 10 08 10 08 1C 08 10 08 10 08 10 08 1C 08 10 08 10 0F 90 00 10 00 00 00 00
83,냘,U+B0D8,editor_custom_kanji,FALSE,0,88 F1,3073,E130,0x1C260,0x1C280,00 00 08 10 08 1C 08 10 08 10 08 1C 0F 90 00 00 00 00 07 F0 00 10 00 10 07 F0 04 00 04 00 07 F0
84,냥,U+B0E5,editor_custom_kanji,FALSE,0,88 F2,3074,E140,0x1C280,0x1C2A0,00 00 08 10 08 1C 08 10 08 10 08 1C 0F 90 00 10 00 00 03 E0 04 10 04 10 04 10 04 10 03 E0 00 00
85,너,U+B108,event_only,FALSE,4,88 F3,3075,E150,0x1C2A0,0x1C2C0,00 00 00 10 08 10 08 10 08 10 08 10 08 10 08 30 08 10 08 10 08 10 08 10 0F 90 00 10 00 00 00 00
86,넌,U+B10C,editor_custom_kanji,FALSE,0,88 F4,3076,E160,0x1C2C0,0x1C2E0,00 00 08 10 08 10 08 10 08 30 08 10 08 10 0F 90 00 00 04 00 04 00 04 00 04 00 07 F0 00 00 00 00
87,널,U+B110,event_only,FALSE,2,88 F5,3077,E170,0x1C2E0,0x1C300,00 00 08 10 08 10 08 10 08 30 08 10 0F 90 00 00 00 00 07 F0 00 10 00 10 07 F0 04 00 04 00 07 F0
88,넘,U+B118,event_only,FALSE,0,88 F6,3078,E180,0x1C300,0x1C320,00 00 08 10 08 10 08 10 08 30 08 10 0F 90 00 00 00 00 07 F0 04 10 04 10 04 10 07 F0 00 00 00 00
89,넣,U+B123,opening_and_event,FALSE,1,88 F7,3079,E190,0x1C320,0x1C340,00 00 08 10 08 10 08 10 08 30 08 10 0F 90 00 10 00 80 07 F0 02 20 02 20 02 20 01 C0 00 00 00 00
90,네,U+B124,opening_and_event,FALSE,5,88 F8,307A,E1A0,0x1C340,0x1C360,00 00 00 12 08 12 08 12 08 12 08 12 08 12 08 32 08 12 08 12 08 12 08 12 0F 92 00 12 00 00 00 00
91,넷,U+B137,editor_custom_kanji,FALSE,0,88 F9,307B,E1B0,0x1C360,0x1C380,00 00 08 12 08 12 08 12 08 32 08 12 0F 92 00 12 00 00 00 40 00 A0 00 A0 01 10 02 08 00 00 00 00
92,녀,U+B140,event_only,FALSE,4,88 FA,307C,E1C0,0x1C380,0x1C3A0,00 00 00 10 08 10 08 10 08 10 08 30 08 10 08 10 08 10 08 30 08 10 08 10 0F 90 00 10 00 00 00 00
93,년,U+B144,event_only,FALSE,2,88 FB,307D,E1D0,0x1C3A0,0x1C3C0,00 00 08 10 08 30 08 10 08 10 08 30 0F 90 00 10 00 00 04 00 04 00 04 00 04 00 07 F0 00 00 00 00
94,녕,U+B155,editor_custom_kanji,FALSE,0,88 FC,307E,E1E0,0x1C3C0,0x1C3E0,00 00 08 10 08 30 08 10 08 10 08 30 0F 90 00 10 00 00 03 E0 04 10 04 10 04 10 03 E0 00 00 00 00
95,노,U+B178,event_only,FALSE,1,89 40,3121,6210,0x0C420,0x0C440,00 00 08 00 08 00 08 00 08 00 08 00 08 00 08 00 0F F0 00 00 01 00 01 00 01 00 1F F8 00 00 00 00
96,놀,U+B180,editor_custom_kanji,FALSE,0,89 41,3122,6220,0x0C440,0x0C460,00 00 08 00 08 00 08 00 0F E0 01 00 01 00 1F F0 00 00 0F E0 00 20 00 20 0F E0 08 00 08 00 0F E0
97,놈,U+B188,event_only,FALSE,3,89 42,3123,6230,0x0C460,0x0C480,00 00 08 00 08 00 08 00 0F E0 01 00 01 00 1F F0 00 00 0F E0 08 20 08 20 08 20 0F E0 00 00 00 00
98,농,U+B18D,editor_custom_kanji,FALSE,0,89 43,3124,6240,0x0C480,0x0C4A0,00 00 08 00 08 00 08 00 0F E0 01 00 01 00 1F F0 00 00 07 C0 08 20 08 20 08 20 07 C0 00 00 00 00
99,높,U+B192,editor_custom_kanji,FALSE,0,89 44,3125,6250,0x0C4A0,0x0C4C0,00 00 08 00 08 00 08 00 0F E0 01 00 01 00 1F F0 00 00 0F E0 04 40 04 40 04 40 0F E0 00 00 00 00
100,놓,U+B193,event_only,FALSE,1,89 45,3126,6260,0x0C4C0,0x0C4E0,00 00 08 00 08 00 08 00 0F E0 01 00 01 00 1F F0 01 00 0F E0 04 40 04 40 04 40 03 80 00 00 00 00
101,놔,U+B194,editor_custom_kanji,FALSE,0,89 46,3127,6270,0x0C4E0,0x0C500,00 00 00 10 08 10 08 10 08 10 08 10 08 10 08 1C 0F 90 02 10 02 10 02 10 1F D0 00 10 00 00 00 00
102,누,U+B204,opening_and_event,FALSE,4,89 47,3128,6280,0x0C500,0x0C520,00 00 08 00 08 00 08 00 08 00 0F E0 00 00 00 00 1F F0 01 00 01 00 01 00 01 00 01 00 00 00 00 00
103,눈,U+B208,event_only,FALSE,2,89 48,3129,6290,0x0C520,0x0C540,00 00 08 00 08 00 08 00 0F E0 00 00 00 00 1F F0 01 00 09 00 09 00 09 00 08 00 0F E0 00 00 00 00
104,눌,U+B20C,opening_only,FALSE,0,89 49,312A,62A0,0x0C540,0x0C560,00 00 08 00 08 00 08 00 0F E0 00 00 1F F0 01 00 01 00 0F E0 00 20 00 20 0F E0 08 00 08 00 0F E0
105,느,U+B290,event_only,FALSE,4,89 4A,312B,62B0,0x0C560,0x0C580,00 00 08 00 08 00 08 00 08 00 08 00 08 00 08 00 08 00 0F E0 00 00 00 00 00 00 1F F0 00 00 00 00
106,는,U+B294,opening_and_event,FALSE,29,89 4B,312C,62C0,0x0C580,0x0C5A0,00 00 08 00 08 00 08 00 0F E0 00 00 00 00 1F F0 00 00 08 00 08 00 08 00 08 00 0F E0 00 00 00 00
107,늦,U+B2A6,editor_custom_kanji,FALSE,0,89 4C,312D,62D0,0x0C5A0,0x0C5C0,00 00 08 00 08 00 08 00 0F E0 00 00 00 00 1F F0 00 00 0F E0 03 80 02 80 04 40 08 20 00 00 00 00
108,니,U+B2C8,opening_and_event,FALSE,22,89 4D,312E,62E0,0x0C5C0,0x0C5E0,00 00 00 10 08 10 08 10 08 10 08 10 08 10 08 10 08 10 08 10 08 10 08 10 0F 90 00 10 00 00 00 00
109,닐,U+B2D0,event_only,FALSE,2,89 4E,312F,62F0,0x0C5E0,0x0C600,00 00 08 10 08 10 08 10 08 10 08 10 08 10 0F 90 00 00 07 F0 00 10 00 10 07 F0 04 00 04 00 07 F0
110,님,U+B2D8,opening_and_event,FALSE,9,89 4F,3130,6300,0x0C600,0x0C620,00 00 08 10 08 10 08 10 08 10 08 10 08 10 0F 90 00 00 07 F0 04 10 04 10 04 10 07 F0 00 00 00 00
111,다,U+B2E4,opening_and_event,FALSE,54,89 50,3131,6310,0x0C620,0x0C640,00 00 00 10 0F 90 08 10 08 10 08 10 08 10 08 1C 08 10 08 10 08 10 08 10 0F 90 00 10 00 00 00 00
112,닥,U+B2E5,event_only,FALSE,2,89 51,3132,6320,0x0C640,0x0C660,00 00 0F 90 08 10 08 10 08 1C 08 10 0F 90 00 10 00 00 07 F0 00 10 00 10 00 10 00 10 00 00 00 00
113,단,U+B2E8,event_only,FALSE,5,89 52,3133,6330,0x0C660,0x0C680,00 00 0F 90 08 10 08 10 08 1C 08 10 0F 90 00 10 00 00 04 00 04 00 04 00 04 00 07 F0 00 00 00 00
114,달,U+B2EC,event_only,FALSE,1,89 53,3134,6340,0x0C680,0x0C6A0,00 00 0F 90 08 10 08 10 08 1C 08 10 0F 90 00 00 00 00 07 F0 00 10 00 10 07 F0 04 00 04 00 07 F0
115,담,U+B2F4,prize_notification,FALSE,0,89 54,3135,6350,0x0C6A0,0x0C6C0,00 00 0F 90 08 10 08 10 08 1C 08 10 08 10 0F 90 00 00 07 F0 04 10 04 10 04 10 07 F0 00 00 00 00
116,답,U+B2F5,event_only,FALSE,0,89 55,3136,6360,0x0C6C0,0x0C6E0,00 00 0F 90 08 10 08 10 08 1C 08 10 0F 90 00 10 00 00 04 10 04 10 07 F0 04 10 07 F0 00 00 00 00
117,당,U+B2F9,event_only,FALSE,10,89 56,3137,6370,0x0C6E0,0x0C700,00 00 0F 90 08 10 08 10 08 1C 08 10 0F 90 00 10 00 00 03 E0 04 10 04 10 04 10 03 E0 00 00 00 00
118,대,U+B300,opening_and_event,FALSE,9,89 57,3138,6380,0x0C700,0x0C720,00 00 00 12 0F 92 08 12 08 12 08 12 08 12 08 1E 08 12 08 12 08 12 08 12 0F 92 00 12 00 00 00 00
119,더,U+B354,event_only,FALSE,2,89 58,3139,6390,0x0C720,0x0C740,00 00 00 10 0F 90 08 10 08 10 08 10 08 10 08 30 08 10 08 10 08 10 08 10 0F 90 00 10 00 00 00 00
120,덕,U+B355,editor_custom_kanji,FALSE,0,89 59,313A,63A0,0x0C740,0x0C760,00 00 0F 90 08 10 08 10 08 30 08 10 08 10 0F 90 00 00 07 F0 00 10 00 10 00 10 00 10 00 00 00 00
121,던,U+B358,event_only,FALSE,3,89 5A,313B,63B0,0x0C760,0x0C780,00 00 0F 90 08 10 08 10 08 30 08 10 08 10 0F 90 00 00 04 00 04 00 04 00 04 00 07 F0 00 00 00 00
122,덜,U+B35C,event_only,FALSE,1,89 5B,313C,63C0,0x0C780,0x0C7A0,00 00 0F 90 08 10 08 10 08 30 08 10 08 10 0F 90 00 00 07 F0 00 10 00 10 07 F0 04 00 04 00 07 F0
123,덫,U+B36B,battle_inventory,FALSE,0,89 5C,313D,63D0,0x0C7A0,0x0C7C0,00 00 0F 90 08 10 08 10 08 30 08 10 08 10 0F 90 00 80 07 F0 01 40 01 40 02 20 04 10 00 00 00 00
124,데,U+B370,opening_and_event,FALSE,6,89 5D,313E,63E0,0x0C7C0,0x0C7E0,00 00 00 12 0F 92 08 12 08 12 08 12 08 12 08 32 08 12 08 12 08 12 08 12 0F 92 00 12 00 00 00 00
125,도,U+B3C4,opening_and_event,FALSE,19,89 5E,313F,63F0,0x0C7E0,0x0C800,00 00 0F E0 08 00 08 00 08 00 08 00 08 00 08 00 0F E0 00 00 01 00 01 00 01 00 1F F0 00 00 00 00
126,돌,U+B3CC,event_only,FALSE,1,89 5F,3140,A200,0x14400,0x14420,00 00 0F E0 08 00 08 00 0F E0 01 00 01 00 1F F0 00 00 0F E0 00 20 00 20 0F E0 08 00 08 00 0F E0
127,돕,U+B3D5,editor_custom_kanji,FALSE,0,89 60,3141,A210,0x14420,0x14440,00 00 0F E0 08 00 08 00 0F E0 01 00 01 00 1F F0 00 00 08 20 08 20 0F E0 08 20 0F E0 00 00 00 00
128,동,U+B3D9,event_only,FALSE,3,89 61,3142,A220,0x14440,0x14460,00 00 0F E0 08 00 08 00 0F E0 01 00 01 00 1F F0 00 00 07 C0 08 20 08 20 08 20 07 C0 00 00 00 00
129,돼,U+B3FC,editor_custom_kanji,FALSE,0,89 62,3143,A230,0x14460,0x14480,00 00 00 12 0F 92 08 12 08 12 08 12 08 12 08 1E 0F 92 02 12 02 12 02 12 1F F2 00 12 00 00 00 00
130,됐,U+B410,event_only,FALSE,2,89 63,3144,A240,0x14480,0x144A0,00 00 0F 92 08 12 08 12 0F 9E 02 12 02 12 1F D2 00 00 04 10 0A 28 0A 28 11 44 20 82 00 00 00 00
131,되,U+B418,event_only,FALSE,3,89 64,3145,A250,0x144A0,0x144C0,00 00 00 10 0F 90 08 10 08 10 08 10 08 10 08 10 0F 90 02 10 02 10 02 10 1F F0 00 10 00 00 00 00
132,된,U+B41C,event_only,FALSE,1,89 65,3146,A260,0x144C0,0x144E0,00 00 0F 90 08 10 08 10 0F 90 02 10 02 10 1F F0 00 10 08 00 08 00 08 00 08 00 0F F0 00 00 00 00
133,될,U+B420,event_only,FALSE,2,89 66,3147,A270,0x144E0,0x14500,00 00 0F 90 08 10 08 10 0F 90 02 10 02 10 1F F0 00 00 07 F0 00 10 00 10 07 F0 04 00 04 00 07 F0
134,됩,U+B429,event_only,FALSE,0,89 67,3148,A280,0x14500,0x14520,00 00 0F 90 08 10 08 10 0F 90 02 10 02 10 1F F0 00 00 04 10 04 10 07 F0 04 10 07 F0 00 00 00 00
135,두,U+B450,event_only,FALSE,2,89 68,3149,A290,0x14520,0x14540,00 00 0F E0 08 00 08 00 08 00 0F E0 00 00 00 00 1F F0 01 00 01 00 01 00 01 00 01 00 00 00 00 00
136,둘,U+B458,event_only,FALSE,1,89 69,314A,A2A0,0x14540,0x14560,00 00 0F E0 08 00 08 00 0F E0 00 00 00 00 1F F0 01 00 0F E0 00 20 00 20 0F E0 08 00 08 00 0F E0
137,둬,U+B46C,editor_custom_kanji,FALSE,0,89 6A,314B,A2B0,0x14560,0x14580,00 00 00 10 0F 90 08 10 08 10 0F 90 00 10 00 10 1F F0 02 10 02 70 02 10 02 10 00 10 00 00 00 00
138,뒤,U+B4A4,event_only,FALSE,1,89 6B,314C,A2C0,0x14580,0x145A0,00 00 00 10 0F 90 08 10 08 10 0F 90 00 10 00 10 1F F0 02 10 02 10 02 10 02 10 00 10 00 00 00 00
139,뒷,U+B4B7,prize_notification,FALSE,0,89 6C,314D,A2D0,0x145A0,0x145C0,00 00 0F 90 08 10 08 10 0F 90 00 10 1F F0 02 10 02 10 02 40 00 A0 00 A0 01 10 02 08 00 00 00 00
140,드,U+B4DC,event_only,FALSE,3,89 6D,314E,A2E0,0x145C0,0x145E0,00 00 0F E0 08 00 08 00 08 00 08 00 08 00 08 00 08 00 0F E0 00 00 00 00 00 00 1F F0 00 00 00 00
141,득,U+B4DD,editor_custom_kanji,FALSE,0,89 6E,314F,A2F0,0x145E0,0x14600,00 00 0F E0 08 00 08 00 0F E0 00 00 00 00 1F F0 00 00 0F E0 00 20 00 20 00 20 00 20 00 00 00 00
142,든,U+B4E0,event_only,FALSE,2,89 6F,3150,A300,0x14600,0x14620,00 00 0F E0 08 00 08 00 0F E0 00 00 00 00 1F F0 00 00 08 00 08 00 08 00 08 00 0F E0 00 00 00 00
143,듣,U+B4E3,editor_custom_kanji,FALSE,0,89 70,3151,A310,0x14620,0x14640,00 00 0F E0 08 00 08 00 0F E0 00 00 00 00 1F F0 00 00 0F E0 08 00 08 00 08 00 0F E0 00 00 00 00
144,들,U+B4E4,opening_and_event,FALSE,16,89 71,3152,A320,0x14640,0x14660,00 00 0F E0 08 00 08 00 0F E0 00 00 00 00 1F F0 00 00 0F E0 00 20 00 20 0F E0 08 00 08 00 0F E0
145,디,U+B514,opening_and_event,FALSE,1,89 72,3153,A330,0x14660,0x14680,00 00 00 10 0F 90 08 10 08 10 08 10 08 10 08 10 08 10 08 10 08 10 08 10 0F 90 00 10 00 00 00 00
146,딩,U+B529,opening_only,FALSE,0,89 73,3154,A340,0x14680,0x146A0,00 00 0F 90 08 10 08 10 08 10 08 10 08 10 0F 90 00 00 03 E0 04 10 04 10 04 10 03 E0 00 00 00 00
147,따,U+B530,editor_custom_kanji,FALSE,0,89 74,3155,A350,0x146A0,0x146C0,00 00 00 10 33 90 22 10 22 10 22 10 22 10 22 1C 22 10 22 10 22 10 22 10 33 90 00 10 00 00 00 00
148,딴,U+B534,editor_custom_kanji,FALSE,0,89 75,3156,A360,0x146C0,0x146E0,00 00 19 90 11 10 11 10 11 1C 11 10 11 10 19 90 00 00 04 00 04 00 04 00 04 00 07 F0 00 00 00 00
149,때,U+B54C,event_only,FALSE,5,89 76,3157,A370,0x146E0,0x14700,00 00 00 12 33 92 22 12 22 12 22 12 22 12 22 1E 22 12 22 12 22 12 22 12 33 92 00 12 00 00 00 00
150,떤,U+B5A4,event_only,FALSE,1,89 77,3158,A380,0x14700,0x14720,00 00 19 90 11 10 11 10 11 30 11 10 19 90 00 10 00 00 04 00 04 00 04 00 04 00 07 F0 00 00 00 00
151,떨,U+B5A8,event_only,FALSE,1,89 78,3159,A390,0x14720,0x14740,00 00 19 90 11 10 11 10 11 30 11 10 19 90 00 00 00 00 07 F0 00 10 00 10 07 F0 04 00 04 00 07 F0
152,떻,U+B5BB,event_only,FALSE,1,89 79,315A,A3A0,0x14740,0x14760,00 00 19 90 11 10 11 10 11 30 11 10 11 10 19 90 00 80 07 F0 02 20 02 20 02 20 01 C0 00 00 00 00
153,또,U+B610,opening_only,FALSE,0,89 7A,315B,A3B0,0x14760,0x14780,00 00 0C E0 08 80 08 80 08 80 08 80 08 80 08 80 0C E0 00 00 01 00 01 00 01 00 1F F0 00 00 00 00
154,똑,U+B611,opening_only,FALSE,0,89 7B,315C,A3C0,0x14780,0x147A0,00 00 0C E0 08 80 08 80 0C E0 01 00 01 00 1F F0 00 00 0F E0 00 20 00 20 00 20 00 20 00 00 00 00
155,뚫,U+B6AB,editor_custom_kanji,FALSE,0,89 7C,315D,A3D0,0x147A0,0x147C0,00 00 0C E0 08 80 08 80 0C E0 00 00 00 00 1F F0 01 00 1C 60 05 F8 04 90 1C 90 10 90 10 60 1C 00
156,뜨,U+B728,event_only,FALSE,3,89 7D,315E,A3E0,0x147C0,0x147E0,00 00 0C E0 08 80 08 80 08 80 08 80 08 80 08 80 08 80 0C E0 00 00 00 00 00 00 1F F0 00 00 00 00
157,뜯,U+B72F,event_only,FALSE,1,89 7E,315F,A3F0,0x147E0,0x14800,00 00 0C E0 08 80 08 80 0C E0 00 00 00 00 1F F0 00 00 0F E0 08 00 08 00 08 00 0F E0 00 00 00 00
158,뜻,U+B73B,event_only,FALSE,1,89 80,3160,E200,0x1C400,0x1C420,00 00 0C E0 08 80 08 80 0C E0 00 00 00 00 1F F0 00 00 01 00 02 80 02 80 04 40 08 20 00 00 00 00
159,라,U+B77C,event_only,FALSE,9,89 81,3161,E210,0x1C420,0x1C440,00 00 00 10 0F 90 00 90 00 90 00 90 0F 90 08 1C 08 10 08 10 08 10 08 10 0F 90 00 10 00 00 00 00
160,락,U+B77D,editor_custom_kanji,FALSE,0,89 82,3162,E220,0x1C440,0x1C460,00 00 0F 90 00 90 00 90 0F 9C 08 10 08 10 0F 90 00 00 07 F0 00 10 00 10 00 10 00 10 00 00 00 00
161,란,U+B780,event_only,FALSE,2,89 83,3163,E230,0x1C460,0x1C480,00 00 0F 90 00 90 00 90 0F 9C 08 10 08 10 0F 90 00 00 04 00 04 00 04 00 04 00 07 F0 00 00 00 00
162,람,U+B78C,event_only,FALSE,2,89 84,3164,E240,0x1C480,0x1C4A0,00 00 0F 90 00 90 00 90 0F 9C 08 10 08 10 0F 90 00 00 07 F0 04 10 04 10 04 10 07 F0 00 00 00 00
163,랍,U+B78D,prize_notification,FALSE,0,89 85,3165,E250,0x1C4A0,0x1C4C0,00 00 0F 90 00 90 00 90 0F 9C 08 10 08 10 0F 90 00 00 04 10 04 10 07 F0 04 10 07 F0 00 00 00 00
164,랐,U+B790,editor_custom_kanji,FALSE,0,89 86,3166,E260,0x1C4C0,0x1C4E0,00 00 0F 90 00 90 00 90 0F 9C 08 10 08 10 0F 90 00 00 04 10 08 28 0A 28 11 44 20 82 00 00 00 00
165,랑,U+B791,editor_custom_kanji,FALSE,0,89 87,3167,E270,0x1C4E0,0x1C500,00 00 0F 90 00 90 00 90 0F 9C 08 10 08 10 0F 90 00 00 03 E0 04 10 04 10 04 10 03 E0 00 00 00 00
166,래,U+B798,opening_and_event,FALSE,1,89 88,3168,E280,0x1C500,0x1C520,00 00 00 12 0F 92 00 92 00 92 00 92 0F 92 08 1E 08 12 08 12 08 12 08 12 0F 92 00 12 00 00 00 00
167,램,U+B7A8,editor_custom_kanji,FALSE,0,89 89,3169,E290,0x1C520,0x1C540,00 00 0F 92 00 92 00 92 0F 9E 08 12 08 12 0F 92 00 00 07 F8 04 08 04 08 04 08 07 F8 00 00 00 00
168,랫,U+B7AB,event_only,FALSE,1,89 8A,316A,E2A0,0x1C540,0x1C560,00 00 0F 92 00 92 00 92 0F 9E 08 12 08 12 0F 92 00 00 00 40 00 A0 00 A0 01 10 02 08 00 00 00 00
169,략,U+B7B5,event_only,FALSE,0,89 8B,316B,E2B0,0x1C560,0x1C580,00 00 0F 90 00 90 00 9C 0F 90 08 1C 08 10 0F 90 00 00 07 F0 00 10 00 10 00 10 00 10 00 00 00 00
170,러,U+B7EC,opening_and_event,FALSE,7,89 8C,316C,E2C0,0x1C580,0x1C5A0,00 00 00 10 0F 90 00 90 00 90 00 90 0F 90 08 10 08 30 08 10 08 10 08 10 0F 90 00 10 00 00 00 00
171,런,U+B7F0,event_only,FALSE,4,89 8D,316D,E2D0,0x1C5A0,0x1C5C0,00 00 0F 90 00 90 00 90 0F 90 08 30 08 10 0F 90 00 00 04 00 04 00 04 00 04 00 07 F0 00 00 00 00
172,럴,U+B7F4,opening_only,FALSE,0,89 8E,316E,E2E0,0x1C5C0,0x1C5E0,00 00 0F 90 00 90 00 90 0F 90 08 30 08 10 0F 90 00 00 07 F0 00 10 00 10 07 F0 04 00 04 00 07 F0
173,럼,U+B7FC,event_only,FALSE,2,89 8F,316F,E2F0,0x1C5E0,0x1C600,00 00 0F 90 00 90 00 90 0F 90 08 30 08 10 0F 90 00 00 07 F0 04 10 04 10 04 10 07 F0 00 00 00 00
174,럽,U+B7FD,event_only,FALSE,1,89 90,3170,E300,0x1C600,0x1C620,00 00 0F 90 00 90 00 90 0F 90 08 30 08 10 0F 90 00 00 04 10 04 10 07 F0 04 10 07 F0 00 00 00 00
175,렀,U+B800,editor_custom_kanji,FALSE,0,89 91,3171,E310,0x1C620,0x1C640,00 00 0F 90 00 90 00 90 0F 90 08 30 08 10 0F 90 00 00 04 10 0A 28 0A 28 11 44 20 82 00 00 00 00
176,렇,U+B807,editor_custom_kanji,FALSE,0,89 92,3172,E320,0x1C640,0x1C660,00 00 0F 90 00 90 00 90 0F 90 08 30 08 10 0F 90 00 80 07 F0 02 20 02 20 02 20 01 C0 00 00 00 00
177,레,U+B808,opening_and_event,FALSE,12,89 93,3173,E330,0x1C660,0x1C680,00 00 00 12 0F 92 00 92 00 92 00 92 0F 92 08 12 08 32 08 12 08 12 08 12 0F 92 00 12 00 00 00 00
178,려,U+B824,opening_and_event,FALSE,6,89 94,3174,E340,0x1C680,0x1C6A0,00 00 00 10 0F 90 00 90 00 90 00 B0 0F 90 08 10 08 10 08 30 08 10 08 10 0F 90 00 10 00 00 00 00
179,력,U+B825,editor_custom_kanji,FALSE,0,89 95,3175,E350,0x1C6A0,0x1C6C0,00 00 0F 90 00 B0 00 90 0F 90 08 30 08 10 0F 90 00 00 07 F0 00 10 00 10 00 10 00 10 00 00 00 00
180,렸,U+B838,event_only,FALSE,2,89 96,3176,E360,0x1C6C0,0x1C6E0,00 00 0F 90 00 90 00 B0 0F 90 08 30 08 10 0F 90 00 00 04 10 0A 28 0A 28 11 44 20 82 00 00 00 00
181,령,U+B839,event_only,FALSE,1,89 97,3177,E370,0x1C6E0,0x1C700,00 00 0F 90 00 90 00 B0 0F 90 08 30 08 10 0F 90 00 00 03 E0 04 10 04 10 04 10 03 E0 00 00 00 00
182,례,U+B840,event_only,FALSE,1,89 98,3178,E380,0x1C700,0x1C720,00 00 00 12 0F 92 00 92 00 92 00 B2 0F 92 08 12 08 12 08 32 08 12 08 12 0F 92 00 12 00 00 00 00
183,로,U+B85C,opening_and_event,FALSE,35,89 99,3179,E390,0x1C720,0x1C740,00 00 0F E0 00 20 00 20 0F E0 08 00 08 00 08 00 0F E0 00 00 01 00 01 00 01 00 1F F0 00 00 00 00
184,록,U+B85D,editor_custom_kanji,FALSE,0,89 9A,317A,E3A0,0x1C740,0x1C760,00 00 0F E0 00 20 00 20 0F E0 08 00 08 00 0F E0 01 00 1F F0 00 00 00 00 0F E0 00 20 00 20 00 20
185,롱,U+B871,editor_custom_kanji,FALSE,0,89 9B,317B,E3B0,0x1C760,0x1C780,00 00 0F E0 00 20 00 20 0F E0 08 00 0F E0 00 00 01 00 1F F0 00 00 00 00 0F E0 10 10 0F E0 00 00
186,료,U+B8CC,event_only,FALSE,1,89 9C,317C,E3C0,0x1C780,0x1C7A0,00 00 0F E0 00 20 00 20 0F E0 08 00 08 00 08 00 0F E0 00 00 04 40 04 40 04 40 1F F0 00 00 00 00
187,루,U+B8E8,event_only,FALSE,1,89 9D,317D,E3D0,0x1C7A0,0x1C7C0,00 00 0F E0 00 20 00 20 0F E0 08 00 0F E0 00 00 00 00 1F F0 01 00 01 00 01 00 01 00 00 00 00 00
188,룻,U+B8FB,event_only,FALSE,1,89 9E,317E,E3E0,0x1C7C0,0x1C7E0,00 00 0F E0 00 20 00 20 0F E0 08 00 0F E0 00 00 00 00 1F F0 01 00 01 00 02 80 04 40 08 20 00 00
189,륭,U+B96D,editor_custom_kanji,FALSE,0,89 9F,3221,6410,0x0C820,0x0C840,00 00 0F E0 00 20 00 20 0F E0 08 00 0F E0 00 00 00 00 1F F0 04 40 04 40 07 C0 08 20 07 C0 00 00
190,르,U+B974,event_only,FALSE,1,89 A0,3222,6420,0x0C840,0x0C860,00 00 0F E0 00 20 00 20 00 20 0F E0 08 00 08 00 08 00 0F E0 00 00 00 00 00 00 1F F0 00 00 00 00
191,른,U+B978,editor_custom_kanji,FALSE,0,89 A1,3223,6430,0x0C860,0x0C880,00 00 0F E0 00 20 00 20 0F E0 08 00 0F E0 00 00 00 00 1F F0 08 00 08 00 08 00 0F E0 00 00 00 00
192,를,U+B97C,opening_and_event,FALSE,21,89 A2,3224,6440,0x0C880,0x0C8A0,00 00 0F E0 00 20 00 20 0F E0 08 00 0F E0 00 00 1F F0 0F E0 00 20 00 20 0F E0 08 00 08 00 0F E0
193,름,U+B984,event_only,FALSE,1,89 A3,3225,6450,0x0C8A0,0x0C8C0,00 00 0F E0 00 20 00 20 0F E0 08 00 0F E0 00 00 00 00 1F F0 00 00 00 00 0F E0 08 20 08 20 0F E0
194,리,U+B9AC,opening_and_event,FALSE,41,89 A4,3226,6460,0x0C8C0,0x0C8E0,00 00 00 10 0F 90 00 90 00 90 00 90 0F 90 08 10 08 10 08 10 08 10 08 10 0F 90 00 10 00 00 00 00
195,릭,U+B9AD,editor_custom_kanji,FALSE,0,89 A5,3227,6470,0x0C8E0,0x0C900,00 00 0F 90 00 90 00 90 0F 90 08 10 08 10 0F 90 00 00 07 F0 00 10 00 10 00 10 00 10 00 00 00 00
196,린,U+B9B0,event_only,FALSE,2,89 A6,3228,6480,0x0C900,0x0C920,00 00 0F 90 00 90 00 90 0F 90 08 10 08 10 0F 90 00 00 04 00 04 00 04 00 04 00 07 F0 00 00 00 00
197,릴,U+B9B4,event_only,FALSE,1,89 A7,3229,6490,0x0C920,0x0C940,00 00 0F 90 00 90 00 90 0F 90 08 10 08 10 0F 90 00 00 07 F0 00 10 00 10 07 F0 04 00 04 00 07 F0
198,림,U+B9BC,opening_only,FALSE,0,89 A8,322A,64A0,0x0C940,0x0C960,00 00 0F 90 00 90 00 90 0F 90 08 10 08 10 0F 90 00 00 07 F0 04 10 04 10 04 10 07 F0 00 00 00 00
199,립,U+B9BD,event_only,FALSE,1,89 A9,322B,64B0,0x0C960,0x0C980,00 00 0F 90 00 90 00 90 0F 90 08 10 08 10 0F 90 00 00 04 10 04 10 07 F0 04 10 07 F0 00 00 00 00
200,마,U+B9C8,opening_and_event,FALSE,7,89 AA,322C,64C0,0x0C980,0x0C9A0,00 00 00 10 0F 90 08 90 08 90 08 90 08 90 08 9C 08 90 08 90 08 90 08 90 0F 90 00 10 00 00 00 00
201,막,U+B9C9,event_only,FALSE,0,89 AB,322D,64D0,0x0C9A0,0x0C9C0,00 00 0F 90 08 90 08 90 08 9C 08 90 08 90 0F 90 00 00 07 F0 00 10 00 10 00 10 00 10 00 00 00 00
202,만,U+B9CC,opening_and_event,FALSE,7,89 AC,322E,64E0,0x0C9C0,0x0C9E0,00 00 0F 90 08 90 08 90 08 9C 08 90 08 90 0F 90 00 00 04 00 04 00 04 00 04 00 07 F0 00 00 00 00
203,말,U+B9D0,opening_and_event,FALSE,7,89 AD,322F,64F0,0x0C9E0,0x0CA00,00 00 0F 90 08 90 08 90 08 9C 08 90 0F 90 00 00 00 00 07 F0 00 10 00 10 07 F0 04 00 04 00 07 F0
204,맙,U+B9D9,event_only,FALSE,1,89 AE,3230,6500,0x0CA00,0x0CA20,00 00 0F 90 08 90 08 90 08 9C 08 90 08 90 0F 90 00 00 04 10 04 10 07 F0 04 10 07 F0 00 00 00 00
205,맛,U+B9DB,event_only,FALSE,2,89 AF,3231,6510,0x0CA20,0x0CA40,00 00 0F 90 08 90 08 90 08 9C 08 90 08 90 0F 90 00 00 00 40 00 A0 00 A0 01 10 02 08 00 00 00 00
206,망,U+B9DD,event_only,FALSE,1,89 B0,3232,6520,0x0CA40,0x0CA60,00 00 0F 90 08 90 08 90 08 9C 08 90 08 90 0F 90 00 00 03 E0 04 10 04 10 04 10 03 E0 00 00 00 00
207,맞,U+B9DE,editor_custom_kanji,FALSE,0,89 B1,3233,6530,0x0CA60,0x0CA80,00 00 0F 90 08 90 08 90 08 9C 08 90 08 90 0F 90 00 00 07 F0 01 40 01 40 02 20 04 10 00 00 00 00
208,매,U+B9E4,event_only,FALSE,1,89 B2,3234,6540,0x0CA80,0x0CAA0,00 00 00 12 0F 92 08 92 08 92 08 92 08 92 08 9E 08 92 08 92 08 92 08 92 0F 92 00 12 00 00 00 00
209,머,U+BA38,event_only,FALSE,1,89 B3,3235,6550,0x0CAA0,0x0CAC0,00 00 00 10 0F 90 08 90 08 90 08 90 08 90 08 B0 08 90 08 90 08 90 08 90 0F 90 00 10 00 00 00 00
210,먹,U+BA39,event_only,FALSE,2,89 B4,3236,6560,0x0CAC0,0x0CAE0,00 00 0F 90 08 90 08 90 08 F0 08 90 08 90 0F 90 00 00 07 F0 00 10 00 10 00 10 00 10 00 00 00 00
211,먼,U+BA3C,editor_custom_kanji,FALSE,0,89 B5,3237,6570,0x0CAE0,0x0CB00,00 00 0F 90 08 90 08 90 08 F0 08 90 08 90 0F 90 00 00 04 00 04 00 04 00 04 00 07 F0 00 00 00 00
212,멀,U+BA40,editor_custom_kanji,FALSE,0,89 B6,3238,6580,0x0CB00,0x0CB20,00 00 0F 90 08 90 08 90 08 F0 08 90 0F 90 00 00 00 00 07 F0 00 10 00 10 07 F0 04 00 04 00 07 F0
213,메,U+BA54,event_only,FALSE,14,89 B7,3239,6590,0x0CB20,0x0CB40,00 00 00 12 0F 92 08 92 08 92 08 92 08 92 08 F2 08 92 08 92 08 92 08 92 0F 92 00 12 00 00 00 00
214,며,U+BA70,event_only,FALSE,2,89 B8,323A,65A0,0x0CB40,0x0CB60,00 00 00 10 0F 90 08 90 08 90 08 F0 08 90 08 90 08 90 08 F0 08 90 08 90 0F 90 00 10 00 00 00 00
215,면,U+BA74,event_only,FALSE,5,89 B9,323B,65B0,0x0CB60,0x0CB80,00 00 0F 90 08 90 08 F0 08 90 08 F0 08 90 0F 90 00 00 04 00 04 00 04 00 04 00 07 F0 00 00 00 00
216,멸,U+BA78,event_only,FALSE,2,89 BA,323C,65C0,0x0CB80,0x0CBA0,00 00 0F 90 08 F0 08 90 08 90 08 F0 0F 90 00 00 00 00 07 F0 00 10 00 10 07 F0 04 00 04 00 07 F0
217,명,U+BA85,opening_and_event,FALSE,2,89 BB,323D,65D0,0x0CBA0,0x0CBC0,00 00 0F 90 08 90 08 F0 08 90 08 F0 08 90 0F 90 00 00 03 E0 04 10 04 10 04 10 03 E0 00 00 00 00
218,모,U+BAA8,opening_and_event,FALSE,3,89 BC,323E,65E0,0x0CBC0,0x0CBE0,00 00 0F E0 08 20 08 20 08 20 08 20 08 20 08 20 0F E0 00 00 01 00 01 00 01 00 1F F0 00 00 00 00
219,목,U+BAA9,opening_and_event,FALSE,3,89 BD,323F,65F0,0x0CBE0,0x0CC00,00 00 0F E0 08 20 08 20 0F E0 01 00 01 00 1F F0 00 00 0F E0 00 20 00 20 00 20 00 20 00 00 00 00
220,몬,U+BAAC,editor_custom_kanji,FALSE,0,89 BE,3240,A400,0x14800,0x14820,00 00 0F E0 08 20 08 20 0F E0 01 00 01 00 1F F0 00 00 08 00 08 00 08 00 08 00 0F E0 00 00 00 00
221,몰,U+BAB0,event_only,FALSE,3,89 BF,3241,A410,0x14820,0x14840,00 00 0F E0 08 20 08 20 0F E0 01 00 01 00 1F F0 00 00 0F E0 00 20 00 20 0F E0 08 00 08 00 0F E0
222,몸,U+BAB8,editor_custom_kanji,FALSE,0,89 C0,3242,A420,0x14840,0x14860,00 00 0F E0 08 20 08 20 0F E0 01 00 01 00 1F F0 00 00 0F E0 08 20 08 20 08 20 0F E0 00 00 00 00
223,못,U+BABB,event_only,FALSE,3,89 C1,3243,A430,0x14860,0x14880,00 00 0F E0 08 20 08 20 0F E0 01 00 01 00 1F F0 00 00 01 00 02 80 02 80 04 40 08 20 00 00 00 00
224,무,U+BB34,opening_and_event,FALSE,7,89 C2,3244,A440,0x14880,0x148A0,00 00 0F E0 08 20 08 20 08 20 0F E0 00 00 00 00 1F F0 01 00 01 00 01 00 01 00 01 00 00 00 00 00
225,문,U+BB38,event_only,FALSE,7,89 C3,3245,A450,0x148A0,0x148C0,00 00 0F E0 08 20 08 20 0F E0 00 00 00 00 1F F0 01 00 09 00 08 00 08 00 08 00 0F E0 00 00 00 00
226,물,U+BB3C,opening_and_event,FALSE,1,89 C4,3246,A460,0x148C0,0x148E0,00 00 0F E0 08 20 08 20 0F E0 00 00 00 00 1F F0 01 00 0F E0 00 20 00 20 0F E0 08 00 08 00 0F E0
227,뭐,U+BB50,event_only,FALSE,2,89 C5,3247,A470,0x148E0,0x14900,00 00 00 10 0F 90 08 90 08 90 0F 90 00 10 00 10 1F D0 02 10 02 70 02 10 02 10 00 10 00 00 00 00
228,뭔,U+BB54,editor_custom_kanji,FALSE,0,89 C6,3248,A480,0x14900,0x14920,00 00 0F 90 08 90 08 90 0F 90 00 10 00 10 1F D0 02 10 0A 70 08 10 08 00 08 00 0F F0 00 00 00 00
229,뭣,U+BB63,event_only,FALSE,0,89 C7,3249,A490,0x14920,0x14940,00 00 0F 90 08 90 08 90 0F 90 00 10 00 10 1F D0 02 10 02 70 00 10 01 10 02 80 04 40 08 20 00 00
230,므,U+BBC0,prize_notification,FALSE,0,89 C8,324A,A4A0,0x14940,0x14960,00 00 0F E0 08 20 08 20 08 20 08 20 08 20 08 20 08 20 0F E0 00 00 00 00 00 00 1F F0 00 00 00 00
231,미,U+BBF8,event_only,FALSE,3,89 C9,324B,A4B0,0x14960,0x14980,00 00 00 10 0F 90 08 90 08 90 08 90 08 90 08 90 08 90 08 90 08 90 08 90 0F 90 00 10 00 00 00 00
232,믿,U+BBFF,event_only,FALSE,1,89 CA,324C,A4C0,0x14980,0x149A0,00 00 0F 90 08 90 08 90 08 90 08 90 08 90 0F 90 00 00 07 F0 04 00 04 00 04 00 07 F0 00 00 00 00
233,밀,U+BC00,editor_custom_kanji,FALSE,0,89 CB,324D,A4D0,0x149A0,0x149C0,00 00 0F 90 08 90 08 90 08 90 08 90 0F 90 00 00 00 00 07 F0 00 10 00 10 07 F0 04 00 04 00 07 F0
234,바,U+BC14,opening_and_event,FALSE,20,89 CC,324E,A4E0,0x149C0,0x149E0,00 00 00 10 08 90 08 90 08 90 08 90 08 90 0F 9C 08 90 08 90 08 90 08 90 0F 90 00 10 00 00 00 00
235,밖,U+BC16,editor_custom_kanji,FALSE,0,89 CD,324F,A4F0,0x149E0,0x14A00,00 00 08 90 08 90 08 90 0F 9C 08 90 08 90 0F 90 00 00 0E 70 02 10 02 10 02 10 02 10 00 00 00 00
236,반,U+BC18,event_only,FALSE,2,89 CE,3250,A500,0x14A00,0x14A20,00 00 08 90 08 90 08 90 0F 9C 08 90 08 90 0F 90 00 00 04 00 04 00 04 00 04 00 07 F0 00 00 00 00
237,받,U+BC1B,event_only,FALSE,1,89 CF,3251,A510,0x14A20,0x14A40,00 00 08 90 08 90 08 90 0F 9C 08 90 08 90 0F 90 00 00 07 F0 04 00 04 00 04 00 07 F0 00 00 00 00
238,발,U+BC1C,event_only,FALSE,1,89 D0,3252,A520,0x14A40,0x14A60,00 00 08 90 08 90 08 90 0F 9C 08 90 0F 90 00 00 00 00 07 F0 00 10 00 10 07 F0 04 00 04 00 07 F0
239,밤,U+BC24,event_only,FALSE,1,89 D1,3253,A530,0x14A60,0x14A80,00 00 08 90 08 90 08 90 0F 9C 08 90 08 90 0F 90 00 00 07 F0 04 10 04 10 04 10 07 F0 00 00 00 00
240,방,U+BC29,event_only,FALSE,1,89 D2,3254,A540,0x14A80,0x14AA0,00 00 08 90 08 90 08 90 0F 9C 08 90 08 90 0F 90 00 00 03 E0 04 10 04 10 04 10 03 E0 00 00 00 00
241,배,U+BC30,event_only,FALSE,1,89 D3,3255,A550,0x14AA0,0x14AC0,00 00 00 12 08 92 08 92 08 92 08 92 08 92 0F 9E 08 92 08 92 08 92 08 92 0F 92 00 12 00 00 00 00
242,버,U+BC84,event_only,FALSE,4,89 D4,3256,A560,0x14AC0,0x14AE0,00 00 00 10 08 90 08 90 08 90 08 90 08 90 0F F0 08 90 08 90 08 90 08 90 0F 90 00 10 00 00 00 00
243,번,U+BC88,event_only,FALSE,2,89 D5,3257,A570,0x14AE0,0x14B00,00 00 08 90 08 90 08 90 0F F0 08 90 08 90 0F 90 00 00 04 00 04 00 04 00 04 00 07 F0 00 00 00 00
244,벌,U+BC8C,editor_custom_kanji,FALSE,0,89 D6,3258,A580,0x14B00,0x14B20,00 00 08 90 08 90 08 90 0F F0 08 90 0F 90 00 00 00 00 07 F0 00 10 00 10 07 F0 04 00 04 00 07 F0
245,법,U+BC95,editor_custom_kanji,FALSE,0,89 D7,3259,A590,0x14B20,0x14B40,00 00 08 90 08 90 08 90 0F F0 08 90 08 90 0F 90 00 00 04 10 04 10 07 F0 04 10 07 F0 00 00 00 00
246,벗,U+BC97,editor_custom_kanji,FALSE,0,89 D8,325A,A5A0,0x14B40,0x14B60,00 00 08 90 08 90 08 90 0F F0 08 90 08 90 0F 90 00 00 00 40 00 A0 00 A0 01 10 02 08 00 00 00 00
247,베,U+BCA0,opening_and_event,FALSE,11,89 D9,325B,A5B0,0x14B60,0x14B80,00 00 00 12 08 92 08 92 08 92 08 92 08 92 0F F2 08 92 08 92 08 92 08 92 0F 92 00 12 00 00 00 00
248,변,U+BCC0,event_only,FALSE,1,89 DA,325C,A5C0,0x14B80,0x14BA0,00 00 08 90 08 90 08 F0 0F 90 08 F0 08 90 0F 90 00 00 04 00 04 00 04 00 04 00 07 F0 00 00 00 00
249,보,U+BCF4,event_only,FALSE,1,89 DB,325D,A5D0,0x14BA0,0x14BC0,00 00 08 20 08 20 08 20 08 20 0F E0 08 20 08 20 0F E0 00 00 01 00 01 00 01 00 1F F0 00 00 00 00
250,복,U+BCF5,opening_and_event,FALSE,2,89 DC,325E,A5E0,0x14BC0,0x14BE0,00 00 08 20 0F E0 08 20 08 20 0F E0 01 00 01 00 1F F0 00 00 0F E0 00 20 00 20 00 20 00 00 00 00
251,본,U+BCF8,event_only,FALSE,2,89 DD,325F,A5F0,0x14BE0,0x14C00,00 00 08 20 0F E0 08 20 08 20 0F E0 01 00 01 00 1F F0 00 00 08 00 08 00 08 00 08 00 08 00 0F E0
252,볼,U+BCFC,event_only,FALSE,3,89 DE,3260,E400,0x1C800,0x1C820,00 00 08 20 0F E0 08 20 08 20 0F E0 01 00 01 00 1F F0 0F E0 00 20 00 20 0F E0 08 00 08 00 0F E0
253,봉,U+BD09,event_only,FALSE,4,89 DF,3261,E410,0x1C820,0x1C840,00 00 08 20 0F E0 08 20 08 20 0F E0 01 00 01 00 1F F0 00 00 00 00 07 C0 08 20 08 20 07 C0 00 00
254,봐,U+BD10,event_only,FALSE,1,89 E0,3262,E420,0x1C840,0x1C860,00 00 00 10 08 90 08 90 08 90 0F 90 08 90 08 9C 08 90 0F 90 02 10 02 10 1F F0 00 10 00 00 00 00
255,부,U+BD80,opening_and_event,FALSE,11,89 E1,3263,E430,0x1C860,0x1C880,00 00 08 20 08 20 0F E0 08 20 0F E0 00 00 00 00 1F F0 01 00 01 00 01 00 01 00 01 00 00 00 00 00
256,분,U+BD84,opening_and_event,FALSE,4,89 E2,3264,E440,0x1C880,0x1C8A0,00 00 08 20 0F E0 08 20 08 20 0F E0 00 00 00 00 1F F0 01 00 01 00 08 00 08 00 0F E0 00 00 00 00
257,불,U+BD88,opening_only,FALSE,0,89 E3,3265,E450,0x1C8A0,0x1C8C0,00 00 08 20 0F E0 08 20 08 20 0F E0 00 00 1F F0 01 00 0F E0 00 20 00 20 0F E0 08 00 0F E0 00 00
258,붉,U+BD89,editor_custom_kanji,FALSE,0,89 E4,3266,E460,0x1C8C0,0x1C8E0,00 00 08 20 0F E0 08 20 08 20 0F E0 00 00 1F F0 01 00 0E 60 02 20 02 20 0E 20 08 20 08 20 0E 20
259,붙,U+BD99,event_only,FALSE,1,89 E5,3267,E470,0x1C8E0,0x1C900,00 00 08 20 0F E0 08 20 08 20 0F E0 00 00 1F F0 01 00 0F E0 08 00 08 00 0F E0 08 00 08 00 0F E0
260,비,U+BE44,event_only,FALSE,1,89 E6,3268,E480,0x1C900,0x1C920,00 00 00 10 08 90 08 90 08 90 08 90 08 90 0F 90 08 90 08 90 08 90 08 90 0F 90 00 10 00 00 00 00
261,빛,U+BE5B,music_mode,FALSE,0,89 E7,3269,E490,0x1C920,0x1C940,00 00 08 90 08 90 08 90 0F 90 08 90 08 90 0F 90 00 80 07 F0 01 40 01 40 02 20 04 10 00 00 00 00
262,빨,U+BE68,editor_custom_kanji,FALSE,0,89 E8,326A,E4A0,0x1C940,0x1C960,00 00 92 48 92 48 F3 C8 92 4E 92 48 F3 C8 00 00 00 00 0F F8 00 08 00 08 0F F8 08 00 08 00 0F F8
263,빼,U+BE7C,editor_custom_kanji,FALSE,0,89 E9,326B,E4B0,0x1C960,0x1C980,00 00 00 09 92 49 92 49 92 49 92 49 92 49 F3 CF 92 49 92 49 92 49 92 49 F3 C9 00 09 00 00 00 00
264,뿐,U+BFD0,event_only,FALSE,2,89 EA,326C,E4C0,0x1C980,0x1C9A0,00 00 24 90 3C F0 24 90 24 90 3C F0 00 00 00 00 7F F8 01 00 01 00 20 00 20 00 20 00 3F F0 00 00
265,사,U+C0AC,event_only,FALSE,14,89 EB,326D,E4D0,0x1C9A0,0x1C9C0,00 00 00 10 04 10 04 10 04 10 04 10 04 10 04 1C 0A 10 11 10 20 90 20 90 40 50 00 10 00 00 00 00
266,산,U+C0B0,event_only,FALSE,1,89 EC,326E,E4E0,0x1C9C0,0x1C9E0,00 00 02 10 02 10 02 10 02 1C 05 10 08 90 00 10 00 00 04 00 04 00 04 00 04 00 07 F0 00 00 00 00
267,살,U+C0B4,event_only,FALSE,4,89 ED,326F,E4F0,0x1C9E0,0x1CA00,00 00 02 10 02 10 02 10 02 1C 05 10 08 90 00 00 00 00 07 F0 00 10 00 10 07 F0 04 00 04 00 07 F0
268,삼,U+C0BC,event_only,FALSE,1,89 EE,3270,E500,0x1CA00,0x1CA20,00 00 02 10 02 10 02 10 02 1C 05 10 08 90 00 10 00 00 07 F0 04 10 04 10 04 10 07 F0 00 00 00 00
269,상,U+C0C1,opening_and_event,FALSE,2,89 EF,3271,E510,0x1CA20,0x1CA40,00 00 02 10 02 10 02 10 02 1C 05 10 08 90 00 10 00 00 03 E0 04 10 04 10 04 10 03 E0 00 00 00 00
270,새,U+C0C8,editor_custom_kanji,FALSE,0,89 F0,3272,E520,0x1CA40,0x1CA60,00 00 00 12 04 12 04 12 04 12 04 12 04 12 04 1E 0A 12 11 12 20 92 20 92 40 52 00 12 00 00 00 00
271,생,U+C0DD,opening_and_event,FALSE,2,89 F1,3273,E530,0x1CA60,0x1CA80,00 00 02 12 02 12 02 12 02 1E 05 12 08 92 08 92 00 00 03 F0 04 08 04 08 04 08 03 F0 00 00 00 00
272,서,U+C11C,opening_and_event,FALSE,4,89 F2,3274,E540,0x1CA80,0x1CAA0,00 00 00 10 04 10 04 10 04 10 04 10 04 10 04 30 0A 10 11 10 20 90 20 90 40 50 00 10 00 00 00 00
273,석,U+C11D,event_only,FALSE,1,89 F3,3275,E550,0x1CAA0,0x1CAC0,00 00 02 10 02 10 02 10 02 30 05 10 08 90 00 10 00 00 07 F0 00 10 00 10 00 10 00 10 00 00 00 00
274,선,U+C120,event_only,FALSE,1,89 F4,3276,E560,0x1CAC0,0x1CAE0,00 00 02 10 02 10 02 10 02 30 05 10 08 90 00 10 00 00 04 00 04 00 04 00 04 00 07 F0 00 00 00 00
275,설,U+C124,opening_and_event,FALSE,1,89 F5,3277,E570,0x1CAE0,0x1CB00,00 00 02 10 02 10 02 10 02 30 05 10 08 90 00 00 00 00 07 F0 00 10 00 10 07 F0 04 00 04 00 07 F0
276,섬,U+C12C,editor_custom_kanji,FALSE,0,89 F6,3278,E580,0x1CB00,0x1CB20,00 00 02 10 02 10 02 10 02 30 05 10 08 90 00 10 00 00 07 F0 04 10 04 10 04 10 07 F0 00 00 00 00
277,성,U+C131,event_only,FALSE,1,89 F7,3279,E590,0x1CB20,0x1CB40,00 00 02 10 02 10 02 10 02 30 05 10 08 90 00 10 00 00 03 E0 04 10 04 10 04 10 03 E0 00 00 00 00
278,세,U+C138,opening_and_event,FALSE,6,89 F8,327A,E5A0,0x1CB40,0x1CB60,00 00 00 12 04 12 04 12 04 12 04 12 04 12 04 32 0A 12 11 12 20 92 20 92 40 52 00 12 00 00 00 00
279,셈,U+C148,editor_custom_kanji,FALSE,0,89 F9,327B,E5B0,0x1CB60,0x1CB80,00 00 02 12 02 12 02 12 02 32 05 12 08 92 00 12 00 00 07 F8 04 08 04 08 04 08 07 F8 00 00 00 00
280,셋,U+C14B,disk_c_system,FALSE,0,89 FA,327C,E5C0,0x1CB80,0x1CBA0,00 00 02 12 02 12 02 12 02 32 05 12 08 92 00 12 00 00 00 40 00 A0 00 A0 01 10 02 08 00 00 00 00
281,션,U+C158,editor_custom_kanji,FALSE,0,89 FB,327D,E5D0,0x1CBA0,0x1CBC0,00 00 02 10 02 30 02 10 02 10 05 30 08 90 00 10 00 00 04 00 04 00 04 00 04 00 07 F0 00 00 00 00
282,셨,U+C168,event_only,FALSE,1,89 FC,327E,E5E0,0x1CBC0,0x1CBE0,00 00 02 10 02 10 02 30 02 10 05 30 08 90 00 00 00 00 04 10 04 10 04 10 0A 28 11 44 00 00 00 00
283,소,U+C18C,opening_and_event,FALSE,3,8A 40,3321,6610,0x0CC20,0x0CC40,00 00 01 00 01 00 01 00 01 00 01 00 02 80 02 80 04 40 08 20 11 10 01 00 01 00 1F F0 00 00 00 00
284,속,U+C18D,event_only,FALSE,1,8A 41,3322,6620,0x0CC40,0x0CC60,00 00 01 00 02 80 02 80 04 40 09 20 01 00 1F F0 00 00 0F E0 00 20 00 20 00 20 00 20 00 00 00 00
285,손,U+C190,event_only,FALSE,2,8A 42,3323,6630,0x0CC60,0x0CC80,00 00 01 00 02 80 02 80 04 40 09 20 01 00 1F F0 00 00 08 00 08 00 08 00 08 00 0F E0 00 00 00 00
286,솔,U+C194,editor_custom_kanji,FALSE,0,8A 43,3324,6640,0x0CC80,0x0CCA0,00 00 01 00 02 80 02 80 04 40 09 20 01 00 1F F0 00 00 0F E0 00 20 00 20 0F E0 08 00 08 00 0F E0
287,송,U+C1A1,event_only,FALSE,1,8A 44,3325,6650,0x0CCA0,0x0CCC0,00 00 01 00 02 80 02 80 04 40 09 20 01 00 1F F0 00 00 07 C0 08 20 08 20 08 20 07 C0 00 00 00 00
288,수,U+C218,event_only,FALSE,10,8A 45,3326,6660,0x0CCC0,0x0CCE0,00 00 01 00 02 80 02 80 04 40 08 20 00 00 00 00 1F F0 01 00 01 00 01 00 01 00 01 00 00 00 00 00
289,순,U+C21C,event_only,FALSE,0,8A 46,3327,6670,0x0CCE0,0x0CD00,00 00 01 00 02 80 02 80 04 40 08 20 00 00 1F F0 01 00 09 00 08 00 08 00 08 00 0F E0 00 00 00 00
290,숨,U+C228,event_only,FALSE,1,8A 47,3328,6680,0x0CD00,0x0CD20,00 00 01 00 02 80 02 80 04 40 08 20 00 00 1F F0 01 00 0F E0 08 20 08 20 08 20 0F E0 00 00 00 00
291,숫,U+C22B,prize_notification,FALSE,0,8A 48,3329,6690,0x0CD20,0x0CD40,00 00 01 00 02 80 02 80 04 40 08 20 00 00 1F F0 01 00 02 80 04 40 04 40 08 20 10 10 00 00 00 00
292,슈,U+C288,editor_custom_kanji,FALSE,0,8A 49,332A,66A0,0x0CD40,0x0CD60,00 00 01 00 02 80 02 80 04 40 08 20 00 00 00 00 1F F0 04 40 04 40 04 40 04 40 04 40 00 00 00 00
293,스,U+C2A4,event_only,FALSE,35,8A 4A,332B,66B0,0x0CD60,0x0CD80,00 00 01 00 01 00 01 00 01 00 02 80 04 40 04 40 08 20 10 10 00 00 00 00 00 00 1F F0 00 00 00 00
294,슨,U+C2A8,opening_and_event,FALSE,3,8A 4B,332C,66C0,0x0CD80,0x0CDA0,00 00 01 00 02 80 02 80 04 40 08 20 00 00 1F F0 00 00 08 00 08 00 08 00 08 00 0F F0 00 00 00 00
295,슬,U+C2AC,music_mode,FALSE,0,8A 4C,332D,66D0,0x0CDA0,0x0CDC0,00 00 01 00 02 80 02 80 04 40 08 20 00 00 1F F0 00 00 0F E0 00 20 00 20 0F E0 08 00 08 00 0F E0
296,습,U+C2B5,opening_and_event,FALSE,5,8A 4D,332E,66E0,0x0CDC0,0x0CDE0,00 00 01 00 02 80 02 80 04 40 08 20 00 00 1F F0 00 00 08 20 08 20 0F E0 08 20 0F E0 00 00 00 00
297,승,U+C2B9,event_only,FALSE,1,8A 4E,332F,66F0,0x0CDE0,0x0CE00,00 00 01 00 02 80 02 80 04 40 08 20 00 00 1F F0 00 00 07 C0 08 20 08 20 08 20 07 C0 00 00 00 00
298,시,U+C2DC,opening_and_event,FALSE,12,8A 4F,3330,6700,0x0CE00,0x0CE20,00 00 00 10 04 10 04 10 04 10 04 10 04 10 04 10 0A 10 11 10 20 90 20 90 40 50 00 10 00 00 00 00
299,신,U+C2E0,event_only,FALSE,11,8A 50,3331,6710,0x0CE20,0x0CE40,00 00 02 10 02 10 02 10 02 10 05 10 08 90 00 10 00 00 04 00 04 00 04 00 04 00 07 F0 00 00 00 00
300,실,U+C2E4,event_only,FALSE,3,8A 51,3332,6720,0x0CE40,0x0CE60,00 00 02 10 02 10 02 10 02 10 05 10 08 90 00 00 00 00 07 F0 00 10 00 10 07 F0 04 00 04 00 07 F0
301,심,U+C2EC,event_only,FALSE,0,8A 52,3333,6730,0x0CE60,0x0CE80,00 00 02 10 02 10 02 10 02 10 05 10 08 90 00 10 00 00 07 F0 04 10 04 10 04 10 07 F0 00 00 00 00
302,십,U+C2ED,event_only,FALSE,0,8A 53,3334,6740,0x0CE80,0x0CEA0,00 00 02 10 02 10 02 10 02 10 05 10 08 90 00 10 00 00 04 10 04 10 07 F0 04 10 07 F0 00 00 00 00
303,싶,U+C2F6,event_only,FALSE,1,8A 54,3335,6750,0x0CEA0,0x0CEC0,00 00 02 10 02 10 02 10 02 10 05 10 08 90 00 10 00 00 07 F0 02 20 02 20 02 20 07 F0 00 00 00 00
304,싸,U+C2F8,event_only,FALSE,3,8A 55,3336,6760,0x0CEC0,0x0CEE0,00 00 00 10 11 10 11 10 11 10 11 10 11 10 11 1C 29 10 46 90 84 50 04 50 08 30 00 10 00 00 00 00
305,쌍,U+C30D,editor_custom_kanji,FALSE,0,8A 56,3337,6770,0x0CEE0,0x0CF00,00 00 11 10 11 10 11 10 2A 9C 44 50 00 10 00 10 00 00 07 E0 08 10 08 10 08 10 07 E0 00 00 00 00
306,써,U+C368,editor_custom_kanji,FALSE,1,8A 57,3338,6780,0x0CF00,0x0CF20,00 00 00 10 11 10 11 10 11 10 11 10 11 10 11 30 29 10 46 90 84 50 04 50 08 30 00 10 00 00 00 00
307,쓰,U+C4F0,event_only,FALSE,3,8A 58,3339,6790,0x0CF20,0x0CF40,00 00 04 40 04 40 04 40 04 40 04 40 0A A0 0A A0 11 10 22 08 00 00 00 00 00 00 3F F8 00 00 00 00
308,쓸,U+C4F8,editor_custom_kanji,FALSE,0,8A 59,333A,67A0,0x0CF40,0x0CF60,00 00 08 40 14 A0 14 A0 23 10 00 00 00 00 7F F8 00 00 3F F0 00 10 00 10 3F F0 20 00 20 00 3F F0
309,아,U+C544,opening_and_event,FALSE,23,8A 5A,333B,67B0,0x0CF60,0x0CF80,00 00 00 10 00 10 0F 10 10 90 10 90 10 90 10 9C 10 90 10 90 10 90 10 90 0F 10 00 10 00 00 00 00
310,악,U+C545,event_only,FALSE,1,8A 5B,333C,67C0,0x0CF80,0x0CFA0,00 00 07 10 08 90 08 90 08 9C 08 90 07 10 00 10 00 00 07 F0 00 10 00 10 00 10 00 10 00 00 00 00
311,안,U+C548,opening_and_event,FALSE,2,8A 5C,333D,67D0,0x0CFA0,0x0CFC0,00 00 07 10 08 90 08 90 08 9C 08 90 07 10 00 10 00 00 04 00 04 00 04 00 04 00 07 F0 00 00 00 00
312,앉,U+C549,event_only,FALSE,1,8A 5D,333E,67E0,0x0CFC0,0x0CFE0,00 00 07 10 08 90 08 90 08 9C 08 90 07 10 00 00 00 00 09 F0 08 40 08 40 08 40 08 A0 09 10 0D 10
313,않,U+C54A,opening_and_event,FALSE,5,8A 5E,333F,67F0,0x0CFE0,0x0D000,00 00 07 10 08 90 08 90 08 9C 08 90 07 10 00 10 00 40 09 F0 08 00 08 E0 09 10 09 10 0C E0 00 00
314,알,U+C54C,event_only,FALSE,1,8A 5F,3340,A600,0x14C00,0x14C20,00 00 07 10 08 90 08 90 08 9C 08 90 07 10 00 10 00 00 07 F0 00 10 00 10 07 F0 04 00 04 00 07 F0
315,압,U+C555,event_only,FALSE,1,8A 60,3341,A610,0x14C20,0x14C40,00 00 07 10 08 90 08 90 08 9C 08 90 07 10 00 10 00 00 04 10 04 10 07 F0 04 10 07 F0 00 00 00 00
316,앗,U+C557,opening_only,FALSE,0,8A 61,3342,A620,0x14C40,0x14C60,00 00 07 10 08 90 08 90 08 9C 08 90 07 10 00 10 00 00 00 40 00 A0 00 A0 01 10 02 08 00 00 00 00
317,았,U+C558,event_only,FALSE,2,8A 62,3343,A630,0x14C60,0x14C80,00 00 07 10 08 90 08 90 08 9C 08 90 07 10 00 00 00 00 04 10 04 10 04 10 0A 28 11 44 00 00 00 00
318,앙,U+C559,event_only,FALSE,2,8A 63,3344,A640,0x14C80,0x14CA0,00 00 07 10 08 90 08 90 08 9C 08 90 07 10 00 00 00 00 03 E0 04 10 04 10 04 10 03 E0 00 00 00 00
319,앞,U+C55E,event_only,FALSE,1,8A 64,3345,A650,0x14CA0,0x14CC0,00 00 07 10 08 90 08 90 08 9C 08 90 07 10 00 10 00 00 07 F0 02 20 02 20 02 20 07 F0 00 00 00 00
320,애,U+C560,editor_custom_kanji,FALSE,0,8A 65,3346,A660,0x14CC0,0x14CE0,00 00 00 12 00 12 07 12 08 92 08 92 08 92 08 9E 08 92 08 92 08 92 08 92 07 12 00 12 00 00 00 00
321,야,U+C57C,opening_and_event,FALSE,9,8A 66,3347,A670,0x14CE0,0x14D00,00 00 00 10 00 10 07 10 08 90 08 9C 08 90 08 90 08 90 08 9C 08 90 08 90 07 10 00 10 00 00 00 00
322,약,U+C57D,editor_custom_kanji,FALSE,0,8A 67,3348,A680,0x14D00,0x14D20,00 00 07 10 08 90 08 9C 08 90 08 9C 07 10 00 10 00 00 07 F0 00 10 00 10 00 10 00 10 00 00 00 00
323,얌,U+C58C,editor_custom_kanji,FALSE,0,8A 68,3349,A690,0x14D20,0x14D40,00 00 07 10 08 9C 08 90 08 90 08 9C 07 10 00 10 00 00 07 F0 04 10 04 10 04 10 07 F0 00 00 00 00
324,양,U+C591,editor_custom_kanji,FALSE,0,8A 69,334A,A6A0,0x14D40,0x14D60,00 00 07 10 08 9C 08 90 08 90 08 9C 07 10 00 10 00 00 03 E0 04 10 04 10 04 10 03 E0 00 00 00 00
325,어,U+C5B4,opening_and_event,FALSE,16,8A 6A,334B,A6B0,0x14D60,0x14D80,00 00 00 10 00 10 07 10 08 90 08 90 08 90 08 F0 08 90 08 90 08 90 08 90 07 10 00 10 00 00 00 00
326,언,U+C5B8,editor_custom_kanji,FALSE,0,8A 6B,334C,A6C0,0x14D80,0x14DA0,00 00 07 10 08 90 08 90 08 F0 08 90 07 10 00 10 00 00 04 00 04 00 04 00 04 00 07 F0 00 00 00 00
327,얻,U+C5BB,editor_custom_kanji,FALSE,0,8A 6C,334D,A6D0,0x14DA0,0x14DC0,00 00 07 10 08 90 08 90 08 F0 08 90 07 10 00 10 00 00 07 F0 04 00 04 00 04 00 07 F0 00 00 00 00
328,얼,U+C5BC,event_only,FALSE,8,8A 6D,334E,A6E0,0x14DC0,0x14DE0,00 00 07 10 08 90 08 90 08 F0 08 90 07 10 00 10 00 00 07 F0 00 10 00 10 07 F0 04 00 04 00 07 F0
329,얽,U+C5BD,editor_custom_kanji,FALSE,0,8A 6E,334F,A6F0,0x14DE0,0x14E00,00 00 07 10 08 90 08 90 08 F0 08 90 07 10 00 10 00 00 0E 70 02 10 02 10 0E 10 08 10 08 10 0E 10
330,없,U+C5C6,opening_and_event,FALSE,8,8A 6F,3350,A700,0x14E00,0x14E20,00 00 07 10 08 90 08 90 08 F0 08 90 07 10 00 00 00 00 09 20 09 20 09 20 0F 20 09 50 0F 88 00 00
331,엇,U+C5C7,editor_custom_kanji,FALSE,0,8A 70,3351,A710,0x14E20,0x14E40,00 00 07 10 08 90 08 90 08 F0 08 90 07 10 00 10 00 00 00 40 00 A0 00 A0 01 10 02 08 00 00 00 00
332,었,U+C5C8,event_only,FALSE,12,8A 71,3352,A720,0x14E40,0x14E60,00 00 07 10 08 90 08 90 08 F0 08 90 07 10 00 10 00 00 04 10 0A 28 0A 28 11 44 20 82 00 00 00 00
333,에,U+C5D0,opening_and_event,FALSE,22,8A 72,3353,A730,0x14E60,0x14E80,00 00 00 12 00 12 07 12 08 92 08 92 08 92 08 F2 08 92 08 92 08 92 08 92 07 12 00 12 00 00 00 00
334,엔,U+C5D4,event_only,FALSE,1,8A 73,3354,A740,0x14E80,0x14EA0,00 00 07 12 08 92 08 92 08 F2 08 92 07 12 00 12 00 00 04 00 04 00 04 00 04 00 07 F8 00 00 00 00
335,여,U+C5EC,event_only,FALSE,3,8A 74,3355,A750,0x14EA0,0x14EC0,00 00 00 10 00 10 07 10 08 90 08 F0 08 90 08 90 08 90 08 F0 08 90 08 90 07 10 00 10 00 00 00 00
336,역,U+C5ED,editor_custom_kanji,FALSE,0,8A 75,3356,A760,0x14EC0,0x14EE0,00 00 07 10 08 90 08 B0 08 90 08 B0 07 10 00 10 00 00 07 F0 00 10 00 10 00 10 00 10 00 00 00 00
337,연,U+C5F0,event_only,FALSE,1,8A 76,3357,A770,0x14EE0,0x14F00,00 00 07 10 08 90 08 B0 08 90 08 B0 07 10 00 10 00 00 04 00 04 00 04 00 04 00 07 F0 00 00 00 00
338,열,U+C5F4,event_only,FALSE,6,8A 77,3358,A780,0x14F00,0x14F20,00 00 07 10 08 90 08 B0 08 90 08 B0 07 10 00 10 00 00 07 F0 00 10 00 10 07 F0 04 00 04 00 07 F0
339,엽,U+C5FD,prize_notification,FALSE,0,8A 78,3359,A790,0x14F20,0x14F40,00 00 07 10 08 90 08 B0 08 90 08 B0 07 10 00 10 00 00 04 10 04 10 07 F0 04 10 07 F0 00 00 00 00
340,엾,U+C5FE,editor_custom_kanji,FALSE,0,8A 79,335A,A7A0,0x14F40,0x14F60,00 00 07 10 08 90 08 B0 08 90 08 B0 07 10 00 10 00 00 09 20 09 20 09 20 0F 20 09 50 09 88 0F 00
341,였,U+C600,event_only,FALSE,2,8A 7A,335B,A7B0,0x14F60,0x14F80,00 00 07 10 08 90 08 B0 08 90 08 B0 07 10 00 10 00 00 04 10 04 10 04 10 0A 28 11 44 00 00 00 00
342,영,U+C601,editor_custom_kanji,FALSE,0,8A 7B,335C,A7C0,0x14F80,0x14FA0,00 00 07 10 08 90 08 B0 08 90 08 B0 07 10 00 10 00 00 03 E0 04 10 04 10 04 10 03 E0 00 00 00 00
343,예,U+C608,event_only,FALSE,0,8A 7C,335D,A7D0,0x14FA0,0x14FC0,00 00 00 12 00 12 07 12 08 92 08 F2 08 92 08 92 08 92 08 F2 08 92 08 92 07 12 00 12 00 00 00 00
344,오,U+C624,opening_and_event,FALSE,7,8A 7D,335E,A7E0,0x14FC0,0x14FE0,00 00 07 C0 08 20 08 20 08 20 08 20 08 20 08 20 07 C0 00 00 00 00 01 00 01 00 1F F0 00 00 00 00
345,옥,U+C625,event_only,FALSE,3,8A 7E,335F,A7F0,0x14FE0,0x15000,00 00 07 C0 08 20 08 20 07 C0 01 00 01 00 1F F0 00 00 0F E0 00 20 00 20 00 20 00 20 00 00 00 00
346,온,U+C628,event_only,FALSE,2,8A 80,3360,E600,0x1CC00,0x1CC20,00 00 07 C0 08 20 08 20 07 C0 01 00 01 00 1F F0 00 00 08 00 08 00 08 00 08 00 0F E0 00 00 00 00
347,올,U+C62C,editor_custom_kanji,FALSE,0,8A 81,3361,E610,0x1CC20,0x1CC40,00 00 07 C0 08 20 08 20 07 C0 01 00 01 00 1F F0 00 00 0F E0 00 20 00 20 0F E0 08 00 08 00 0F E0
348,옷,U+C637,opening_only,FALSE,0,8A 82,3362,E620,0x1CC40,0x1CC60,00 00 07 C0 08 20 08 20 07 C0 01 00 01 00 1F F0 00 00 01 00 02 80 02 80 04 40 08 20 00 00 00 00
349,와,U+C640,event_only,FALSE,7,8A 83,3363,E630,0x1CC60,0x1CC80,00 00 00 10 00 10 07 10 08 90 08 90 08 90 08 9C 08 90 07 10 02 10 02 10 1F F0 00 10 00 00 00 00
350,완,U+C644,editor_custom_kanji,FALSE,0,8A 84,3364,E640,0x1CC80,0x1CCA0,00 00 07 10 08 90 08 90 07 1C 02 10 02 10 1F D0 00 10 08 00 08 00 08 00 08 00 0F F0 00 00 00 00
351,왔,U+C654,event_only,FALSE,1,8A 85,3365,E650,0x1CCA0,0x1CCC0,00 00 07 10 08 90 08 90 07 1C 02 10 02 10 1F F0 00 00 04 10 04 10 04 10 0A 28 11 44 00 00 00 00
352,왕,U+C655,opening_and_event,FALSE,7,8A 86,3366,E660,0x1CCC0,0x1CCE0,00 00 07 10 08 90 08 90 07 1C 02 10 02 10 1F F0 00 10 07 E0 08 10 08 10 08 10 07 E0 00 00 00 00
353,왜,U+C65C,opening_only,FALSE,0,8A 87,3367,E670,0x1CCE0,0x1CD00,00 00 00 12 00 12 07 12 08 92 08 92 08 92 08 9E 08 92 07 12 02 12 02 12 1F F2 00 12 00 00 00 00
354,왠,U+C660,event_only,FALSE,1,8A 88,3368,E680,0x1CD00,0x1CD20,00 00 07 12 08 92 08 92 07 1E 02 12 02 12 1F F2 00 12 08 00 08 00 08 00 08 00 0F F8 00 00 00 00
355,외,U+C678,editor_custom_kanji,FALSE,0,8A 89,3369,E690,0x1CD20,0x1CD40,00 00 00 10 00 10 07 10 08 90 08 90 08 90 08 90 08 90 07 10 02 10 02 10 1F F0 00 10 00 00 00 00
356,요,U+C694,opening_and_event,FALSE,10,8A 8A,336A,E6A0,0x1CD40,0x1CD60,00 00 07 C0 08 20 08 20 08 20 08 20 08 20 08 20 07 C0 00 00 00 00 04 40 04 40 1F F0 00 00 00 00
357,욕,U+C695,editor_custom_kanji,FALSE,0,8A 8B,336B,E6B0,0x1CD60,0x1CD80,00 00 07 C0 08 20 08 20 07 C0 04 40 04 40 1F F0 00 00 0F E0 00 20 00 20 00 20 00 20 00 00 00 00
358,욤,U+C6A4,editor_custom_kanji,FALSE,0,8A 8C,336C,E6C0,0x1CD80,0x1CDA0,00 00 07 C0 08 20 08 20 07 C0 04 40 04 40 1F F0 00 00 0F E0 08 20 08 20 08 20 0F E0 00 00 00 00
359,용,U+C6A9,editor_custom_kanji,FALSE,0,8A 8D,336D,E6D0,0x1CDA0,0x1CDC0,00 00 07 C0 08 20 08 20 07 C0 04 40 04 40 1F F0 00 00 07 C0 08 20 08 20 08 20 07 C0 00 00 00 00
360,우,U+C6B0,event_only,FALSE,8,8A 8E,336E,E6E0,0x1CDC0,0x1CDE0,00 00 07 C0 08 20 08 20 08 20 07 C0 00 00 00 00 1F F0 01 00 01 00 01 00 01 00 01 00 00 00 00 00
361,운,U+C6B4,editor_custom_kanji,FALSE,0,8A 8F,336F,E6F0,0x1CDE0,0x1CE00,00 00 07 C0 08 20 08 20 07 C0 00 00 00 00 1F F0 01 00 09 00 08 00 08 00 08 00 0F F0 00 00 00 00
362,울,U+C6B8,editor_custom_kanji,FALSE,0,8A 90,3370,E700,0x1CE00,0x1CE20,00 00 07 C0 08 20 08 20 07 C0 00 00 00 00 1F F0 01 00 0F E0 00 20 00 20 0F E0 08 00 08 00 0F E0
363,움,U+C6C0,event_only,FALSE,3,8A 91,3371,E710,0x1CE20,0x1CE40,00 00 07 C0 08 20 08 20 07 C0 00 00 00 00 1F F0 01 00 0F E0 08 20 08 20 08 20 0F E0 00 00 00 00
364,웃,U+C6C3,editor_custom_kanji,FALSE,0,8A 92,3372,E720,0x1CE40,0x1CE60,00 00 07 C0 08 20 08 20 07 C0 00 00 00 00 1F F0 01 00 01 00 02 80 02 80 04 40 08 20 00 00 00 00
365,워,U+C6CC,event_only,FALSE,5,8A 93,3373,E730,0x1CE60,0x1CE80,00 00 07 10 08 90 08 90 08 90 07 10 00 10 00 10 1F F0 02 10 02 10 02 70 02 10 00 10 00 00 00 00
366,원,U+C6D0,event_only,FALSE,3,8A 94,3374,E740,0x1CE80,0x1CEA0,00 00 07 10 08 90 08 90 07 10 00 10 00 10 1F F0 02 10 02 70 08 10 08 00 08 00 0F F0 00 00 00 00
367,월,U+C6D4,prize_notification,FALSE,0,8A 95,3375,E750,0x1CEA0,0x1CEC0,00 00 07 10 08 90 08 90 07 10 1F D0 02 70 02 10 02 10 0F F0 00 10 00 10 0F F0 08 00 08 00 0F F0
368,웠,U+C6E0,editor_custom_kanji,FALSE,0,8A 96,3376,E760,0x1CEC0,0x1CEE0,00 00 07 10 08 90 08 90 07 10 1F D0 02 70 02 10 02 10 00 00 04 10 04 10 0A 28 11 44 20 82 20 82
369,위,U+C704,opening_and_event,FALSE,2,8A 97,3377,E770,0x1CEE0,0x1CF00,00 00 00 10 00 10 0F 10 10 90 0F 10 00 10 00 10 3F F0 04 10 04 10 04 10 04 10 00 10 00 00 00 00
370,윙,U+C719,music_mode,FALSE,0,8A 98,3378,E780,0x1CF00,0x1CF20,00 00 07 88 08 48 08 48 07 88 00 08 00 08 1F E8 02 08 02 08 00 00 07 E0 08 10 08 10 07 E0 00 00
371,유,U+C720,opening_and_event,FALSE,7,8A 99,3379,E790,0x1CF20,0x1CF40,00 00 07 C0 08 20 08 20 08 20 07 C0 00 00 00 00 1F F0 04 40 04 40 04 40 04 40 04 40 00 00 00 00
372,율,U+C728,event_only,FALSE,1,8A 9A,337A,E7A0,0x1CF40,0x1CF60,00 00 07 C0 08 20 08 20 07 C0 00 00 00 00 1F F0 04 40 0F E0 00 20 00 20 0F E0 08 00 08 00 0F E0
373,으,U+C73C,opening_and_event,FALSE,10,8A 9B,337B,E7B0,0x1CF60,0x1CF80,00 00 07 C0 08 20 08 20 08 20 08 20 08 20 08 20 08 20 07 C0 00 00 00 00 00 00 1F F0 00 00 00 00
374,윽,U+C73D,editor_custom_kanji,FALSE,0,8A 9C,337C,E7C0,0x1CF80,0x1CFA0,00 00 07 C0 08 20 08 20 08 20 07 C0 00 00 00 00 1F F0 00 00 0F E0 00 20 00 20 00 20 00 00 00 00
375,은,U+C740,opening_and_event,FALSE,11,8A 9D,337D,E7D0,0x1CFA0,0x1CFC0,00 00 07 C0 08 20 08 20 08 20 07 C0 00 00 00 00 1F F0 08 00 08 00 08 00 08 00 0F E0 00 00 00 00
376,을,U+C744,opening_and_event,FALSE,36,8A 9E,337E,E7E0,0x1CFC0,0x1CFE0,00 00 07 C0 08 20 08 20 07 C0 00 00 00 00 1F F0 00 00 0F E0 00 20 00 20 0F E0 08 00 08 00 0F E0
377,음,U+C74C,opening_and_event,FALSE,2,8A 9F,3421,6810,0x0D020,0x0D040,00 00 07 C0 08 20 0C 20 07 C0 00 00 00 00 1F F0 00 00 0F E0 08 20 08 20 08 20 0F E0 00 00 00 00
378,응,U+C751,editor_custom_kanji,FALSE,0,8A A0,3422,6820,0x0D040,0x0D060,00 00 07 C0 08 20 08 20 07 C0 00 00 00 00 1F F0 00 00 07 C0 08 20 08 20 08 20 07 C0 00 00 00 00
379,의,U+C758,opening_and_event,FALSE,39,8A A1,3423,6830,0x0D060,0x0D080,00 00 00 10 00 10 07 10 08 90 08 90 08 90 08 90 08 90 07 10 00 10 00 10 1F F0 00 10 00 00 00 00
380,이,U+C774,opening_and_event,FALSE,52,8A A2,3424,6840,0x0D080,0x0D0A0,00 00 00 10 00 10 07 10 08 90 08 90 08 90 08 90 08 90 08 90 08 90 08 90 07 10 00 10 00 00 00 00
381,익,U+C775,event_only,FALSE,0,8A A3,3425,6850,0x0D0A0,0x0D0C0,00 00 07 10 08 90 08 90 08 90 08 90 07 10 00 10 00 00 07 F0 00 10 00 10 00 10 00 10 00 00 00 00
382,인,U+C778,opening_and_event,FALSE,14,8A A4,3426,6860,0x0D0C0,0x0D0E0,00 00 07 10 08 90 08 90 08 90 08 90 07 10 00 10 00 00 04 00 04 00 04 00 04 00 07 F0 00 00 00 00
383,일,U+C77C,opening_and_event,FALSE,3,8A A5,3427,6870,0x0D0E0,0x0D100,00 00 07 10 08 90 08 90 08 90 08 90 07 10 00 10 00 00 07 F0 00 10 00 10 07 F0 04 00 04 00 07 F0
384,읽,U+C77D,opening_only,FALSE,0,8A A6,3428,6880,0x0D100,0x0D120,00 00 07 10 08 90 08 90 08 90 08 90 07 10 00 10 00 00 0E 70 02 10 02 10 0E 10 08 10 08 10 0E 10
385,잃,U+C783,event_only,FALSE,0,8A A7,3429,6890,0x0D120,0x0D140,00 00 07 10 08 90 08 90 08 90 08 90 07 10 00 10 00 00 0E 20 02 20 02 F8 0E 70 08 88 08 70 0E 00
386,임,U+C784,editor_custom_kanji,FALSE,0,8A A8,342A,68A0,0x0D140,0x0D160,00 00 07 10 08 90 08 90 08 90 08 90 07 10 00 10 00 00 07 F0 04 10 04 10 04 10 07 F0 00 00 00 00
387,입,U+C785,event_only,FALSE,5,8A A9,342B,68B0,0x0D160,0x0D180,00 00 07 10 08 90 08 90 08 90 08 90 07 10 00 10 00 00 04 10 04 10 07 F0 04 10 07 F0 00 00 00 00
388,잇,U+C787,event_only,FALSE,0,8A AA,342C,68C0,0x0D180,0x0D1A0,00 00 07 10 08 90 08 90 08 90 08 90 07 10 00 10 00 00 00 40 00 A0 00 A0 01 10 02 08 00 00 00 00
389,있,U+C788,event_only,FALSE,11,8A AB,342D,68D0,0x0D1A0,0x0D1C0,00 00 07 10 08 90 08 90 08 90 08 90 07 10 00 10 00 00 04 10 0A 28 0A 28 11 44 20 82 00 00 00 00
390,잊,U+C78A,editor_custom_kanji,FALSE,0,8A AC,342E,68E0,0x0D1C0,0x0D1E0,00 00 07 10 08 90 08 90 08 90 08 90 07 10 00 10 00 00 07 F0 01 40 01 40 02 20 04 10 00 00 00 00
391,자,U+C790,event_only,FALSE,10,8A AD,342F,68F0,0x0D1E0,0x0D200,00 00 00 10 00 10 3F 90 04 10 04 10 04 10 04 1C 04 10 0A 10 11 10 11 10 20 90 00 10 00 00 00 00
392,작,U+C791,event_only,FALSE,2,8A AE,3430,6900,0x0D200,0x0D220,00 00 0F 90 02 10 02 10 02 1C 05 10 08 90 00 10 00 00 07 F0 00 10 00 10 00 10 00 10 00 00 00 00
393,잔,U+C794,opening_and_event,FALSE,9,8A AF,3431,6910,0x0D220,0x0D240,00 00 0F 90 02 10 02 10 02 1C 05 10 08 90 00 10 00 00 04 00 04 00 04 00 04 00 07 F0 00 00 00 00
394,잘,U+C798,opening_only,FALSE,0,8A B0,3432,6920,0x0D240,0x0D260,00 00 0F 90 02 10 02 10 02 1C 05 10 08 90 00 00 00 00 07 F0 00 10 00 10 07 F0 04 00 04 00 07 F0
395,잠,U+C7A0,opening_and_event,FALSE,1,8A B1,3433,6930,0x0D260,0x0D280,00 00 0F 90 02 10 02 10 02 1C 05 10 08 90 00 10 00 00 07 F0 04 10 04 10 04 10 07 F0 00 00 00 00
396,잡,U+C7A1,event_only,FALSE,3,8A B2,3434,6940,0x0D280,0x0D2A0,00 00 0F 90 02 10 02 10 02 1C 05 10 08 90 00 10 00 00 04 10 04 10 07 F0 04 10 07 F0 00 00 00 00
397,장,U+C7A5,event_only,FALSE,3,8A B3,3435,6950,0x0D2A0,0x0D2C0,00 00 0F 90 02 10 02 10 02 1C 05 10 08 90 00 10 00 00 03 E0 04 10 04 10 04 10 03 E0 00 00 00 00
398,재,U+C7AC,event_only,FALSE,2,8A B4,3436,6960,0x0D2C0,0x0D2E0,00 00 00 12 00 12 3F 92 04 12 04 12 04 12 04 1E 04 12 0A 12 11 12 11 12 20 92 00 12 00 00 00 00
399,저,U+C800,opening_and_event,FALSE,6,8A B5,3437,6970,0x0D2E0,0x0D300,00 00 00 10 00 10 3F 90 04 10 04 10 04 10 04 30 04 10 0A 10 11 10 11 10 20 90 00 10 00 00 00 00
400,적,U+C801,event_only,FALSE,1,8A B6,3438,6980,0x0D300,0x0D320,00 00 0F 90 02 10 02 10 02 30 05 10 08 90 00 10 00 00 07 F0 00 10 00 10 00 10 00 10 00 00 00 00
401,전,U+C804,event_only,FALSE,15,8A B7,3439,6990,0x0D320,0x0D340,00 00 0F 90 02 10 02 10 02 30 05 10 08 90 00 10 00 10 04 00 04 00 04 00 04 00 07 F0 00 00 00 00
402,절,U+C808,event_only,FALSE,1,8A B8,343A,69A0,0x0D340,0x0D360,00 00 0F 90 02 10 02 10 02 30 05 10 08 90 00 10 00 00 07 F0 00 10 00 10 07 F0 04 00 04 00 07 F0
403,점,U+C810,event_only,FALSE,1,8A B9,343B,69B0,0x0D360,0x0D380,00 00 0F 90 02 10 02 10 02 30 05 10 08 90 00 10 00 00 07 F0 04 10 04 10 04 10 07 F0 00 00 00 00
404,정,U+C815,opening_and_event,FALSE,5,8A BA,343C,69C0,0x0D380,0x0D3A0,00 00 0F 90 02 10 02 10 02 30 05 10 08 90 00 10 00 00 03 E0 04 10 04 10 04 10 03 E0 00 00 00 00
405,제,U+C81C,event_only,FALSE,6,8A BB,343D,69D0,0x0D3A0,0x0D3C0,00 00 00 12 00 12 3F 92 04 12 04 12 04 12 04 32 04 12 0A 12 11 12 11 12 20 92 00 12 00 00 00 00
406,젠,U+C820,editor_custom_kanji,FALSE,0,8A BC,343E,69E0,0x0D3C0,0x0D3E0,00 00 0F 92 02 12 02 12 02 32 05 12 08 92 00 12 00 00 04 00 04 00 04 00 04 00 07 F8 00 00 00 00
407,져,U+C838,editor_custom_kanji,FALSE,0,8A BD,343F,69F0,0x0D3E0,0x0D400,00 00 00 10 00 10 3F 90 04 10 04 30 04 10 04 10 04 10 0A 30 11 10 11 10 20 90 00 10 00 00 00 00
408,졌,U+C84C,event_only,FALSE,2,8A BE,3440,A800,0x15000,0x15020,00 00 0F 90 02 30 02 10 02 10 05 30 08 90 00 10 00 00 04 10 04 10 04 10 0A 28 11 44 00 00 00 00
409,조,U+C870,event_only,FALSE,3,8A BF,3441,A810,0x15020,0x15040,00 00 0F E0 01 00 01 00 01 00 01 00 02 80 02 80 04 40 08 20 00 00 01 00 01 00 1F F0 00 00 00 00
410,족,U+C871,event_only,FALSE,4,8A C0,3442,A820,0x15040,0x15060,00 00 0F E0 02 80 02 80 04 40 09 20 01 00 1F F0 00 00 0F E0 00 20 00 20 00 20 00 20 00 00 00 00
411,존,U+C874,event_only,FALSE,1,8A C1,3443,A830,0x15060,0x15080,00 00 0F E0 02 80 02 80 04 40 09 20 01 00 1F F0 00 00 08 00 08 00 08 00 08 00 0F E0 00 00 00 00
412,좀,U+C880,editor_custom_kanji,FALSE,0,8A C2,3444,A840,0x15080,0x150A0,00 00 0F E0 02 80 02 80 04 40 09 20 01 00 1F F0 00 00 0F E0 08 20 08 20 08 20 0F E0 00 00 00 00
413,종,U+C885,event_only,FALSE,1,8A C3,3445,A850,0x150A0,0x150C0,00 00 0F E0 02 80 02 80 04 40 09 20 01 00 1F F0 00 00 07 C0 08 20 08 20 08 20 07 C0 00 00 00 00
414,좋,U+C88B,event_only,FALSE,1,8A C4,3446,A860,0x150C0,0x150E0,00 00 0F E0 02 80 02 80 04 40 09 20 01 00 1F F0 01 00 0F E0 04 40 04 40 04 40 03 80 00 00 00 00
415,좌,U+C88C,event_only,FALSE,2,8A C5,3447,A870,0x150E0,0x15100,00 00 00 10 00 10 3F 90 04 10 04 10 0A 10 0A 1C 11 10 20 90 00 10 04 10 7F D0 00 10 00 00 00 00
416,죄,U+C8C4,editor_custom_kanji,FALSE,0,8A C6,3448,A880,0x15100,0x15120,00 00 00 10 00 10 3F 90 04 10 04 10 0A 10 0A 10 11 10 20 90 00 10 04 10 7F D0 00 10 00 00 00 00
417,죠,U+C8E0,event_only,FALSE,0,8A C7,3449,A890,0x15120,0x15140,00 00 0F E0 01 00 01 00 01 00 01 00 02 80 02 80 04 40 08 20 00 00 04 40 04 40 1F F0 00 00 00 00
418,주,U+C8FC,opening_and_event,FALSE,3,8A C8,344A,A8A0,0x15140,0x15160,00 00 0F E0 02 80 02 80 04 40 08 20 00 00 00 00 1F F0 01 00 01 00 01 00 01 00 01 00 00 00 00 00
419,죽,U+C8FD,event_only,FALSE,7,8A C9,344B,A8B0,0x15160,0x15180,00 00 0F E0 02 80 02 80 04 40 08 20 00 00 1F F0 01 00 0F E0 00 20 00 20 00 20 00 20 00 00 00 00
420,준,U+C900,event_only,FALSE,1,8A CA,344C,A8C0,0x15180,0x151A0,00 00 0F E0 02 80 02 80 04 40 08 20 00 00 1F F0 01 00 01 00 08 00 08 00 08 00 0F E0 00 00 00 00
421,줄,U+C904,event_only,FALSE,1,8A CB,344D,A8D0,0x151A0,0x151C0,00 00 0F E0 02 80 02 80 04 40 08 20 00 00 1F F0 01 00 0F E0 00 20 00 20 0F E0 08 00 08 00 0F E0
422,중,U+C911,opening_and_event,FALSE,2,8A CC,344E,A8E0,0x151C0,0x151E0,00 00 0F E0 02 80 02 80 04 40 08 20 00 00 1F F0 01 00 07 C0 08 20 08 20 08 20 07 C0 00 00 00 00
423,줘,U+C918,editor_custom_kanji,FALSE,0,8A CD,344F,A8F0,0x151E0,0x15200,00 00 00 10 00 10 3F 90 0A 10 11 10 20 90 00 10 7F D0 04 10 04 70 04 10 04 10 00 10 00 00 00 00
424,줬,U+C92C,editor_custom_kanji,FALSE,0,8A CE,3450,A900,0x15200,0x15220,00 00 1F 10 0A 10 0A 10 11 10 3F 90 04 70 04 10 04 10 08 20 14 50 14 50 22 88 41 04 00 00 00 00
425,즈,U+C988,editor_custom_kanji,FALSE,0,8A CF,3451,A910,0x15220,0x15240,00 00 0F E0 01 00 01 00 01 00 01 00 02 80 02 80 04 40 08 20 00 00 00 00 00 00 1F F0 00 00 00 00
426,즉,U+C989,event_only,FALSE,1,8A D0,3452,A920,0x15240,0x15260,00 00 0F E0 02 80 02 80 04 40 08 20 00 00 1F F0 00 00 0F E0 00 20 00 20 00 20 00 20 00 00 00 00
427,즐,U+C990,event_only,FALSE,1,8A D1,3453,A930,0x15260,0x15280,00 00 0F E0 02 80 02 80 04 40 08 20 00 00 1F F0 00 00 0F E0 00 20 00 20 0F E0 08 00 08 00 0F E0
428,즘,U+C998,event_only,FALSE,1,8A D2,3454,A940,0x15280,0x152A0,00 00 0F E0 02 80 02 80 04 40 08 20 00 00 1F F0 00 00 0F E0 08 20 08 20 08 20 0F E0 00 00 00 00
429,증,U+C99D,event_only,FALSE,1,8A D3,3455,A950,0x152A0,0x152C0,00 00 0F E0 02 80 02 80 04 40 08 20 00 00 1F F0 00 00 07 C0 08 20 08 20 08 20 07 C0 00 00 00 00
430,지,U+C9C0,opening_and_event,FALSE,38,8A D4,3456,A960,0x152C0,0x152E0,00 00 00 10 00 10 3F 90 04 10 04 10 04 10 04 10 04 10 0A 10 11 10 11 10 20 90 00 10 00 00 00 00
431,직,U+C9C1,event_only,FALSE,0,8A D5,3457,A970,0x152E0,0x15300,00 00 0F 90 02 10 02 10 02 10 05 10 08 90 00 10 00 00 07 F0 00 10 00 10 00 10 00 10 00 00 00 00
432,진,U+C9C4,event_only,FALSE,1,8A D6,3458,A980,0x15300,0x15320,00 00 0F 90 02 10 02 10 02 10 05 10 08 90 00 10 00 00 04 00 04 00 04 00 04 00 07 F0 00 00 00 00
433,질,U+C9C8,event_only,FALSE,0,8A D7,3459,A990,0x15320,0x15340,00 00 0F 90 02 10 02 10 02 10 05 10 08 90 00 10 00 00 07 F0 00 10 00 10 07 F0 04 00 04 00 07 F0
434,짐,U+C9D0,editor_custom_kanji,FALSE,0,8A D8,345A,A9A0,0x15340,0x15360,00 00 0F 90 02 10 02 10 02 10 05 10 08 90 00 10 00 00 07 F0 04 10 04 10 04 10 07 F0 00 00 00 00
435,집,U+C9D1,event_only,FALSE,2,8A D9,345B,A9B0,0x15360,0x15380,00 00 0F 90 02 10 02 10 02 10 05 10 08 90 00 00 00 00 04 10 04 10 07 F0 04 10 07 F0 00 00 00 00
436,짓,U+C9D3,editor_custom_kanji,FALSE,0,8A DA,345C,A9C0,0x15380,0x153A0,00 00 0F 90 02 10 02 10 02 10 05 10 08 90 00 10 00 00 00 40 00 A0 00 A0 01 10 02 08 00 00 00 00
437,쩡,U+CA61,editor_custom_kanji,FALSE,0,8A DB,345D,A9D0,0x153A0,0x153C0,00 00 3F C8 09 08 09 08 15 18 22 88 44 48 00 08 00 00 07 F0 08 08 08 08 08 08 07 F0 00 00 00 00
438,쪽,U+CABD,editor_custom_kanji,FALSE,0,8A DC,345E,A9E0,0x153C0,0x153E0,00 00 1F F0 04 40 04 40 0A A0 11 10 00 00 01 00 3F F8 00 00 1F F0 00 10 00 10 00 10 00 00 00 00
439,찌,U+CC0C,event_only,FALSE,0,8A DD,345F,A9F0,0x153E0,0x15400,00 00 00 10 00 10 7F 90 12 10 12 10 12 10 12 10 12 10 12 10 2D 10 25 10 48 90 00 10 00 00 00 00
440,찢,U+CC22,event_only,FALSE,1,8A DE,3460,E800,0x1D000,0x1D020,00 10 7F D0 11 10 11 10 2A 90 44 50 00 10 00 00 07 F0 00 80 01 40 01 40 02 20 04 10 00 00 00 00
441,차,U+CC28,event_only,FALSE,3,8A DF,3461,E810,0x1D020,0x1D040,00 00 00 10 04 10 04 10 3F 90 04 10 04 10 04 1C 04 10 0A 10 11 10 11 10 20 90 00 10 00 00 00 00
442,착,U+CC29,event_only,FALSE,2,8A E0,3462,E820,0x1D040,0x1D060,00 00 02 10 0F 90 02 10 02 1C 05 10 08 90 00 00 00 00 07 F0 00 10 00 10 00 10 00 10 00 00 00 00
443,찬,U+CC2C,editor_custom_kanji,FALSE,0,8A E1,3463,E830,0x1D060,0x1D080,00 00 02 10 0F 90 02 10 02 1C 05 10 08 90 00 00 00 00 04 00 04 00 04 00 04 00 07 F0 00 00 00 00
444,찮,U+CC2E,editor_custom_kanji,FALSE,0,8A E2,3464,E840,0x1D080,0x1D0A0,00 00 02 10 0F 90 02 10 02 1C 05 10 08 90 00 00 00 00 08 40 09 F0 08 00 08 E0 09 10 08 E0 0C E0
445,참,U+CC38,editor_custom_kanji,FALSE,0,8A E3,3465,E850,0x1D0A0,0x1D0C0,00 00 02 10 0F 90 02 10 02 1C 05 10 08 90 00 00 00 00 07 F0 04 10 04 10 04 10 07 F0 00 00 00 00
446,찾,U+CC3E,editor_custom_kanji,FALSE,0,8A E4,3466,E860,0x1D0C0,0x1D0E0,00 00 02 10 0F 90 02 10 02 1C 05 10 08 90 00 10 00 00 03 F0 00 C0 00 C0 01 20 02 10 00 00 00 00
447,채,U+CC44,editor_custom_kanji,FALSE,0,8A E5,3467,E870,0x1D0E0,0x1D100,00 00 00 12 04 12 04 12 3F 92 04 12 04 1E 04 12 04 12 0A 12 11 12 11 12 20 92 00 12 00 00 00 00
448,책,U+CC45,event_only,FALSE,1,8A E6,3468,E880,0x1D100,0x1D120,00 00 02 12 0F 92 02 12 02 1E 05 12 08 92 00 12 00 00 07 F8 00 08 00 08 00 08 00 08 00 00 00 00
449,처,U+CC98,opening_and_event,FALSE,1,8A E7,3469,E890,0x1D120,0x1D140,00 00 00 10 04 10 04 10 3F 90 04 10 04 10 04 30 04 10 0A 10 11 10 11 10 20 90 00 10 00 00 00 00
450,척,U+CC99,editor_custom_kanji,FALSE,0,8A E8,346A,E8A0,0x1D140,0x1D160,00 00 02 10 0F 90 02 10 02 30 05 10 08 90 00 10 00 00 07 F0 00 10 00 10 00 10 00 10 00 00 00 00
451,천,U+CC9C,editor_custom_kanji,FALSE,0,8A E9,346B,E8B0,0x1D160,0x1D180,00 00 02 10 0F 90 02 10 02 30 05 10 08 90 00 10 00 00 04 00 04 00 04 00 04 00 07 F0 00 00 00 00
452,첨,U+CCA8,prize_notification,FALSE,0,8A EA,346C,E8C0,0x1D180,0x1D1A0,00 00 02 10 0F 90 02 10 02 30 05 10 08 90 00 10 00 00 07 F0 04 10 04 10 04 10 07 F0 00 00 00 00
453,체,U+CCB4,opening_and_event,FALSE,2,8A EB,346D,E8D0,0x1D1A0,0x1D1C0,00 00 00 12 04 12 04 12 3F 92 04 12 04 12 04 32 04 12 0A 12 11 12 11 12 20 92 00 12 00 00 00 00
454,쳐,U+CCD0,event_only,FALSE,2,8A EC,346E,E8E0,0x1D1C0,0x1D1E0,00 00 00 10 04 10 04 10 3F 90 04 30 04 10 04 10 04 10 0A 30 11 10 11 10 20 90 00 10 00 00 00 00
455,최,U+CD5C,editor_custom_kanji,FALSE,0,8A ED,346F,E8F0,0x1D1E0,0x1D200,00 00 00 10 04 10 04 10 3F 90 04 10 0A 10 0A 10 11 10 20 90 04 10 04 10 7F D0 00 10 00 00 00 00
456,추,U+CD94,event_only,FALSE,1,8A EE,3470,E900,0x1D200,0x1D220,00 00 01 00 0F E0 01 00 02 80 04 40 08 20 00 00 1F F0 01 00 01 00 01 00 01 00 01 00 00 00 00 00
457,축,U+CD95,prize_notification,FALSE,0,8A EF,3471,E910,0x1D220,0x1D240,00 00 01 00 0F E0 01 00 02 80 04 40 08 20 1F F0 01 00 0F E0 00 20 00 20 00 20 00 20 00 00 00 00
458,출,U+CD9C,event_only,FALSE,1,8A F0,3472,E920,0x1D240,0x1D260,00 00 01 00 0F E0 01 00 02 80 04 40 08 20 1F F0 01 00 0F E0 00 20 00 20 0F E0 08 00 08 00 0F E0
459,춰,U+CDB0,editor_custom_kanji,FALSE,0,8A F1,3473,E930,0x1D260,0x1D280,00 00 04 10 04 10 1F 10 04 10 0A 10 11 10 00 10 3F 90 04 10 04 70 04 10 04 10 04 10 00 00 00 00
460,츠,U+CE20,editor_custom_kanji,FALSE,0,8A F2,3474,E940,0x1D280,0x1D2A0,00 00 01 00 01 00 0F E0 01 00 01 00 02 80 02 80 04 40 08 20 00 00 00 00 00 00 1F F0 00 00 00 00
461,측,U+CE21,event_only,FALSE,0,8A F3,3475,E950,0x1D2A0,0x1D2C0,00 00 01 00 0F E0 01 00 02 80 04 40 00 00 1F F0 00 00 0F E0 00 20 00 20 00 20 00 20 00 00 00 00
462,치,U+CE58,event_only,FALSE,1,8A F4,3476,E960,0x1D2C0,0x1D2E0,00 00 00 10 04 10 04 10 3F 90 04 10 04 10 04 10 04 10 0A 10 11 10 11 10 20 90 00 10 00 00 00 00
463,친,U+CE5C,event_only,FALSE,4,8A F5,3477,E970,0x1D2E0,0x1D300,00 00 02 10 0F 90 02 10 02 10 05 10 08 90 00 10 00 00 04 00 04 00 04 00 04 00 07 F0 00 00 00 00
464,침,U+CE68,opening_and_event,FALSE,2,8A F6,3478,E980,0x1D300,0x1D320,00 00 02 10 0F 90 02 10 02 10 05 10 08 90 00 10 00 00 07 F0 04 10 04 10 04 10 07 F0 00 00 00 00
465,카,U+CE74,editor_custom_kanji,FALSE,0,8A F7,3479,E990,0x1D320,0x1D340,00 00 00 10 0F 90 00 90 00 90 00 90 0F 90 00 9C 00 90 01 10 02 10 02 10 0C 10 00 10 00 00 00 00
466,칸,U+CE78,opening_and_event,FALSE,11,8A F8,347A,E9A0,0x1D340,0x1D360,00 00 0F 90 00 90 00 90 0F 9C 00 90 01 10 0E 10 00 00 04 00 04 00 04 00 04 00 07 F0 00 00 00 00
467,칼,U+CE7C,event_only,FALSE,1,8A F9,347B,E9B0,0x1D360,0x1D380,00 00 0F 90 00 90 00 90 0F 9C 00 90 0F 10 00 00 00 00 07 F0 00 10 00 10 07 F0 04 00 04 00 07 F0
468,캐,U+CE90,editor_custom_kanji,FALSE,0,8A FA,347C,E9C0,0x1D380,0x1D3A0,00 00 00 12 0F 92 00 92 00 92 00 92 00 92 0F 9E 00 92 01 12 02 12 02 12 0C 12 00 12 00 00 00 00
469,켜,U+CF1C,event_only,FALSE,3,8A FB,347D,E9D0,0x1D3A0,0x1D3C0,00 00 00 10 0F 90 00 90 00 90 00 B0 00 90 0F 90 00 90 01 30 02 10 02 10 0C 10 00 10 00 00 00 00
470,코,U+CF54,opening_and_event,FALSE,7,8A FC,347E,E9E0,0x1D3C0,0x1D3E0,00 00 0F E0 00 20 00 20 00 20 00 20 0F E0 00 20 00 20 01 20 01 20 01 00 01 00 1F F0 00 00 00 00
471,콘,U+CF58,editor_custom_kanji,FALSE,0,8B 40,3521,6A10,0x0D420,0x0D440,00 00 0F E0 00 20 00 20 0F E0 00 20 01 00 01 00 1F F0 00 00 08 00 08 00 08 00 0F E0 00 00 00 00
472,쿠,U+CFE0,opening_only,FALSE,0,8B 41,3522,6A20,0x0D440,0x0D460,00 00 0F E0 00 20 00 20 0F E0 00 20 00 20 00 20 1F F0 01 00 01 00 01 00 01 00 01 00 00 00 00 00
473,크,U+D06C,event_only,FALSE,4,8B 42,3523,6A30,0x0D460,0x0D480,00 00 0F E0 00 20 00 20 00 20 00 20 00 20 0F E0 00 20 00 20 00 20 00 20 00 20 1F F0 00 00 00 00
474,큰,U+D070,event_only,FALSE,1,8B 43,3524,6A40,0x0D480,0x0D4A0,00 00 0F E0 00 20 00 20 0F E0 00 20 00 20 1F F0 00 00 08 00 08 00 08 00 08 00 0F E0 00 00 00 00
475,클,U+D074,prize_notification,FALSE,0,8B 44,3525,6A50,0x0D4A0,0x0D4C0,00 00 0F E0 00 20 00 20 0F E0 00 20 00 20 1F F0 00 00 0F E0 00 20 00 20 0F E0 08 00 08 00 0F E0
476,큼,U+D07C,editor_custom_kanji,FALSE,0,8B 45,3526,6A60,0x0D4C0,0x0D4E0,00 00 0F E0 00 20 00 20 0F E0 00 20 00 20 1F F0 00 00 0F E0 08 20 08 20 08 20 0F E0 00 00 00 00
477,키,U+D0A4,event_only,FALSE,2,8B 46,3527,6A70,0x0D4E0,0x0D500,00 00 00 10 0F 90 00 90 00 90 00 90 00 90 0F 90 00 90 01 10 02 10 02 10 0C 10 00 10 00 00 00 00
478,킵,U+D0B5,disk_c_system,FALSE,0,8B 47,3528,6A80,0x0D500,0x0D520,00 00 0F 90 00 90 00 90 0F 90 01 10 0E 10 00 10 00 00 04 10 04 10 07 F0 04 10 07 F0 00 00 00 00
479,타,U+D0C0,opening_and_event,FALSE,5,8B 48,3529,6A90,0x0D520,0x0D540,00 00 00 10 0F 10 08 10 08 10 08 10 08 10 0F 1C 08 10 08 10 08 10 08 10 0F 10 00 10 00 00 00 00
480,탁,U+D0C1,opening_only,FALSE,0,8B 49,352A,6AA0,0x0D540,0x0D560,00 00 0F 10 08 10 08 10 0F 1C 08 10 08 10 0F 10 00 00 07 F0 00 10 00 10 00 10 00 10 00 00 00 00
481,탄,U+D0C4,event_only,FALSE,1,8B 4A,352B,6AB0,0x0D560,0x0D580,00 00 0F 10 08 10 08 10 0F 1C 08 10 08 10 0F 10 00 00 04 00 04 00 04 00 04 00 07 F0 00 00 00 00
482,탈,U+D0C8,event_only,FALSE,1,8B 4B,352C,6AC0,0x0D580,0x0D5A0,00 00 0F 10 08 10 08 10 0F 1C 08 10 08 10 0F 10 00 00 07 F0 00 10 00 10 07 F0 04 00 04 00 07 F0
483,탓,U+D0D3,event_only,FALSE,3,8B 4C,352D,6AD0,0x0D5A0,0x0D5C0,00 00 0F 10 08 10 08 10 0F 1C 08 10 08 10 0F 10 00 00 00 40 00 A0 00 A0 01 10 02 08 00 00 00 00
484,태,U+D0DC,event_only,FALSE,3,8B 4D,352E,6AE0,0x0D5C0,0x0D5E0,00 00 00 12 0F 12 08 12 08 12 08 12 08 12 0F 1E 08 12 08 12 08 12 08 12 0F 12 00 12 00 00 00 00
485,택,U+D0DD,event_only,FALSE,1,8B 4E,352F,6AF0,0x0D5E0,0x0D600,00 00 0F 12 08 12 08 12 0F 1E 08 12 08 12 0F 12 00 00 07 F8 00 08 00 08 00 08 00 08 00 00 00 00
486,터,U+D130,opening_and_event,FALSE,2,8B 4F,3530,6B00,0x0D600,0x0D620,00 00 00 10 0F 10 08 10 08 10 08 10 08 10 0F 30 08 10 08 10 08 10 08 10 0F 10 00 10 00 00 00 00
487,털,U+D138,opening_only,FALSE,0,8B 50,3531,6B10,0x0D620,0x0D640,00 00 0F 10 08 10 08 10 0F 30 08 10 08 10 0F 10 00 00 07 F0 00 10 00 10 07 F0 04 00 04 00 07 F0
488,테,U+D14C,event_only,FALSE,0,8B 51,3532,6B20,0x0D640,0x0D660,00 00 00 12 0F 12 08 12 08 12 08 12 08 12 0F 32 08 12 08 12 08 12 08 12 0F 12 00 12 00 00 00 00
489,텐,U+D150,event_only,FALSE,1,8B 52,3533,6B30,0x0D660,0x0D680,00 00 0F 12 08 12 08 12 0F 32 08 12 08 12 0F 12 00 00 04 00 04 00 04 00 04 00 07 F8 00 00 00 00
490,텔,U+D154,editor_custom_kanji,FALSE,0,8B 53,3534,6B40,0x0D680,0x0D6A0,00 00 0F 12 08 12 08 12 0F 32 08 12 08 12 0F 12 00 00 07 F8 00 08 00 08 07 F8 04 00 04 00 07 F8
491,템,U+D15C,event_only,FALSE,0,8B 54,3535,6B50,0x0D6A0,0x0D6C0,00 00 0F 12 08 12 08 12 0F 32 08 12 08 12 0F 12 00 00 07 F8 04 08 04 08 04 08 07 F8 00 00 00 00
492,텨,U+D168,editor_custom_kanji,FALSE,0,8B 55,3536,6B60,0x0D6C0,0x0D6E0,00 00 00 10 0F 10 08 10 08 10 08 30 08 10 0F 10 08 10 08 30 08 10 08 10 0F 10 00 10 00 00 00 00
493,토,U+D1A0,editor_custom_kanji,FALSE,0,8B 56,3537,6B70,0x0D6E0,0x0D700,00 00 0F E0 08 00 08 00 0F E0 08 00 08 00 08 00 0F E0 00 00 01 00 01 00 01 00 1F F0 00 00 00 00
494,통,U+D1B5,event_only,FALSE,3,8B 57,3538,6B80,0x0D700,0x0D720,00 00 0F E0 08 00 08 00 0F E0 08 00 0F E0 01 00 01 00 1F F0 00 00 07 C0 08 20 08 20 07 C0 00 00
495,투,U+D22C,event_only,FALSE,1,8B 58,3539,6B90,0x0D720,0x0D740,00 00 0F E0 08 00 08 00 0F E0 08 00 0F E0 00 00 00 00 1F F0 01 00 01 00 01 00 01 00 00 00 00 00
496,트,U+D2B8,editor_custom_kanji,FALSE,0,8B 59,353A,6BA0,0x0D740,0x0D760,00 00 0F E0 08 00 08 00 08 00 0F E0 08 00 08 00 08 00 0F E0 00 00 00 00 00 00 1F F0 00 00 00 00
497,틀,U+D2C0,opening_only,FALSE,0,8B 5A,353B,6BB0,0x0D760,0x0D780,00 00 0F E0 08 00 08 00 0F E0 08 00 0F E0 00 00 1F F0 0F E0 00 20 00 20 0F E0 08 00 08 00 0F E0
498,티,U+D2F0,opening_and_event,FALSE,19,8B 5B,353C,6BC0,0x0D780,0x0D7A0,00 00 00 10 0F 10 08 10 08 10 08 10 08 10 0F 10 08 10 08 10 08 10 08 10 0F 10 00 10 00 00 00 00
499,팅,U+D305,disk_c_system,FALSE,0,8B 5C,353D,6BD0,0x0D7A0,0x0D7C0,00 00 0F 10 08 10 08 10 0F 10 08 10 08 10 0F 10 00 00 03 E0 04 10 04 10 04 10 03 E0 00 00 00 00
500,파,U+D30C,event_only,FALSE,1,8B 5D,353E,6BE0,0x0D7C0,0x0D7E0,00 00 00 10 00 10 1F 90 09 10 09 10 09 10 09 1C 09 10 09 10 09 10 09 10 1F 90 00 10 00 00 00 00
501,판,U+D310,event_only,FALSE,1,8B 5E,353F,6BF0,0x0D7E0,0x0D800,00 00 1F 90 09 10 09 10 09 1C 09 10 09 10 1F 90 00 00 04 00 04 00 04 00 04 00 07 F0 00 00 00 00
502,패,U+D328,event_only,FALSE,1,8B 5F,3540,AA00,0x15400,0x15420,00 00 00 12 00 12 1F 92 09 12 09 12 09 12 09 1E 09 12 09 12 09 12 09 12 1F 92 00 12 00 00 00 00
503,퍼,U+D37C,editor_custom_kanji,FALSE,0,8B 60,3541,AA10,0x15420,0x15440,00 00 00 10 00 10 1F 90 09 10 09 10 09 30 09 10 09 10 09 10 09 10 09 10 1F 90 00 10 00 00 00 00
504,펄,U+D384,music_mode,FALSE,0,8B 61,3542,AA20,0x15440,0x15460,00 00 1F 90 09 10 09 10 09 30 09 10 09 10 1F 90 00 00 07 F0 00 10 00 10 07 F0 04 00 04 00 07 F0
505,페,U+D398,editor_custom_kanji,FALSE,0,8B 62,3543,AA30,0x15460,0x15480,00 00 00 12 00 12 1F 92 09 12 09 12 09 12 09 32 09 12 09 12 09 12 09 12 1F 92 00 12 00 00 00 00
506,편,U+D3B8,event_only,FALSE,1,8B 63,3544,AA40,0x15480,0x154A0,00 00 1F 90 09 10 09 30 09 10 09 30 09 10 1F 90 00 00 04 00 04 00 04 00 04 00 07 F0 00 00 00 00
507,평,U+D3C9,editor_custom_kanji,FALSE,0,8B 64,3545,AA50,0x154A0,0x154C0,00 00 1F 90 09 10 09 30 09 10 09 30 09 10 1F 90 00 00 03 E0 04 10 04 10 04 10 03 E0 00 00 00 00
508,포,U+D3EC,event_only,FALSE,5,8B 65,3546,AA60,0x154C0,0x154E0,00 00 0F E0 04 40 04 40 04 40 04 40 04 40 04 40 0F E0 00 00 01 00 01 00 01 00 1F F0 00 00 00 00
509,폭,U+D3ED,editor_custom_kanji,FALSE,0,8B 66,3547,AA70,0x154E0,0x15500,00 00 0F E0 04 40 04 40 0F E0 01 00 01 00 1F F0 00 00 0F E0 00 20 00 20 00 20 00 20 00 00 00 00
510,표,U+D45C,event_only,FALSE,2,8B 67,3548,AA80,0x15500,0x15520,00 00 0F E0 04 40 04 40 04 40 04 40 04 40 04 40 0F E0 00 00 04 40 04 40 04 40 1F F0 00 00 00 00
511,푼,U+D47C,event_only,FALSE,1,8B 68,3549,AA90,0x15520,0x15540,00 00 0F E0 04 40 04 40 0F E0 00 00 00 00 1F F0 01 00 09 00 08 00 08 00 08 00 0F E0 00 00 00 00
512,풀,U+D480,event_only,FALSE,3,8B 69,354A,AAA0,0x15540,0x15560,00 00 0F E0 04 40 04 40 0F E0 00 00 00 00 1F F0 01 00 0F E0 00 20 00 20 0F E0 08 00 08 00 0F E0
513,품,U+D488,prize_notification,FALSE,0,8B 6A,354B,AAB0,0x15560,0x15580,00 00 0F E0 04 40 04 40 0F E0 00 00 00 00 1F F0 01 00 0F E0 08 20 08 20 08 20 0F E0 00 00 00 00
514,프,U+D504,editor_custom_kanji,FALSE,0,8B 6B,354C,AAC0,0x15580,0x155A0,00 00 0F E0 04 40 04 40 04 40 04 40 04 40 04 40 04 40 04 40 0F E0 00 00 00 00 1F F0 00 00 00 00
515,픈,U+D508,editor_custom_kanji,FALSE,0,8B 6C,354D,AAD0,0x155A0,0x155C0,00 00 0F E0 04 40 04 40 0F E0 00 00 00 00 1F F0 00 00 08 00 08 00 08 00 08 00 0F E0 00 00 00 00
516,플,U+D50C,prize_notification,FALSE,0,8B 6D,354E,AAE0,0x155C0,0x155E0,00 00 0F E0 04 40 04 40 0F E0 00 00 00 00 1F F0 00 00 0F E0 00 20 00 20 0F E0 08 00 08 00 0F E0
517,픔,U+D514,music_mode,FALSE,0,8B 6E,354F,AAF0,0x155E0,0x15600,00 00 0F E0 04 40 04 40 0F E0 00 00 00 00 1F F0 00 00 0F E0 08 20 08 20 08 20 0F E0 00 00 00 00
518,피,U+D53C,event_only,FALSE,3,8B 6F,3550,AB00,0x15600,0x15620,00 00 00 10 00 10 1F 90 09 10 09 10 09 10 09 10 09 10 09 10 09 10 09 10 1F 90 00 10 00 00 00 00
519,픽,U+D53D,editor_custom_kanji,FALSE,0,8B 70,3551,AB10,0x15620,0x15640,00 00 1F 90 09 10 09 10 09 10 09 10 1F 90 00 10 00 00 07 F0 00 10 00 10 00 10 00 10 00 00 00 00
520,필,U+D544,opening_only,FALSE,1,8B 71,3552,AB20,0x15640,0x15660,00 00 1F 90 09 10 09 10 09 10 09 10 09 10 1F 90 00 00 07 F0 00 10 00 10 07 F0 04 00 04 00 07 F0
521,하,U+D558,opening_and_event,FALSE,18,8B 72,3553,AB30,0x15660,0x15680,00 00 00 10 06 10 06 10 1F 90 00 10 00 10 06 1C 09 10 09 10 09 10 09 10 06 10 00 10 00 00 00 00
522,학,U+D559,event_only,FALSE,1,8B 73,3554,AB40,0x15680,0x156A0,00 00 06 10 1F 90 06 10 09 1C 09 10 06 10 00 10 00 00 07 F0 00 10 00 10 00 10 00 10 00 00 00 00
523,한,U+D55C,opening_and_event,FALSE,11,8B 74,3555,AB50,0x156A0,0x156C0,00 00 06 10 1F 90 0F 10 09 1C 09 10 06 10 00 10 00 10 04 00 04 00 04 00 04 00 07 F0 00 00 00 00
524,할,U+D560,event_only,FALSE,7,8B 75,3556,AB60,0x156C0,0x156E0,00 00 06 10 1F 90 0F 10 09 1C 09 10 06 10 00 10 00 00 07 F0 00 10 00 10 07 F0 04 00 04 00 07 F0
525,함,U+D568,event_only,FALSE,2,8B 76,3557,AB70,0x156E0,0x15700,00 00 06 10 1F 90 0F 10 09 1C 09 10 06 10 00 10 00 00 07 F0 04 10 04 10 04 10 07 F0 00 00 00 00
526,합,U+D569,event_only,FALSE,0,8B 77,3558,AB80,0x15700,0x15720,00 00 06 10 1F 90 0F 10 09 1C 09 10 06 10 00 10 00 00 04 10 04 10 07 F0 04 10 07 F0 00 00 00 00
527,항,U+D56D,event_only,FALSE,1,8B 78,3559,AB90,0x15720,0x15740,00 00 06 10 1F 90 0F 10 09 1C 09 10 06 10 00 10 00 00 03 E0 04 10 04 10 04 10 03 E0 00 00 00 00
528,해,U+D574,opening_and_event,FALSE,17,8B 79,355A,ABA0,0x15740,0x15760,00 00 00 12 00 12 06 12 1F 92 00 12 00 12 06 1E 09 12 09 12 09 12 09 12 06 12 00 12 00 00 00 00
529,했,U+D588,event_only,FALSE,9,8B 7A,355B,ABB0,0x15760,0x15780,00 00 06 12 1F 92 0F 12 09 1E 09 12 06 12 00 12 00 00 04 10 0A 28 0A 28 11 44 20 82 00 00 00 00
530,행,U+D589,event_only,FALSE,0,8B 7B,355C,ABC0,0x15780,0x157A0,00 00 06 12 1F 92 0F 12 09 1E 09 12 06 12 00 12 00 00 03 F0 04 08 04 08 04 08 03 F0 00 00 00 00
531,허,U+D5C8,editor_custom_kanji,FALSE,0,8B 7C,355D,ABD0,0x157A0,0x157C0,00 00 00 10 06 10 06 10 1F 90 00 10 00 10 06 10 09 30 09 10 09 10 09 10 06 10 00 10 00 00 00 00
532,험,U+D5D8,opening_only,FALSE,0,8B 7D,355E,ABE0,0x157C0,0x157E0,00 00 06 10 1F 90 06 10 09 30 09 10 06 10 00 00 00 00 07 F0 04 10 04 10 04 10 07 F0 00 00 00 00
533,헛,U+D5DB,editor_custom_kanji,FALSE,0,8B 7E,355F,ABF0,0x157E0,0x15800,00 10 06 10 1F 90 06 10 09 30 09 10 06 10 00 10 00 10 00 80 01 40 01 40 02 20 04 10 00 00 00 00
534,헤,U+D5E4,editor_custom_kanji,FALSE,0,8B 80,3560,EA00,0x1D400,0x1D420,00 00 00 12 06 12 06 12 1F 92 00 12 00 12 06 12 09 32 09 12 09 12 09 12 06 12 00 12 00 00 00 00
535,헬,U+D5EC,battle_inventory,FALSE,0,8B 81,3561,EA10,0x1D420,0x1D440,00 00 06 12 1F 92 06 12 09 32 09 12 06 12 00 12 00 00 07 F8 00 08 00 08 07 F8 04 00 04 00 07 F8
536,혀,U+D600,event_only,FALSE,2,8B 82,3562,EA20,0x1D440,0x1D460,00 00 00 10 06 10 06 10 1F 90 00 10 00 10 06 30 09 10 09 10 09 30 09 10 06 10 00 10 00 00 00 00
537,현,U+D604,event_only,FALSE,1,8B 83,3563,EA30,0x1D460,0x1D480,00 00 06 10 1F 90 06 30 09 10 09 30 06 10 00 10 00 10 04 00 04 00 04 00 04 00 07 F0 00 00 00 00
538,협,U+D611,event_only,FALSE,1,8B 84,3564,EA40,0x1D480,0x1D4A0,00 00 06 10 1F 90 06 10 09 30 09 10 06 30 00 10 00 00 04 10 04 10 07 F0 04 10 07 F0 00 00 00 00
539,혔,U+D614,event_only,FALSE,1,8B 85,3565,EA50,0x1D4A0,0x1D4C0,00 00 06 10 1F 90 06 10 09 30 09 10 06 30 00 10 00 00 04 10 0A 28 0A 28 11 44 20 82 00 00 00 00
540,형,U+D615,event_only,FALSE,2,8B 86,3566,EA60,0x1D4C0,0x1D4E0,00 00 06 10 1F 90 06 10 09 30 09 10 06 30 00 10 00 00 07 E0 08 10 08 10 08 10 07 E0 00 00 00 00
541,호,U+D638,event_only,FALSE,3,8B 87,3567,EA70,0x1D4E0,0x1D500,00 00 01 00 0F E0 00 00 00 00 03 80 04 40 04 40 03 80 00 00 01 00 01 00 01 00 1F F0 00 00 00 00
542,혹,U+D639,event_only,FALSE,4,8B 88,3568,EA80,0x1D500,0x1D520,00 00 01 00 0F E0 03 80 04 40 03 80 01 00 01 00 1F F0 00 00 0F E0 00 20 00 20 00 20 00 00 00 00
543,혼,U+D63C,editor_custom_kanji,FALSE,0,8B 89,3569,EA90,0x1D520,0x1D540,00 00 01 00 0F E0 03 80 04 40 03 80 01 00 01 00 1F F0 00 00 08 00 08 00 08 00 0F E0 00 00 00 00
544,홀,U+D640,editor_custom_kanji,FALSE,0,8B 8A,356A,EAA0,0x1D540,0x1D560,00 00 01 00 0F E0 03 80 04 40 03 80 01 00 01 00 1F F0 0F E0 00 20 00 20 0F E0 08 00 08 00 0F E0
545,화,U+D654,editor_custom_kanji,FALSE,0,8B 8B,356B,EAB0,0x1D560,0x1D580,00 00 00 10 04 10 04 10 3F 90 0E 10 11 10 11 10 11 1C 0E 10 04 10 04 10 7F D0 00 10 00 00 00 00
546,확,U+D655,opening_and_event,FALSE,2,8B 8C,356C,EAC0,0x1D580,0x1D5A0,00 00 04 10 3F 90 0E 10 11 1C 0E 10 04 10 04 10 3F 90 00 00 00 00 0F F0 00 10 00 10 00 00 00 00
547,활,U+D65C,opening_and_event,FALSE,6,8B 8D,356D,EAD0,0x1D5A0,0x1D5C0,00 00 04 10 3F 90 0E 10 11 1C 0E 10 04 10 04 10 3F 80 0F F0 00 10 00 10 0F F0 08 00 08 00 0F F0
548,황,U+D669,opening_only,FALSE,0,8B 8E,356E,EAE0,0x1D5C0,0x1D5E0,00 00 04 10 3F 90 0E 10 11 1C 0E 10 04 10 04 10 3F 90 07 C0 08 20 08 20 08 20 07 C0 00 00 00 00
549,획,U+D68D,event_only,FALSE,0,8B 8F,356F,EAF0,0x1D5E0,0x1D600,00 00 04 10 3F 90 0E 10 11 10 0E 10 04 10 04 10 3F 90 00 00 00 00 1F F0 00 10 00 10 00 10 00 00
550,효,U+D6A8,editor_custom_kanji,FALSE,0,8B 90,3570,EB00,0x1D600,0x1D620,00 00 01 00 1F F0 00 00 00 00 07 C0 08 20 08 20 08 20 07 C0 00 00 00 00 04 40 3F F8 00 00 00 00
551,후,U+D6C4,event_only,FALSE,1,8B 91,3571,EB10,0x1D620,0x1D640,00 00 01 00 0F E0 00 00 03 80 04 40 03 80 00 00 1F F0 01 00 01 00 01 00 01 00 01 00 00 00 00 00
552,훌,U+D6CC,editor_custom_kanji,FALSE,0,8B 92,3572,EB20,0x1D640,0x1D660,00 00 01 00 0F E0 03 80 04 40 03 80 00 00 1F F0 01 00 0F E0 00 20 00 20 0F E0 08 00 08 00 0F E0
553,휘,U+D718,editor_custom_kanji,FALSE,0,8B 93,3573,EB30,0x1D660,0x1D680,00 00 04 10 04 10 3F 90 0E 10 11 10 0E 10 00 10 00 10 7F D0 04 10 04 10 04 10 04 10 00 00 00 00
554,흐,U+D750,editor_custom_kanji,FALSE,0,8B 94,3574,EB40,0x1D680,0x1D6A0,00 00 01 00 0F E0 00 00 00 00 07 C0 08 20 08 20 08 20 07 C0 00 00 00 00 00 00 1F F0 00 00 00 00
555,흥,U+D765,event_only,FALSE,0,8B 95,3575,EB50,0x1D6A0,0x1D6C0,00 00 01 00 0F E0 07 C0 04 40 04 40 03 80 00 00 1F F0 00 00 00 00 07 C0 08 20 08 20 07 C0 00 00
556,희,U+D76C,event_only,FALSE,3,8B 96,3576,EB60,0x1D6C0,0x1D6E0,00 00 06 10 1F 90 00 10 00 10 06 10 09 10 09 10 09 10 06 10 00 10 00 10 3F D0 00 10 00 00 00 00
557,히,U+D788,event_only,FALSE,2,8B 97,3577,EB70,0x1D6E0,0x1D700,00 00 00 10 06 10 06 10 1F 90 00 10 00 10 06 10 09 10 09 10 09 10 09 10 06 10 00 10 00 00 00 00
558,힘,U+D798,opening_and_event,FALSE,6,8B 98,3578,EB80,0x1D700,0x1D720,00 00 06 10 1F 90 06 10 09 10 09 10 06 10 00 10 00 00 07 F0 04 10 04 10 04 10 07 F0 00 00 00 00
