disk,area,sequence,source_version,japanese_original,korean_translation,source_document,source_location,text_status,patch_status,execution_status,notes
E,Act 4,21~114,2026-08-02 (corrected),ない！␠ファンタズム・ジュエリーがない！␠もうすでにメガスの手に渡ってしまったのね・・・。うう・・・体が思うように動かない・・・ヴァリア様・・・もうダメ・・・立てない・・・もう・・・。,없어！ 판타즘 주얼리가 없어！ 벌써 메가스한테 넘어간 건가・・・。으・・・ 몸이 말을 듣지 않아・・・ 바리아님・・・ 더는 무리예요・・・ 이제・・・ 일어설 힘조차 없어요・・・。,Act 4/Valis2_DiskE_ACT4_japanese_text_translation_workbook_FULLWIDTH_SPACE_MARK_CORRECTED_2026-08-02.docx,"구간표 3 머리글: 분석표 문자행 21~114; RAM 문자 범위 D861~D91B; 원문·번역표 4, 행 2",작업표에 일본어 원문·한국어 번역 쌍 수록,"2026-08-04 교차검증 패치표는 정적 자료이며, 현재 매니페스트 2,481행/1,674패치 슬롯과 실제 patch-run 지문을 기록. 원본 분석표 2,483행과 구별.",패치표에 QUASI88 한글 패치 런타임 미검증으로 명시. 원본 스트림 덤프·토큰 실행 분석은 한글 패치본 실행 확인이 아님.,"패치·판본 근거: Act 4/Valis2_DiskE_ACT4_HANGUL_PATCH_TABLE_DOC_MANIFEST_CROSSCHECK_2026-08-04.docx, §§2·4·6. 원본 분석 근거: Act 4/Valis2_DiskE_ACT4_runtime_analysis_0001-2483_2026-08-02_DUMP_VERIFIED_CLEANED.docx. 2026-08-02 교정 번역 워크북의 직접 쌍을 유지하고 2026-08-04 현재 패치 문안과 합치지 않는다. ␠ 표기 보존."
E,Act 4,134~190,2026-08-02 (corrected),あの小娘、とうとう倒れてしまいましたよ。だが、ハイゼンまでやられてしまうとは・・・。いかがいたします？␠メガス様。,드디어 계집이 쓰러졌군요。하지만 하이젠마저 당해버리다니・・・。이제 어찌할까요、메가스님？,Act 4/Valis2_DiskE_ACT4_japanese_text_translation_workbook_FULLWIDTH_SPACE_MARK_CORRECTED_2026-08-02.docx,"구간표 5 머리글: 분석표 문자행 134~190; RAM 문자 범위 D922~D993; 원문·번역표 6, 행 2",작업표에 일본어 원문·한국어 번역 쌍 수록,"2026-08-04 교차검증 패치표는 정적 자료이며, 현재 매니페스트 2,481행/1,674패치 슬롯과 실제 patch-run 지문을 기록. 원본 분석표 2,483행과 구별.",패치표에 QUASI88 한글 패치 런타임 미검증으로 명시. 원본 스트림 덤프·토큰 실행 분석은 한글 패치본 실행 확인이 아님.,"패치·판본 근거: Act 4/Valis2_DiskE_ACT4_HANGUL_PATCH_TABLE_DOC_MANIFEST_CROSSCHECK_2026-08-04.docx, §§2·4·6. 원본 분석 근거: Act 4/Valis2_DiskE_ACT4_runtime_analysis_0001-2483_2026-08-02_DUMP_VERIFIED_CLEANED.docx. 2026-08-02 교정 번역 워크북의 직접 쌍을 유지하고 2026-08-04 현재 패치 문안과 합치지 않는다. ␠ 표기 보존."
E,Act 4,205~241,2026-08-02 (corrected),放っておけ。小娘は殺すな。あのままにしておけば、必ずヴァリアが現れるはず。,그냥 내버려둬라。저대로 놔두면 반드시 바리아가 모습을 드러낼 거다。,Act 4/Valis2_DiskE_ACT4_japanese_text_translation_workbook_FULLWIDTH_SPACE_MARK_CORRECTED_2026-08-02.docx,"구간표 7 머리글: 분석표 문자행 205~241; RAM 문자 범위 D99B~D9E4; 원문·번역표 8, 행 2",작업표에 일본어 원문·한국어 번역 쌍 수록,"2026-08-04 교차검증 패치표는 정적 자료이며, 현재 매니페스트 2,481행/1,674패치 슬롯과 실제 patch-run 지문을 기록. 원본 분석표 2,483행과 구별.",패치표에 QUASI88 한글 패치 런타임 미검증으로 명시. 원본 스트림 덤프·토큰 실행 분석은 한글 패치본 실행 확인이 아님.,"패치·판본 근거: Act 4/Valis2_DiskE_ACT4_HANGUL_PATCH_TABLE_DOC_MANIFEST_CROSSCHECK_2026-08-04.docx, §§2·4·6. 원본 분석 근거: Act 4/Valis2_DiskE_ACT4_runtime_analysis_0001-2483_2026-08-02_DUMP_VERIFIED_CLEANED.docx. 2026-08-02 교정 번역 워크북의 직접 쌍을 유지하고 2026-08-04 현재 패치 문안과 합치지 않는다. ␠ 표기 보존."
E,Act 4,259~295,2026-08-02 (corrected),ダリス様！␠ハイゼン様が奪ったファンタズム・ジュエリーがただ今届きました！,다리스님！ 하이젠님이 빼앗은 판타즘 주얼리가 지금 도착했습니다！,Act 4/Valis2_DiskE_ACT4_japanese_text_translation_workbook_FULLWIDTH_SPACE_MARK_CORRECTED_2026-08-02.docx,"구간표 9 머리글: 분석표 문자행 259~295; RAM 문자 범위 D9EC~DA35; 원문·번역표 10, 행 2",작업표에 일본어 원문·한국어 번역 쌍 수록,"2026-08-04 교차검증 패치표는 정적 자료이며, 현재 매니페스트 2,481행/1,674패치 슬롯과 실제 patch-run 지문을 기록. 원본 분석표 2,483행과 구별.",패치표에 QUASI88 한글 패치 런타임 미검증으로 명시. 원본 스트림 덤프·토큰 실행 분석은 한글 패치본 실행 확인이 아님.,"패치·판본 근거: Act 4/Valis2_DiskE_ACT4_HANGUL_PATCH_TABLE_DOC_MANIFEST_CROSSCHECK_2026-08-04.docx, §§2·4·6. 원본 분석 근거: Act 4/Valis2_DiskE_ACT4_runtime_analysis_0001-2483_2026-08-02_DUMP_VERIFIED_CLEANED.docx. 2026-08-02 교정 번역 워크북의 직접 쌍을 유지하고 2026-08-04 현재 패치 문안과 합치지 않는다. ␠ 표기 보존."
E,Act 4,307~403,2026-08-02 (corrected),どれどれ。ほほう、これがファンタズム・ジュエリーか！␠なるほど、この輝き、吸いこまれるほどに美しいわい！␠メガス様、これさえこちらにあれば、ヴァリスの戦士といえども、恐るるに足らずですよ！,어디 보자。오호、이것이 판타즘 주얼리인가！ 이 영롱한 광채、과연 마치 빨려들어갈 정도로 아름답구나！ 메가스님、이것이 우리 손에 있는 이상 바리스의 전사라 한들 더는 두려할 게 없습니다！,Act 4/Valis2_DiskE_ACT4_japanese_text_translation_workbook_FULLWIDTH_SPACE_MARK_CORRECTED_2026-08-02.docx,"구간표 11 머리글: 분석표 문자행 307~403; RAM 문자 범위 DA3C~DAFD; 원문·번역표 12, 행 2",작업표에 일본어 원문·한국어 번역 쌍 수록,"2026-08-04 교차검증 패치표는 정적 자료이며, 현재 매니페스트 2,481행/1,674패치 슬롯과 실제 patch-run 지문을 기록. 원본 분석표 2,483행과 구별.",패치표에 QUASI88 한글 패치 런타임 미검증으로 명시. 원본 스트림 덤프·토큰 실행 분석은 한글 패치본 실행 확인이 아님.,"패치·판본 근거: Act 4/Valis2_DiskE_ACT4_HANGUL_PATCH_TABLE_DOC_MANIFEST_CROSSCHECK_2026-08-04.docx, §§2·4·6. 원본 분석 근거: Act 4/Valis2_DiskE_ACT4_runtime_analysis_0001-2483_2026-08-02_DUMP_VERIFIED_CLEANED.docx. 2026-08-02 교정 번역 워크북의 직접 쌍을 유지하고 2026-08-04 현재 패치 문안과 합치지 않는다. ␠ 표기 보존."
E,Act 4,427~520,2026-08-02 (corrected),優子・・・かわいそうに。あなたたち、これでもまだ、放っておくつもりですか？␠こんなにも疲れ果ててボロボロに傷ついてしまった優子を見ても、まだ止めることができるのですか？␠さあ、答えなさい！,가엾은 유코・・・。저 지경이 되었는데도 모른 척 외면하라는 건가요？ 저렇게 지쳐 쓰러져 상처투성이가 된 유코를 보고도、정녕 저를 계속 막을 셈인가？ 어서 대답해보세요！,Act 4/Valis2_DiskE_ACT4_japanese_text_translation_workbook_FULLWIDTH_SPACE_MARK_CORRECTED_2026-08-02.docx,"구간표 13 머리글: 분석표 문자행 427~520; RAM 문자 범위 DB05~DBC0; 원문·번역표 14, 행 2",작업표에 일본어 원문·한국어 번역 쌍 수록,"2026-08-04 교차검증 패치표는 정적 자료이며, 현재 매니페스트 2,481행/1,674패치 슬롯과 실제 patch-run 지문을 기록. 원본 분석표 2,483행과 구별.",패치표에 QUASI88 한글 패치 런타임 미검증으로 명시. 원본 스트림 덤프·토큰 실행 분석은 한글 패치본 실행 확인이 아님.,"패치·판본 근거: Act 4/Valis2_DiskE_ACT4_HANGUL_PATCH_TABLE_DOC_MANIFEST_CROSSCHECK_2026-08-04.docx, §§2·4·6. 원본 분석 근거: Act 4/Valis2_DiskE_ACT4_runtime_analysis_0001-2483_2026-08-02_DUMP_VERIFIED_CLEANED.docx. 2026-08-02 교정 번역 워크북의 직접 쌍을 유지하고 2026-08-04 현재 패치 문안과 합치지 않는다. ␠ 표기 보존."
E,Act 4,527~607,2026-08-02 (corrected),・・・ヴァリア様、よくここまで耐えて下さいました。もはや、お止めはいたしません。防御システムの調整はまだ完全ではありませんが、やれるだけのことはやってみましょう。,・・・ 바리아님、여태까지 잘 참아주셨습니다。이제 더는 말리지 않겠습니다。방어 시스템이 완전히 갖춰지진 않았으나、저희도 최선을 다해 보겠습니다。,Act 4/Valis2_DiskE_ACT4_japanese_text_translation_workbook_FULLWIDTH_SPACE_MARK_CORRECTED_2026-08-02.docx,"구간표 15 머리글: 분석표 문자행 527~607; RAM 문자 범위 DBC8~DC69; 원문·번역표 16, 행 2",작업표에 일본어 원문·한국어 번역 쌍 수록,"2026-08-04 교차검증 패치표는 정적 자료이며, 현재 매니페스트 2,481행/1,674패치 슬롯과 실제 patch-run 지문을 기록. 원본 분석표 2,483행과 구별.",패치표에 QUASI88 한글 패치 런타임 미검증으로 명시. 원본 스트림 덤프·토큰 실행 분석은 한글 패치본 실행 확인이 아님.,"패치·판본 근거: Act 4/Valis2_DiskE_ACT4_HANGUL_PATCH_TABLE_DOC_MANIFEST_CROSSCHECK_2026-08-04.docx, §§2·4·6. 원본 분석 근거: Act 4/Valis2_DiskE_ACT4_runtime_analysis_0001-2483_2026-08-02_DUMP_VERIFIED_CLEANED.docx. 2026-08-02 교정 번역 워크북의 직접 쌍을 유지하고 2026-08-04 현재 패치 문안과 합치지 않는다. ␠ 표기 보존."
E,Act 4,614~632,2026-08-02 (corrected),優子、しっかり！␠今そちらへ行きます！,유코、정신차려요！ 지금 그쪽으로 갈게요！,Act 4/Valis2_DiskE_ACT4_japanese_text_translation_workbook_FULLWIDTH_SPACE_MARK_CORRECTED_2026-08-02.docx,"구간표 17 머리글: 분석표 문자행 614~632; RAM 문자 범위 DC71~DC96; 원문·번역표 18, 행 2",작업표에 일본어 원문·한국어 번역 쌍 수록,"2026-08-04 교차검증 패치표는 정적 자료이며, 현재 매니페스트 2,481행/1,674패치 슬롯과 실제 patch-run 지문을 기록. 원본 분석표 2,483행과 구별.",패치표에 QUASI88 한글 패치 런타임 미검증으로 명시. 원본 스트림 덤프·토큰 실행 분석은 한글 패치본 실행 확인이 아님.,"패치·판본 근거: Act 4/Valis2_DiskE_ACT4_HANGUL_PATCH_TABLE_DOC_MANIFEST_CROSSCHECK_2026-08-04.docx, §§2·4·6. 원본 분석 근거: Act 4/Valis2_DiskE_ACT4_runtime_analysis_0001-2483_2026-08-02_DUMP_VERIFIED_CLEANED.docx. 2026-08-02 교정 번역 워크북의 직접 쌍을 유지하고 2026-08-04 현재 패치 문안과 합치지 않는다. ␠ 표기 보존."
E,Act 4,650~670,2026-08-02 (corrected),ダリス様！␠ヴァリアの通信波を捕えました！,다리스님！ 바리아의 신호가 포착됐습니다！,Act 4/Valis2_DiskE_ACT4_japanese_text_translation_workbook_FULLWIDTH_SPACE_MARK_CORRECTED_2026-08-02.docx,"구간표 19 머리글: 분석표 문자행 650~670; RAM 문자 범위 DC9E~DCC7; 원문·번역표 20, 행 2",작업표에 일본어 원문·한국어 번역 쌍 수록,"2026-08-04 교차검증 패치표는 정적 자료이며, 현재 매니페스트 2,481행/1,674패치 슬롯과 실제 patch-run 지문을 기록. 원본 분석표 2,483행과 구별.",패치표에 QUASI88 한글 패치 런타임 미검증으로 명시. 원본 스트림 덤프·토큰 실행 분석은 한글 패치본 실행 확인이 아님.,"패치·판본 근거: Act 4/Valis2_DiskE_ACT4_HANGUL_PATCH_TABLE_DOC_MANIFEST_CROSSCHECK_2026-08-04.docx, §§2·4·6. 원본 분석 근거: Act 4/Valis2_DiskE_ACT4_runtime_analysis_0001-2483_2026-08-02_DUMP_VERIFIED_CLEANED.docx. 2026-08-02 교정 번역 워크북의 직접 쌍을 유지하고 2026-08-04 현재 패치 문안과 합치지 않는다. ␠ 표기 보존."
E,Act 4,691~732,2026-08-02 (corrected),なに！␠ついに捕らえたか！メガス様！␠ただちにヴェカンタ砲をぶちこんでやりましょう！,뭣이！ 드디어 꼬리를 드러냈구나！ 메가스님、당장 베칸타포를 가동하지요！ ,Act 4/Valis2_DiskE_ACT4_japanese_text_translation_workbook_FULLWIDTH_SPACE_MARK_CORRECTED_2026-08-02.docx,"구간표 21 머리글: 분석표 문자행 691~732; RAM 문자 범위 DCCF~DD22; 원문·번역표 22, 행 2",작업표에 일본어 원문·한국어 번역 쌍 수록,"2026-08-04 교차검증 패치표는 정적 자료이며, 현재 매니페스트 2,481행/1,674패치 슬롯과 실제 patch-run 지문을 기록. 원본 분석표 2,483행과 구별.",패치표에 QUASI88 한글 패치 런타임 미검증으로 명시. 원본 스트림 덤프·토큰 실행 분석은 한글 패치본 실행 확인이 아님.,"패치·판본 근거: Act 4/Valis2_DiskE_ACT4_HANGUL_PATCH_TABLE_DOC_MANIFEST_CROSSCHECK_2026-08-04.docx, §§2·4·6. 원본 분석 근거: Act 4/Valis2_DiskE_ACT4_runtime_analysis_0001-2483_2026-08-02_DUMP_VERIFIED_CLEANED.docx. 2026-08-02 교정 번역 워크북의 직접 쌍을 유지하고 2026-08-04 현재 패치 문안과 합치지 않는다. ␠ 표기 보존."
E,Act 4,747~852,2026-08-02 (corrected),ヴァリアめ、こらえきれずに動き出しおったな。ジッとしておれば今しばらく安泰でいられるものを、あんな小娘一匹助けたいがために、愚かな感情にほだされおって！␠その罪、死に値するわ！！␠ヴェカンタ砲をただちに発射せよ！,바리아년、결국 참지 못하고 움직였나。얌전히 숨어있었다면 당분간 목숨은 부지했을 텐데、고작 계집애 하나 구하겠다고 어리석은 감정에 얽매이다니！ 그 어리석음의 대가는 죽음으로 대신하거라！ 즉시 베칸타포를 발사하라!,Act 4/Valis2_DiskE_ACT4_japanese_text_translation_workbook_FULLWIDTH_SPACE_MARK_CORRECTED_2026-08-02.docx,"구간표 23 머리글: 분석표 문자행 747~852; RAM 문자 범위 DD2A~DDFD; 원문·번역표 24, 행 2",작업표에 일본어 원문·한국어 번역 쌍 수록,"2026-08-04 교차검증 패치표는 정적 자료이며, 현재 매니페스트 2,481행/1,674패치 슬롯과 실제 patch-run 지문을 기록. 원본 분석표 2,483행과 구별.",패치표에 QUASI88 한글 패치 런타임 미검증으로 명시. 원본 스트림 덤프·토큰 실행 분석은 한글 패치본 실행 확인이 아님.,"패치·판본 근거: Act 4/Valis2_DiskE_ACT4_HANGUL_PATCH_TABLE_DOC_MANIFEST_CROSSCHECK_2026-08-04.docx, §§2·4·6. 원본 분석 근거: Act 4/Valis2_DiskE_ACT4_runtime_analysis_0001-2483_2026-08-02_DUMP_VERIFIED_CLEANED.docx. 2026-08-02 교정 번역 워크북의 직접 쌍을 유지하고 2026-08-04 현재 패치 문안과 합치지 않는다. ␠ 표기 보존."
E,Act 4,875~887,2026-08-02 (corrected),ハッ！␠かしこまりました！,예！ 명을 따르겠습니다！,Act 4/Valis2_DiskE_ACT4_japanese_text_translation_workbook_FULLWIDTH_SPACE_MARK_CORRECTED_2026-08-02.docx,"구간표 25 머리글: 분석표 문자행 875~887; RAM 문자 범위 DE0A~DE23; 원문·번역표 26, 행 2",작업표에 일본어 원문·한국어 번역 쌍 수록,"2026-08-04 교차검증 패치표는 정적 자료이며, 현재 매니페스트 2,481행/1,674패치 슬롯과 실제 patch-run 지문을 기록. 원본 분석표 2,483행과 구별.",패치표에 QUASI88 한글 패치 런타임 미검증으로 명시. 원본 스트림 덤프·토큰 실행 분석은 한글 패치본 실행 확인이 아님.,"패치·판본 근거: Act 4/Valis2_DiskE_ACT4_HANGUL_PATCH_TABLE_DOC_MANIFEST_CROSSCHECK_2026-08-04.docx, §§2·4·6. 원본 분석 근거: Act 4/Valis2_DiskE_ACT4_runtime_analysis_0001-2483_2026-08-02_DUMP_VERIFIED_CLEANED.docx. 2026-08-02 교정 번역 워크북의 직접 쌍을 유지하고 2026-08-04 현재 패치 문안과 합치지 않는다. ␠ 표기 보존."
E,Act 4,938~1017,2026-08-02 (corrected),フフフフフ。これでヴァリアはオレのもの。そして、ヴァニティもリアリティもすべてオレが支配するのだ。フハハハハハ！,후후후후。이것으로 바리아는 내 손에 들어온다。그리고 바니티도 리얼리티도 모두 내가 지배할 것이다、으하하하하!,Act 4/Valis2_DiskE_ACT4_japanese_text_translation_workbook_FULLWIDTH_SPACE_MARK_CORRECTED_2026-08-02.docx,"구간표 27 머리글: 분석표 문자행 938~1017; RAM 문자 범위 DE4B~DED2; 원문·번역표 28, 행 2",작업표에 일본어 원문·한국어 번역 쌍 수록,"2026-08-04 교차검증 패치표는 정적 자료이며, 현재 매니페스트 2,481행/1,674패치 슬롯과 실제 patch-run 지문을 기록. 원본 분석표 2,483행과 구별.",패치표에 QUASI88 한글 패치 런타임 미검증으로 명시. 원본 스트림 덤프·토큰 실행 분석은 한글 패치본 실행 확인이 아님.,"패치·판본 근거: Act 4/Valis2_DiskE_ACT4_HANGUL_PATCH_TABLE_DOC_MANIFEST_CROSSCHECK_2026-08-04.docx, §§2·4·6. 원본 분석 근거: Act 4/Valis2_DiskE_ACT4_runtime_analysis_0001-2483_2026-08-02_DUMP_VERIFIED_CLEANED.docx. 2026-08-02 교정 번역 워크북의 직접 쌍을 유지하고 2026-08-04 현재 패치 문안과 합치지 않는다. ␠ 표기 보존."
E,Act 4,1043~1072,2026-08-02 (corrected),・・・優子、優子、聞えますか？しっかりなさい。,・・・ 유코、들리나요？ 정신차려요。,Act 4/Valis2_DiskE_ACT4_japanese_text_translation_workbook_FULLWIDTH_SPACE_MARK_CORRECTED_2026-08-02.docx,"구간표 29 머리글: 분석표 문자행 1043~1072; RAM 문자 범위 DEEF~DF25; 원문·번역표 30, 행 2",작업표에 일본어 원문·한국어 번역 쌍 수록,"2026-08-04 교차검증 패치표는 정적 자료이며, 현재 매니페스트 2,481행/1,674패치 슬롯과 실제 patch-run 지문을 기록. 원본 분석표 2,483행과 구별.",패치표에 QUASI88 한글 패치 런타임 미검증으로 명시. 원본 스트림 덤프·토큰 실행 분석은 한글 패치본 실행 확인이 아님.,"패치·판본 근거: Act 4/Valis2_DiskE_ACT4_HANGUL_PATCH_TABLE_DOC_MANIFEST_CROSSCHECK_2026-08-04.docx, §§2·4·6. 원본 분석 근거: Act 4/Valis2_DiskE_ACT4_runtime_analysis_0001-2483_2026-08-02_DUMP_VERIFIED_CLEANED.docx. 2026-08-02 교정 번역 워크북의 직접 쌍을 유지하고 2026-08-04 현재 패치 문안과 합치지 않는다. ␠ 표기 보존."
E,Act 4,1086~1194,2026-08-02 (corrected),ヴァリア様・・・。ワタシはもうダメ・・・体が動かない・・・ヴァリア様・・・ごめんなさい・・・ワタシにはメガスを倒すことはできそうもありません・・・ヴァリア様の意にそうことはできません・・・。,"바리아님・・・ 저는 이제 틀렸어요・・・ 몸이 말을 안 들어요・・・ 바리아님・・・ 죄송해요・・・ 저는 메가스를 쓰러뜨리지 못할 것 같아요・・・ 바리아님의 뜻에 부응할 수 없어요・・・

",Act 4/Valis2_DiskE_ACT4_japanese_text_translation_workbook_FULLWIDTH_SPACE_MARK_CORRECTED_2026-08-02.docx,"구간표 31 머리글: 분석표 문자행 1086~1194; RAM 문자 범위 DF33~DFFE; 원문·번역표 32, 행 2",작업표에 일본어 원문·한국어 번역 쌍 수록,"2026-08-04 교차검증 패치표는 정적 자료이며, 현재 매니페스트 2,481행/1,674패치 슬롯과 실제 patch-run 지문을 기록. 원본 분석표 2,483행과 구별.",패치표에 QUASI88 한글 패치 런타임 미검증으로 명시. 원본 스트림 덤프·토큰 실행 분석은 한글 패치본 실행 확인이 아님.,"패치·판본 근거: Act 4/Valis2_DiskE_ACT4_HANGUL_PATCH_TABLE_DOC_MANIFEST_CROSSCHECK_2026-08-04.docx, §§2·4·6. 원본 분석 근거: Act 4/Valis2_DiskE_ACT4_runtime_analysis_0001-2483_2026-08-02_DUMP_VERIFIED_CLEANED.docx. 2026-08-02 교정 번역 워크북의 직접 쌍을 유지하고 2026-08-04 현재 패치 문안과 합치지 않는다. ␠ 표기 보존."
E,Act 4,1216~1351,2026-08-02 (corrected),優子、しっかりなさい。あなたは良くがんばってくれました。本当に感謝しています。さあ、ファンタズム・ジュエリーはわたしが必ず取り返してみせます。心配しないで。大丈夫、あなたならきっと、最後まで戦い抜くことができます。勇気を出して、さあ！,유코、정신차려요。당신은 잘 버텨줬어요。정말 감사하고 있어요。판타즘 주얼리는 제가 반드시 되찾아 올 테니、걱정 마세요。괜찮아요、당신이라면、 분명 이 싸움을 끝까지 헤쳐 나갈 수 있어요。용기를 내세요！ ,Act 4/Valis2_DiskE_ACT4_japanese_text_translation_workbook_FULLWIDTH_SPACE_MARK_CORRECTED_2026-08-02.docx,"구간표 33 머리글: 분석표 문자행 1216~1351; RAM 문자 범위 E006~E104; 원문·번역표 34, 행 2",작업표에 일본어 원문·한국어 번역 쌍 수록,"2026-08-04 교차검증 패치표는 정적 자료이며, 현재 매니페스트 2,481행/1,674패치 슬롯과 실제 patch-run 지문을 기록. 원본 분석표 2,483행과 구별.",패치표에 QUASI88 한글 패치 런타임 미검증으로 명시. 원본 스트림 덤프·토큰 실행 분석은 한글 패치본 실행 확인이 아님.,"패치·판본 근거: Act 4/Valis2_DiskE_ACT4_HANGUL_PATCH_TABLE_DOC_MANIFEST_CROSSCHECK_2026-08-04.docx, §§2·4·6. 원본 분석 근거: Act 4/Valis2_DiskE_ACT4_runtime_analysis_0001-2483_2026-08-02_DUMP_VERIFIED_CLEANED.docx. 2026-08-02 교정 번역 워크북의 직접 쌍을 유지하고 2026-08-04 현재 패치 문안과 합치지 않는다. ␠ 표기 보존."
E,Act 4,1375~1415,2026-08-02 (corrected),どうした！？␠ヴァリアに変化はないぞ！␠ヴェカンタ砲は確かに作動しておるのか！,어찌 된 것이냐！？ 바리아가 아직도 멀쩡하지 않느냐！ 베칸타포가 제대로 작동한 게 맞느냐!,Act 4/Valis2_DiskE_ACT4_japanese_text_translation_workbook_FULLWIDTH_SPACE_MARK_CORRECTED_2026-08-02.docx,"구간표 35 머리글: 분석표 문자행 1375~1415; RAM 문자 범위 E110~E15F; 원문·번역표 36, 행 2",작업표에 일본어 원문·한국어 번역 쌍 수록,"2026-08-04 교차검증 패치표는 정적 자료이며, 현재 매니페스트 2,481행/1,674패치 슬롯과 실제 patch-run 지문을 기록. 원본 분석표 2,483행과 구별.",패치표에 QUASI88 한글 패치 런타임 미검증으로 명시. 원본 스트림 덤프·토큰 실행 분석은 한글 패치본 실행 확인이 아님.,"패치·판본 근거: Act 4/Valis2_DiskE_ACT4_HANGUL_PATCH_TABLE_DOC_MANIFEST_CROSSCHECK_2026-08-04.docx, §§2·4·6. 원본 분석 근거: Act 4/Valis2_DiskE_ACT4_runtime_analysis_0001-2483_2026-08-02_DUMP_VERIFIED_CLEANED.docx. 2026-08-02 교정 번역 워크북의 직접 쌍을 유지하고 2026-08-04 현재 패치 문안과 합치지 않는다. ␠ 표기 보존."
E,Act 4,1436~1535,2026-08-02 (corrected),はは！␠どうやら、奴らこちらの動きを察知して、防御システムを作動させているようです！␠出力を上げているのですが、なかなか崩せません！␠これ以上出力を上げると、ヴェカンタ砲が爆発し、こちらが危険です！！,예！ 놈들이 저희의 움직임을 감지하고 방어 시스템을 가동한 모양입니다！ 출력을 높이고 있지만、뚫을 수가 없습니다！ 여기서 더 출력을 높였다가 포가 폭발해 저희까지 위험해집니다！！,Act 4/Valis2_DiskE_ACT4_japanese_text_translation_workbook_FULLWIDTH_SPACE_MARK_CORRECTED_2026-08-02.docx,"구간표 37 머리글: 분석표 문자행 1436~1535; RAM 문자 범위 E167~E22E; 원문·번역표 38, 행 2",작업표에 일본어 원문·한국어 번역 쌍 수록,"2026-08-04 교차검증 패치표는 정적 자료이며, 현재 매니페스트 2,481행/1,674패치 슬롯과 실제 patch-run 지문을 기록. 원본 분석표 2,483행과 구별.",패치표에 QUASI88 한글 패치 런타임 미검증으로 명시. 원본 스트림 덤프·토큰 실행 분석은 한글 패치본 실행 확인이 아님.,"패치·판본 근거: Act 4/Valis2_DiskE_ACT4_HANGUL_PATCH_TABLE_DOC_MANIFEST_CROSSCHECK_2026-08-04.docx, §§2·4·6. 원본 분석 근거: Act 4/Valis2_DiskE_ACT4_runtime_analysis_0001-2483_2026-08-02_DUMP_VERIFIED_CLEANED.docx. 2026-08-02 교정 번역 워크북의 직접 쌍을 유지하고 2026-08-04 현재 패치 문안과 합치지 않는다. ␠ 표기 보존."
E,Act 4,1555~1621,2026-08-02 (corrected),うぬぬ、こしゃくな！␠かまわん！␠もっと出力を上げろ！␠ヴァリアを帰すようなことがあれば、ダリス、きさまの命、ないものと思え！,크으、건방진 것들！ 상관없다！ 출력을 더 높여라！ 바리아를 놓치기라도 한다면、다리스 네놈 목숨도 끝인 줄 알아라!,Act 4/Valis2_DiskE_ACT4_japanese_text_translation_workbook_FULLWIDTH_SPACE_MARK_CORRECTED_2026-08-02.docx,"구간표 39 머리글: 분석표 문자행 1555~1621; RAM 문자 범위 E233~E2B4; 원문·번역표 40, 행 2",작업표에 일본어 원문·한국어 번역 쌍 수록,"2026-08-04 교차검증 패치표는 정적 자료이며, 현재 매니페스트 2,481행/1,674패치 슬롯과 실제 patch-run 지문을 기록. 원본 분석표 2,483행과 구별.",패치표에 QUASI88 한글 패치 런타임 미검증으로 명시. 원본 스트림 덤프·토큰 실행 분석은 한글 패치본 실행 확인이 아님.,"패치·판본 근거: Act 4/Valis2_DiskE_ACT4_HANGUL_PATCH_TABLE_DOC_MANIFEST_CROSSCHECK_2026-08-04.docx, §§2·4·6. 원본 분석 근거: Act 4/Valis2_DiskE_ACT4_runtime_analysis_0001-2483_2026-08-02_DUMP_VERIFIED_CLEANED.docx. 2026-08-02 교정 번역 워크북의 직접 쌍을 유지하고 2026-08-04 현재 패치 문안과 합치지 않는다. ␠ 표기 보존."
E,Act 4,1640~1698,2026-08-02 (corrected),ひえええ！！␠おい、おまえら、なにをしておる！␠ヴェカンタ砲の出力をさっさと最大にしろ！！␠グズグズするんじゃない！！,히이익！！ 네놈들、뭣들 하느냐！ 당장 베칸타포의 출력을 최대로 끌어올려라！！ 꾸물대지 말고 어서！！,Act 4/Valis2_DiskE_ACT4_japanese_text_translation_workbook_FULLWIDTH_SPACE_MARK_CORRECTED_2026-08-02.docx,"구간표 41 머리글: 분석표 문자행 1640~1698; RAM 문자 범위 E2BD~E332; 원문·번역표 42, 행 2",작업표에 일본어 원문·한국어 번역 쌍 수록,"2026-08-04 교차검증 패치표는 정적 자료이며, 현재 매니페스트 2,481행/1,674패치 슬롯과 실제 patch-run 지문을 기록. 원본 분석표 2,483행과 구별.",패치표에 QUASI88 한글 패치 런타임 미검증으로 명시. 원본 스트림 덤프·토큰 실행 분석은 한글 패치본 실행 확인이 아님.,"패치·판본 근거: Act 4/Valis2_DiskE_ACT4_HANGUL_PATCH_TABLE_DOC_MANIFEST_CROSSCHECK_2026-08-04.docx, §§2·4·6. 원본 분석 근거: Act 4/Valis2_DiskE_ACT4_runtime_analysis_0001-2483_2026-08-02_DUMP_VERIFIED_CLEANED.docx. 2026-08-02 교정 번역 워크북의 직접 쌍을 유지하고 2026-08-04 현재 패치 문안과 합치지 않는다. ␠ 표기 보존."
E,Act 4,1729~1767,2026-08-02 (corrected),ヴァリア様・・・ヴァリア様。やっぱり助けに来て下さったのね・・・。,바리아님・・・바리아님・・・ 역시 도와주러 와주셨군요・・・。,Act 4/Valis2_DiskE_ACT4_japanese_text_translation_workbook_FULLWIDTH_SPACE_MARK_CORRECTED_2026-08-02.docx,"구간표 43 머리글: 분석표 문자행 1729~1767; RAM 문자 범위 E351~E398; 원문·번역표 44, 행 2",작업표에 일본어 원문·한국어 번역 쌍 수록,"2026-08-04 교차검증 패치표는 정적 자료이며, 현재 매니페스트 2,481행/1,674패치 슬롯과 실제 patch-run 지문을 기록. 원본 분석표 2,483행과 구별.",패치표에 QUASI88 한글 패치 런타임 미검증으로 명시. 원본 스트림 덤프·토큰 실행 분석은 한글 패치본 실행 확인이 아님.,"패치·판본 근거: Act 4/Valis2_DiskE_ACT4_HANGUL_PATCH_TABLE_DOC_MANIFEST_CROSSCHECK_2026-08-04.docx, §§2·4·6. 원본 분석 근거: Act 4/Valis2_DiskE_ACT4_runtime_analysis_0001-2483_2026-08-02_DUMP_VERIFIED_CLEANED.docx. 2026-08-02 교정 번역 워크북의 직접 쌍을 유지하고 2026-08-04 현재 패치 문안과 합치지 않는다. ␠ 표기 보존."
E,Act 4,1791~1883,2026-08-02 (corrected),優子。ごめんなさい。メガスの攻撃を防ぐため、あなたに話しかけることができなかったのです。でも、手後れにならなくて本当に良かった。・・・ああ！,유코、미안해요。메가스의 공격을 막느라 당신의 부름에 답할 수 없었어요。그래도 너무 늦지 않아서 정말 다행이에요。・・・ 앗！,Act 4/Valis2_DiskE_ACT4_japanese_text_translation_workbook_FULLWIDTH_SPACE_MARK_CORRECTED_2026-08-02.docx,"구간표 45 머리글: 분석표 문자행 1791~1883; RAM 문자 범위 E3A8~E458; 원문·번역표 46, 행 2",작업표에 일본어 원문·한국어 번역 쌍 수록,"2026-08-04 교차검증 패치표는 정적 자료이며, 현재 매니페스트 2,481행/1,674패치 슬롯과 실제 patch-run 지문을 기록. 원본 분석표 2,483행과 구별.",패치표에 QUASI88 한글 패치 런타임 미검증으로 명시. 원본 스트림 덤프·토큰 실행 분석은 한글 패치본 실행 확인이 아님.,"패치·판본 근거: Act 4/Valis2_DiskE_ACT4_HANGUL_PATCH_TABLE_DOC_MANIFEST_CROSSCHECK_2026-08-04.docx, §§2·4·6. 원본 분석 근거: Act 4/Valis2_DiskE_ACT4_runtime_analysis_0001-2483_2026-08-02_DUMP_VERIFIED_CLEANED.docx. 2026-08-02 교정 번역 워크북의 직접 쌍을 유지하고 2026-08-04 현재 패치 문안과 합치지 않는다. ␠ 표기 보존."
E,Act 4,1907~1928,2026-08-02 (corrected),！␠ヴァリア様！？␠どうしたの、ヴァリア様！,！ 바리아님！？ ␠왜 그러세요、바리아님！,Act 4/Valis2_DiskE_ACT4_japanese_text_translation_workbook_FULLWIDTH_SPACE_MARK_CORRECTED_2026-08-02.docx,"구간표 47 머리글: 분석표 문자행 1907~1928; RAM 문자 범위 E460~E48B; 원문·번역표 48, 행 2",작업표에 일본어 원문·한국어 번역 쌍 수록,"2026-08-04 교차검증 패치표는 정적 자료이며, 현재 매니페스트 2,481행/1,674패치 슬롯과 실제 patch-run 지문을 기록. 원본 분석표 2,483행과 구별.",패치표에 QUASI88 한글 패치 런타임 미검증으로 명시. 원본 스트림 덤프·토큰 실행 분석은 한글 패치본 실행 확인이 아님.,"패치·판본 근거: Act 4/Valis2_DiskE_ACT4_HANGUL_PATCH_TABLE_DOC_MANIFEST_CROSSCHECK_2026-08-04.docx, §§2·4·6. 원본 분석 근거: Act 4/Valis2_DiskE_ACT4_runtime_analysis_0001-2483_2026-08-02_DUMP_VERIFIED_CLEANED.docx. 2026-08-02 교정 번역 워크북의 직접 쌍을 유지하고 2026-08-04 현재 패치 문안과 합치지 않는다. ␠ 표기 보존."
E,Act 4,1953~1961,2026-08-02 (corrected),アアア・・・！,아아아・・・！,Act 4/Valis2_DiskE_ACT4_japanese_text_translation_workbook_FULLWIDTH_SPACE_MARK_CORRECTED_2026-08-02.docx,"구간표 49 머리글: 분석표 문자행 1953~1961; RAM 문자 범위 E493~E4A2; 원문·번역표 50, 행 2",작업표에 일본어 원문·한국어 번역 쌍 수록,"2026-08-04 교차검증 패치표는 정적 자료이며, 현재 매니페스트 2,481행/1,674패치 슬롯과 실제 patch-run 지문을 기록. 원본 분석표 2,483행과 구별.",패치표에 QUASI88 한글 패치 런타임 미검증으로 명시. 원본 스트림 덤프·토큰 실행 분석은 한글 패치본 실행 확인이 아님.,"패치·판본 근거: Act 4/Valis2_DiskE_ACT4_HANGUL_PATCH_TABLE_DOC_MANIFEST_CROSSCHECK_2026-08-04.docx, §§2·4·6. 원본 분석 근거: Act 4/Valis2_DiskE_ACT4_runtime_analysis_0001-2483_2026-08-02_DUMP_VERIFIED_CLEANED.docx. 2026-08-02 교정 번역 워크북의 직접 쌍을 유지하고 2026-08-04 현재 패치 문안과 합치지 않는다. ␠ 표기 보존."
E,Act 4,1983~1989,2026-08-02 (corrected),ヴァリア様！！,바라아님！！,Act 4/Valis2_DiskE_ACT4_japanese_text_translation_workbook_FULLWIDTH_SPACE_MARK_CORRECTED_2026-08-02.docx,"구간표 51 머리글: 분석표 문자행 1983~1989; RAM 문자 범위 E4A8~E4B5; 원문·번역표 52, 행 2",작업표에 일본어 원문·한국어 번역 쌍 수록,"2026-08-04 교차검증 패치표는 정적 자료이며, 현재 매니페스트 2,481행/1,674패치 슬롯과 실제 patch-run 지문을 기록. 원본 분석표 2,483행과 구별.",패치표에 QUASI88 한글 패치 런타임 미검증으로 명시. 원본 스트림 덤프·토큰 실행 분석은 한글 패치본 실행 확인이 아님.,"패치·판본 근거: Act 4/Valis2_DiskE_ACT4_HANGUL_PATCH_TABLE_DOC_MANIFEST_CROSSCHECK_2026-08-04.docx, §§2·4·6. 원본 분석 근거: Act 4/Valis2_DiskE_ACT4_runtime_analysis_0001-2483_2026-08-02_DUMP_VERIFIED_CLEANED.docx. 2026-08-02 교정 번역 워크북의 직접 쌍을 유지하고 2026-08-04 현재 패치 문안과 합치지 않는다. ␠ 표기 보존."
E,Act 4,2013~2037,2026-08-02 (corrected),やった！！␠防御システムを破ったぞ！␠もう少しだ！,됐다！！ 방어막이 뚫렸다！ 조금만 더！,Act 4/Valis2_DiskE_ACT4_japanese_text_translation_workbook_FULLWIDTH_SPACE_MARK_CORRECTED_2026-08-02.docx,"구간표 53 머리글: 분석표 문자행 2013~2037; RAM 문자 범위 E4C3~E4F4; 원문·번역표 54, 행 2",작업표에 일본어 원문·한국어 번역 쌍 수록,"2026-08-04 교차검증 패치표는 정적 자료이며, 현재 매니페스트 2,481행/1,674패치 슬롯과 실제 patch-run 지문을 기록. 원본 분석표 2,483행과 구별.",패치표에 QUASI88 한글 패치 런타임 미검증으로 명시. 원본 스트림 덤프·토큰 실행 분석은 한글 패치본 실행 확인이 아님.,"패치·판본 근거: Act 4/Valis2_DiskE_ACT4_HANGUL_PATCH_TABLE_DOC_MANIFEST_CROSSCHECK_2026-08-04.docx, §§2·4·6. 원본 분석 근거: Act 4/Valis2_DiskE_ACT4_runtime_analysis_0001-2483_2026-08-02_DUMP_VERIFIED_CLEANED.docx. 2026-08-02 교정 번역 워크북의 직접 쌍을 유지하고 2026-08-04 현재 패치 문안과 합치지 않는다. ␠ 표기 보존."
E,Act 4,2075~2115,2026-08-02 (corrected),・・・なんだ、この地ひびきは！？␠まさか、ヴェカンタ砲が・・・うわあ！！,・・・뭐지、이 진동은！？ 설마、베칸타포가・・・ 으아악！！,Act 4/Valis2_DiskE_ACT4_japanese_text_translation_workbook_FULLWIDTH_SPACE_MARK_CORRECTED_2026-08-02.docx,"구간표 55 머리글: 분석표 문자행 2075~2115; RAM 문자 범위 E50C~E558; 원문·번역표 56, 행 2",작업표에 일본어 원문·한국어 번역 쌍 수록,"2026-08-04 교차검증 패치표는 정적 자료이며, 현재 매니페스트 2,481행/1,674패치 슬롯과 실제 patch-run 지문을 기록. 원본 분석표 2,483행과 구별.",패치표에 QUASI88 한글 패치 런타임 미검증으로 명시. 원본 스트림 덤프·토큰 실행 분석은 한글 패치본 실행 확인이 아님.,"패치·판본 근거: Act 4/Valis2_DiskE_ACT4_HANGUL_PATCH_TABLE_DOC_MANIFEST_CROSSCHECK_2026-08-04.docx, §§2·4·6. 원본 분석 근거: Act 4/Valis2_DiskE_ACT4_runtime_analysis_0001-2483_2026-08-02_DUMP_VERIFIED_CLEANED.docx. 2026-08-02 교정 번역 워크북의 직접 쌍을 유지하고 2026-08-04 현재 패치 문안과 합치지 않는다. ␠ 표기 보존."
E,Act 4,2135~2168,2026-08-02 (corrected),ぐぐ！␠ヴァリアが消えるぞ！␠ヴァリアを逃すな！！,크윽！ 바리아가 사라진다！ 바리아를 놓쳐선 안 된다！！,Act 4/Valis2_DiskE_ACT4_japanese_text_translation_workbook_FULLWIDTH_SPACE_MARK_CORRECTED_2026-08-02.docx,"구간표 57 머리글: 분석표 문자행 2135~2168; RAM 문자 범위 E57E~E5BD; 원문·번역표 58, 행 2",작업표에 일본어 원문·한국어 번역 쌍 수록,"2026-08-04 교차검증 패치표는 정적 자료이며, 현재 매니페스트 2,481행/1,674패치 슬롯과 실제 patch-run 지문을 기록. 원본 분석표 2,483행과 구별.",패치표에 QUASI88 한글 패치 런타임 미검증으로 명시. 원본 스트림 덤프·토큰 실행 분석은 한글 패치본 실행 확인이 아님.,"패치·판본 근거: Act 4/Valis2_DiskE_ACT4_HANGUL_PATCH_TABLE_DOC_MANIFEST_CROSSCHECK_2026-08-04.docx, §§2·4·6. 원본 분석 근거: Act 4/Valis2_DiskE_ACT4_runtime_analysis_0001-2483_2026-08-02_DUMP_VERIFIED_CLEANED.docx. 2026-08-02 교정 번역 워크북의 직접 쌍을 유지하고 2026-08-04 현재 패치 문안과 합치지 않는다. ␠ 표기 보존."
E,Act 4,2186~2203,2026-08-02 (corrected),おお、ヴァリア様がお消えになられた！,아아、바리아님이 사라지셨어요！,Act 4/Valis2_DiskE_ACT4_japanese_text_translation_workbook_FULLWIDTH_SPACE_MARK_CORRECTED_2026-08-02.docx,"구간표 59 머리글: 분석표 문자행 2186~2203; RAM 문자 범위 E5D2~E5F5; 원문·번역표 60, 행 2",작업표에 일본어 원문·한국어 번역 쌍 수록,"2026-08-04 교차검증 패치표는 정적 자료이며, 현재 매니페스트 2,481행/1,674패치 슬롯과 실제 patch-run 지문을 기록. 원본 분석표 2,483행과 구별.",패치표에 QUASI88 한글 패치 런타임 미검증으로 명시. 원본 스트림 덤프·토큰 실행 분석은 한글 패치본 실행 확인이 아님.,"패치·판본 근거: Act 4/Valis2_DiskE_ACT4_HANGUL_PATCH_TABLE_DOC_MANIFEST_CROSSCHECK_2026-08-04.docx, §§2·4·6. 원본 분석 근거: Act 4/Valis2_DiskE_ACT4_runtime_analysis_0001-2483_2026-08-02_DUMP_VERIFIED_CLEANED.docx. 2026-08-02 교정 번역 워크북의 직접 쌍을 유지하고 2026-08-04 현재 패치 문안과 합치지 않는다. ␠ 표기 보존."
E,Act 4,2219~2243,2026-08-02 (corrected),ヴァリア様は、こちらにお戻りにはなっておりません！,바리아님께서 이곳으로 돌아오지 않으셨습니다！,Act 4/Valis2_DiskE_ACT4_japanese_text_translation_workbook_FULLWIDTH_SPACE_MARK_CORRECTED_2026-08-02.docx,"구간표 61 머리글: 분석표 문자행 2219~2243; RAM 문자 범위 E5FB~E62C; 원문·번역표 62, 행 2",작업표에 일본어 원문·한국어 번역 쌍 수록,"2026-08-04 교차검증 패치표는 정적 자료이며, 현재 매니페스트 2,481행/1,674패치 슬롯과 실제 patch-run 지문을 기록. 원본 분석표 2,483행과 구별.",패치표에 QUASI88 한글 패치 런타임 미검증으로 명시. 원본 스트림 덤프·토큰 실행 분석은 한글 패치본 실행 확인이 아님.,"패치·판본 근거: Act 4/Valis2_DiskE_ACT4_HANGUL_PATCH_TABLE_DOC_MANIFEST_CROSSCHECK_2026-08-04.docx, §§2·4·6. 원본 분석 근거: Act 4/Valis2_DiskE_ACT4_runtime_analysis_0001-2483_2026-08-02_DUMP_VERIFIED_CLEANED.docx. 2026-08-02 교정 번역 워크북의 직접 쌍을 유지하고 2026-08-04 현재 패치 문안과 합치지 않는다. ␠ 표기 보존."
E,Act 4,2259~2287,2026-08-02 (corrected),では、ヴァリア様は、メガスに捕えられてしまったというの！？,그렇다면 바리아님께서 메가스에게 붙잡혀버렸다는 건가요！？,Act 4/Valis2_DiskE_ACT4_japanese_text_translation_workbook_FULLWIDTH_SPACE_MARK_CORRECTED_2026-08-02.docx,"구간표 63 머리글: 분석표 문자행 2259~2287; RAM 문자 범위 E632~E66B; 원문·번역표 64, 행 2",작업표에 일본어 원문·한국어 번역 쌍 수록,"2026-08-04 교차검증 패치표는 정적 자료이며, 현재 매니페스트 2,481행/1,674패치 슬롯과 실제 patch-run 지문을 기록. 원본 분석표 2,483행과 구별.",패치표에 QUASI88 한글 패치 런타임 미검증으로 명시. 원본 스트림 덤프·토큰 실행 분석은 한글 패치본 실행 확인이 아님.,"패치·판본 근거: Act 4/Valis2_DiskE_ACT4_HANGUL_PATCH_TABLE_DOC_MANIFEST_CROSSCHECK_2026-08-04.docx, §§2·4·6. 원본 분석 근거: Act 4/Valis2_DiskE_ACT4_runtime_analysis_0001-2483_2026-08-02_DUMP_VERIFIED_CLEANED.docx. 2026-08-02 교정 번역 워크북의 직접 쌍을 유지하고 2026-08-04 현재 패치 문안과 합치지 않는다. ␠ 표기 보존."
E,Act 4,2303~2322,2026-08-02 (corrected),・・・残念ながら、そのようでございます。,・・・유감스럽게도、그런 것 같습니다。,Act 4/Valis2_DiskE_ACT4_japanese_text_translation_workbook_FULLWIDTH_SPACE_MARK_CORRECTED_2026-08-02.docx,"구간표 65 머리글: 분석표 문자행 2303~2322; RAM 문자 범위 E671~E698; 원문·번역표 66, 행 2",작업표에 일본어 원문·한국어 번역 쌍 수록,"2026-08-04 교차검증 패치표는 정적 자료이며, 현재 매니페스트 2,481행/1,674패치 슬롯과 실제 patch-run 지문을 기록. 원본 분석표 2,483행과 구별.",패치표에 QUASI88 한글 패치 런타임 미검증으로 명시. 원본 스트림 덤프·토큰 실행 분석은 한글 패치본 실행 확인이 아님.,"패치·판본 근거: Act 4/Valis2_DiskE_ACT4_HANGUL_PATCH_TABLE_DOC_MANIFEST_CROSSCHECK_2026-08-04.docx, §§2·4·6. 원본 분석 근거: Act 4/Valis2_DiskE_ACT4_runtime_analysis_0001-2483_2026-08-02_DUMP_VERIFIED_CLEANED.docx. 2026-08-02 교정 번역 워크북의 직접 쌍을 유지하고 2026-08-04 현재 패치 문안과 합치지 않는다. ␠ 표기 보존."
E,Act 4,2338~2371,2026-08-02 (corrected),ああ、お痛わしやヴァリア様。なんとか、なんとかならないのですか！？␠,아아、이런 애통한 일이・・・ 바리아님을 구할 방법이 없는 건가요！？␠,Act 4/Valis2_DiskE_ACT4_japanese_text_translation_workbook_FULLWIDTH_SPACE_MARK_CORRECTED_2026-08-02.docx,"구간표 67 머리글: 분석표 문자행 2338~2371; RAM 문자 범위 E69E~E6E1; 원문·번역표 68, 행 2",작업표에 일본어 원문·한국어 번역 쌍 수록,"2026-08-04 교차검증 패치표는 정적 자료이며, 현재 매니페스트 2,481행/1,674패치 슬롯과 실제 patch-run 지문을 기록. 원본 분석표 2,483행과 구별.",패치표에 QUASI88 한글 패치 런타임 미검증으로 명시. 원본 스트림 덤프·토큰 실행 분석은 한글 패치본 실행 확인이 아님.,"패치·판본 근거: Act 4/Valis2_DiskE_ACT4_HANGUL_PATCH_TABLE_DOC_MANIFEST_CROSSCHECK_2026-08-04.docx, §§2·4·6. 원본 분석 근거: Act 4/Valis2_DiskE_ACT4_runtime_analysis_0001-2483_2026-08-02_DUMP_VERIFIED_CLEANED.docx. 2026-08-02 교정 번역 워크북의 직접 쌍을 유지하고 2026-08-04 현재 패치 문안과 합치지 않는다. ␠ 표기 보존."
E,Act 4,2387~2445,2026-08-02 (corrected),なかばは覚悟していたこと・・・いかんともいたしかねます。・・・今はただ、ヴァリスの戦士を頼りにするほかはありますまい。,어느 정도는 각오했던 일이지만・・・ 어찌할 도리가 없어요。・・・지금은 그저 바리스의 전사에게 희망을 거는 수밖에。,Act 4/Valis2_DiskE_ACT4_japanese_text_translation_workbook_FULLWIDTH_SPACE_MARK_CORRECTED_2026-08-02.docx,"구간표 69 머리글: 분석표 문자행 2387~2445; RAM 문자 범위 E6E7~E75C; 원문·번역표 70, 행 2",작업표에 일본어 원문·한국어 번역 쌍 수록,"2026-08-04 교차검증 패치표는 정적 자료이며, 현재 매니페스트 2,481행/1,674패치 슬롯과 실제 patch-run 지문을 기록. 원본 분석표 2,483행과 구별.",패치표에 QUASI88 한글 패치 런타임 미검증으로 명시. 원본 스트림 덤프·토큰 실행 분석은 한글 패치본 실행 확인이 아님.,"패치·판본 근거: Act 4/Valis2_DiskE_ACT4_HANGUL_PATCH_TABLE_DOC_MANIFEST_CROSSCHECK_2026-08-04.docx, §§2·4·6. 원본 분석 근거: Act 4/Valis2_DiskE_ACT4_runtime_analysis_0001-2483_2026-08-02_DUMP_VERIFIED_CLEANED.docx. 2026-08-02 교정 번역 워크북의 직접 쌍을 유지하고 2026-08-04 현재 패치 문안과 합치지 않는다. ␠ 표기 보존."
E,Act 4,2461~2481,2026-08-02 (corrected),ヴァリスの戦士。・・・優子、頼みましたよ。,바리스의 전사・・・ 유코、당신만이 유일한 희망입니다。,Act 4/Valis2_DiskE_ACT4_japanese_text_translation_workbook_FULLWIDTH_SPACE_MARK_CORRECTED_2026-08-02.docx,"구간표 71 머리글: 분석표 문자행 2461~2481; RAM 문자 범위 E762~E78B; 원문·번역표 72, 행 2",작업표에 일본어 원문·한국어 번역 쌍 수록,"2026-08-04 교차검증 패치표는 정적 자료이며, 현재 매니페스트 2,481행/1,674패치 슬롯과 실제 patch-run 지문을 기록. 원본 분석표 2,483행과 구별.",패치표에 QUASI88 한글 패치 런타임 미검증으로 명시. 원본 스트림 덤프·토큰 실행 분석은 한글 패치본 실행 확인이 아님.,"패치·판본 근거: Act 4/Valis2_DiskE_ACT4_HANGUL_PATCH_TABLE_DOC_MANIFEST_CROSSCHECK_2026-08-04.docx, §§2·4·6. 원본 분석 근거: Act 4/Valis2_DiskE_ACT4_runtime_analysis_0001-2483_2026-08-02_DUMP_VERIFIED_CLEANED.docx. 2026-08-02 교정 번역 워크북의 직접 쌍을 유지하고 2026-08-04 현재 패치 문안과 합치지 않는다. ␠ 표기 보존."
E,Act 4,21~114,2026-08-04 (patch-table current Korean text),,없어！␠판타즘␠주얼리가␠없어！␠벌써␠메가스한테␠넘어간␠건가・・・。으・・・␠몸이␠말을␠듣지␠않아・・・␠바리아님・・・␠더는␠무리예요・・・␠이제・・・␠일어설␠힘조차・・・。,Act 4/Valis2_DiskE_ACT4_HANGUL_PATCH_TABLE_DOC_MANIFEST_CROSSCHECK_2026-08-04.docx,"§4, 번역 그룹 01 (92슬롯); 현재 순번 21~114 · 현재 RAM D861~D91B · 패치 슬롯 1~92",패치표에 현재 한국어 문안만 있음; 일본어 원문은 이 문서에 없음,"2026-08-04 교차검증 패치표는 정적 자료이며, 현재 매니페스트 2,481행/1,674패치 슬롯과 실제 patch-run 지문을 기록. 원본 분석표 2,483행과 구별.",패치표에 QUASI88 한글 패치 런타임 미검증으로 명시. 원본 스트림 덤프·토큰 실행 분석은 한글 패치본 실행 확인이 아님.,"출처: Act 4/Valis2_DiskE_ACT4_HANGUL_PATCH_TABLE_DOC_MANIFEST_CROSSCHECK_2026-08-04.docx, §4의 현재 한국어 문안. 이 문서에 대응 일본어 대사 문장이 직접 제시되지 않아 japanese_original은 비워 둔다. 2026-08-02 번역 워크북의 대사와 행·슬롯 수로 자동 연결하지 않는다. ␠ 표기 보존."
E,Act 4,134~180,2026-08-04 (patch-table current Korean text),,드디어␠저␠계집이␠쓰러졌군요。하지만␠하이젠마저␠당하다니・・・。이제어찌할까요、메가스님？,Act 4/Valis2_DiskE_ACT4_HANGUL_PATCH_TABLE_DOC_MANIFEST_CROSSCHECK_2026-08-04.docx,"§4, 번역 그룹 02 (47슬롯); 현재 순번 134~180 · 현재 RAM D922~D97F · 패치 슬롯 93~139",패치표에 현재 한국어 문안만 있음; 일본어 원문은 이 문서에 없음,"2026-08-04 교차검증 패치표는 정적 자료이며, 현재 매니페스트 2,481행/1,674패치 슬롯과 실제 patch-run 지문을 기록. 원본 분석표 2,483행과 구별.",패치표에 QUASI88 한글 패치 런타임 미검증으로 명시. 원본 스트림 덤프·토큰 실행 분석은 한글 패치본 실행 확인이 아님.,"출처: Act 4/Valis2_DiskE_ACT4_HANGUL_PATCH_TABLE_DOC_MANIFEST_CROSSCHECK_2026-08-04.docx, §4의 현재 한국어 문안. 이 문서에 대응 일본어 대사 문장이 직접 제시되지 않아 japanese_original은 비워 둔다. 2026-08-02 번역 워크북의 대사와 행·슬롯 수로 자동 연결하지 않는다. ␠ 표기 보존."
E,Act 4,195~230,2026-08-04 (patch-table current Korean text),,그냥␠내버려둬라。저대로␠놔두면␠반드시␠그년이␠모습을␠드러낼␠거다。,Act 4/Valis2_DiskE_ACT4_HANGUL_PATCH_TABLE_DOC_MANIFEST_CROSSCHECK_2026-08-04.docx,"§4, 번역 그룹 03 (36슬롯); 현재 순번 195~230 · 현재 RAM D987~D9CE · 패치 슬롯 140~175",패치표에 현재 한국어 문안만 있음; 일본어 원문은 이 문서에 없음,"2026-08-04 교차검증 패치표는 정적 자료이며, 현재 매니페스트 2,481행/1,674패치 슬롯과 실제 patch-run 지문을 기록. 원본 분석표 2,483행과 구별.",패치표에 QUASI88 한글 패치 런타임 미검증으로 명시. 원본 스트림 덤프·토큰 실행 분석은 한글 패치본 실행 확인이 아님.,"출처: Act 4/Valis2_DiskE_ACT4_HANGUL_PATCH_TABLE_DOC_MANIFEST_CROSSCHECK_2026-08-04.docx, §4의 현재 한국어 문안. 이 문서에 대응 일본어 대사 문장이 직접 제시되지 않아 japanese_original은 비워 둔다. 2026-08-02 번역 워크북의 대사와 행·슬롯 수로 자동 연결하지 않는다. ␠ 표기 보존."
E,Act 4,248~282,2026-08-04 (patch-table current Korean text),,다리스님！␠하이젠님이␠빼앗은␠판타즘␠주얼리가␠지금␠도착했습니다！,Act 4/Valis2_DiskE_ACT4_HANGUL_PATCH_TABLE_DOC_MANIFEST_CROSSCHECK_2026-08-04.docx,"§4, 번역 그룹 04 (35슬롯); 현재 순번 248~282 · 현재 RAM D9D6~DA1B · 패치 슬롯 176~210",패치표에 현재 한국어 문안만 있음; 일본어 원문은 이 문서에 없음,"2026-08-04 교차검증 패치표는 정적 자료이며, 현재 매니페스트 2,481행/1,674패치 슬롯과 실제 patch-run 지문을 기록. 원본 분석표 2,483행과 구별.",패치표에 QUASI88 한글 패치 런타임 미검증으로 명시. 원본 스트림 덤프·토큰 실행 분석은 한글 패치본 실행 확인이 아님.,"출처: Act 4/Valis2_DiskE_ACT4_HANGUL_PATCH_TABLE_DOC_MANIFEST_CROSSCHECK_2026-08-04.docx, §4의 현재 한국어 문안. 이 문서에 대응 일본어 대사 문장이 직접 제시되지 않아 japanese_original은 비워 둔다. 2026-08-02 번역 워크북의 대사와 행·슬롯 수로 자동 연결하지 않는다. ␠ 표기 보존."
E,Act 4,294~395,2026-08-04 (patch-table current Korean text),,어디␠보자。오호、이게␠판타즘␠주얼리인가！␠이␠영롱한␠광채、과연␠마치␠빨려들어갈␠정도로␠아름답구나！메가스님、이것이␠우리␠손에␠있는␠이상␠바리스의␠전사라␠한들␠두려워할␠게␠없습니다！,Act 4/Valis2_DiskE_ACT4_HANGUL_PATCH_TABLE_DOC_MANIFEST_CROSSCHECK_2026-08-04.docx,"§4, 번역 그룹 05 (99슬롯); 현재 순번 294~395 · 현재 RAM DA22~DAED · 패치 슬롯 211~309",패치표에 현재 한국어 문안만 있음; 일본어 원문은 이 문서에 없음,"2026-08-04 교차검증 패치표는 정적 자료이며, 현재 매니페스트 2,481행/1,674패치 슬롯과 실제 patch-run 지문을 기록. 원본 분석표 2,483행과 구별.",패치표에 QUASI88 한글 패치 런타임 미검증으로 명시. 원본 스트림 덤프·토큰 실행 분석은 한글 패치본 실행 확인이 아님.,"출처: Act 4/Valis2_DiskE_ACT4_HANGUL_PATCH_TABLE_DOC_MANIFEST_CROSSCHECK_2026-08-04.docx, §4의 현재 한국어 문안. 이 문서에 대응 일본어 대사 문장이 직접 제시되지 않아 japanese_original은 비워 둔다. 2026-08-02 번역 워크북의 대사와 행·슬롯 수로 자동 연결하지 않는다. ␠ 표기 보존."
E,Act 4,419~509,2026-08-04 (patch-table current Korean text),,가엾은␠유코・・・。저␠지경이␠됐는데도␠모른␠척␠외면하라는␠건가요？저렇게␠지쳐␠쓰러져␠상처투성이가␠된␠유코를␠보고도、정녕␠저를␠계속막을␠셈인가요？␠어서␠대답해보세요！,Act 4/Valis2_DiskE_ACT4_HANGUL_PATCH_TABLE_DOC_MANIFEST_CROSSCHECK_2026-08-04.docx,"§4, 번역 그룹 06 (91슬롯); 현재 순번 419~509 · 현재 RAM DAF5~DBAA · 패치 슬롯 310~400",패치표에 현재 한국어 문안만 있음; 일본어 원문은 이 문서에 없음,"2026-08-04 교차검증 패치표는 정적 자료이며, 현재 매니페스트 2,481행/1,674패치 슬롯과 실제 patch-run 지문을 기록. 원본 분석표 2,483행과 구별.",패치표에 QUASI88 한글 패치 런타임 미검증으로 명시. 원본 스트림 덤프·토큰 실행 분석은 한글 패치본 실행 확인이 아님.,"출처: Act 4/Valis2_DiskE_ACT4_HANGUL_PATCH_TABLE_DOC_MANIFEST_CROSSCHECK_2026-08-04.docx, §4의 현재 한국어 문안. 이 문서에 대응 일본어 대사 문장이 직접 제시되지 않아 japanese_original은 비워 둔다. 2026-08-02 번역 워크북의 대사와 행·슬롯 수로 자동 연결하지 않는다. ␠ 표기 보존."
E,Act 4,516~593,2026-08-04 (patch-table current Korean text),,・・・␠바리아님、여태까지␠잘␠참아주셨습니다。이제␠더는␠말리지␠않겠습니다。방어␠시스템이␠완전히␠갖춰지진␠않았으나、저희도␠최선을␠다해보겠습니다。,Act 4/Valis2_DiskE_ACT4_HANGUL_PATCH_TABLE_DOC_MANIFEST_CROSSCHECK_2026-08-04.docx,"§4, 번역 그룹 07 (78슬롯); 현재 순번 516~593 · 현재 RAM DBB2~DC4D · 패치 슬롯 401~478",패치표에 현재 한국어 문안만 있음; 일본어 원문은 이 문서에 없음,"2026-08-04 교차검증 패치표는 정적 자료이며, 현재 매니페스트 2,481행/1,674패치 슬롯과 실제 patch-run 지문을 기록. 원본 분석표 2,483행과 구별.",패치표에 QUASI88 한글 패치 런타임 미검증으로 명시. 원본 스트림 덤프·토큰 실행 분석은 한글 패치본 실행 확인이 아님.,"출처: Act 4/Valis2_DiskE_ACT4_HANGUL_PATCH_TABLE_DOC_MANIFEST_CROSSCHECK_2026-08-04.docx, §4의 현재 한국어 문안. 이 문서에 대응 일본어 대사 문장이 직접 제시되지 않아 japanese_original은 비워 둔다. 2026-08-02 번역 워크북의 대사와 행·슬롯 수로 자동 연결하지 않는다. ␠ 표기 보존."
E,Act 4,600~621,2026-08-04 (patch-table current Korean text),,유코、정신차려요！␠지금␠그쪽으로␠갈게요！,Act 4/Valis2_DiskE_ACT4_HANGUL_PATCH_TABLE_DOC_MANIFEST_CROSSCHECK_2026-08-04.docx,"§4, 번역 그룹 08 (22슬롯); 현재 순번 600~621 · 현재 RAM DC55~DC80 · 패치 슬롯 479~500",패치표에 현재 한국어 문안만 있음; 일본어 원문은 이 문서에 없음,"2026-08-04 교차검증 패치표는 정적 자료이며, 현재 매니페스트 2,481행/1,674패치 슬롯과 실제 patch-run 지문을 기록. 원본 분석표 2,483행과 구별.",패치표에 QUASI88 한글 패치 런타임 미검증으로 명시. 원본 스트림 덤프·토큰 실행 분석은 한글 패치본 실행 확인이 아님.,"출처: Act 4/Valis2_DiskE_ACT4_HANGUL_PATCH_TABLE_DOC_MANIFEST_CROSSCHECK_2026-08-04.docx, §4의 현재 한국어 문안. 이 문서에 대응 일본어 대사 문장이 직접 제시되지 않아 japanese_original은 비워 둔다. 2026-08-02 번역 워크북의 대사와 행·슬롯 수로 자동 연결하지 않는다. ␠ 표기 보존."
E,Act 4,639~660,2026-08-04 (patch-table current Korean text),,다리스님！␠바리아의␠신호가␠포착됐습니다！,Act 4/Valis2_DiskE_ACT4_HANGUL_PATCH_TABLE_DOC_MANIFEST_CROSSCHECK_2026-08-04.docx,"§4, 번역 그룹 09 (22슬롯); 현재 순번 639~660 · 현재 RAM DC88~DCB3 · 패치 슬롯 501~522",패치표에 현재 한국어 문안만 있음; 일본어 원문은 이 문서에 없음,"2026-08-04 교차검증 패치표는 정적 자료이며, 현재 매니페스트 2,481행/1,674패치 슬롯과 실제 patch-run 지문을 기록. 원본 분석표 2,483행과 구별.",패치표에 QUASI88 한글 패치 런타임 미검증으로 명시. 원본 스트림 덤프·토큰 실행 분석은 한글 패치본 실행 확인이 아님.,"출처: Act 4/Valis2_DiskE_ACT4_HANGUL_PATCH_TABLE_DOC_MANIFEST_CROSSCHECK_2026-08-04.docx, §4의 현재 한국어 문안. 이 문서에 대응 일본어 대사 문장이 직접 제시되지 않아 japanese_original은 비워 둔다. 2026-08-02 번역 워크북의 대사와 행·슬롯 수로 자동 연결하지 않는다. ␠ 표기 보존."
E,Act 4,681~718,2026-08-04 (patch-table current Korean text),,뭣이！␠드디어␠꼬리를␠드러냈구나！메가스님、당장␠베칸타포를␠가동하지요！,Act 4/Valis2_DiskE_ACT4_HANGUL_PATCH_TABLE_DOC_MANIFEST_CROSSCHECK_2026-08-04.docx,"§4, 번역 그룹 10 (38슬롯); 현재 순번 681~718 · 현재 RAM DCBB~DD06 · 패치 슬롯 523~560",패치표에 현재 한국어 문안만 있음; 일본어 원문은 이 문서에 없음,"2026-08-04 교차검증 패치표는 정적 자료이며, 현재 매니페스트 2,481행/1,674패치 슬롯과 실제 patch-run 지문을 기록. 원본 분석표 2,483행과 구별.",패치표에 QUASI88 한글 패치 런타임 미검증으로 명시. 원본 스트림 덤프·토큰 실행 분석은 한글 패치본 실행 확인이 아님.,"출처: Act 4/Valis2_DiskE_ACT4_HANGUL_PATCH_TABLE_DOC_MANIFEST_CROSSCHECK_2026-08-04.docx, §4의 현재 한국어 문안. 이 문서에 대응 일본어 대사 문장이 직접 제시되지 않아 japanese_original은 비워 둔다. 2026-08-02 번역 워크북의 대사와 행·슬롯 수로 자동 연결하지 않는다. ␠ 표기 보존."
E,Act 4,733~847,2026-08-04 (patch-table current Korean text),,바리아년、결국␠참지␠못하고␠움직였나。얌전히숨어있었다면␠당분간␠목숨은␠부지했을␠텐데、고작␠계집애␠하나␠구하겠다고␠어리석은␠감정에␠얽매이다니！␠그␠어리석음의␠대가는␠죽음으로␠치루거라！␠즉시␠베칸타포를␠발사해라！,Act 4/Valis2_DiskE_ACT4_HANGUL_PATCH_TABLE_DOC_MANIFEST_CROSSCHECK_2026-08-04.docx,"§4, 번역 그룹 11 (115슬롯); 현재 순번 733~847 · 현재 RAM DD0E~DDF3 · 패치 슬롯 561~675",패치표에 현재 한국어 문안만 있음; 일본어 원문은 이 문서에 없음,"2026-08-04 교차검증 패치표는 정적 자료이며, 현재 매니페스트 2,481행/1,674패치 슬롯과 실제 patch-run 지문을 기록. 원본 분석표 2,483행과 구별.",패치표에 QUASI88 한글 패치 런타임 미검증으로 명시. 원본 스트림 덤프·토큰 실행 분석은 한글 패치본 실행 확인이 아님.,"출처: Act 4/Valis2_DiskE_ACT4_HANGUL_PATCH_TABLE_DOC_MANIFEST_CROSSCHECK_2026-08-04.docx, §4의 현재 한국어 문안. 이 문서에 대응 일본어 대사 문장이 직접 제시되지 않아 japanese_original은 비워 둔다. 2026-08-02 번역 워크북의 대사와 행·슬롯 수로 자동 연결하지 않는다. ␠ 표기 보존."
E,Act 4,870~882,2026-08-04 (patch-table current Korean text),,예！␠명을␠따르겠습니다！,Act 4/Valis2_DiskE_ACT4_HANGUL_PATCH_TABLE_DOC_MANIFEST_CROSSCHECK_2026-08-04.docx,"§4, 번역 그룹 12 (13슬롯); 현재 순번 870~882 · 현재 RAM DE00~DE19 · 패치 슬롯 676~688",패치표에 현재 한국어 문안만 있음; 일본어 원문은 이 문서에 없음,"2026-08-04 교차검증 패치표는 정적 자료이며, 현재 매니페스트 2,481행/1,674패치 슬롯과 실제 patch-run 지문을 기록. 원본 분석표 2,483행과 구별.",패치표에 QUASI88 한글 패치 런타임 미검증으로 명시. 원본 스트림 덤프·토큰 실행 분석은 한글 패치본 실행 확인이 아님.,"출처: Act 4/Valis2_DiskE_ACT4_HANGUL_PATCH_TABLE_DOC_MANIFEST_CROSSCHECK_2026-08-04.docx, §4의 현재 한국어 문안. 이 문서에 대응 일본어 대사 문장이 직접 제시되지 않아 japanese_original은 비워 둔다. 2026-08-02 번역 워크북의 대사와 행·슬롯 수로 자동 연결하지 않는다. ␠ 표기 보존."
E,Act 4,933~1021,2026-08-04 (patch-table current Korean text),,흐흐흐흐흐。이것으로␠바리아는␠내␠손에␠들어온다。그리고␠바니티도␠리얼리티도␠모두␠내␠지배␠하에␠놓일␠것이다、으하하하하！,Act 4/Valis2_DiskE_ACT4_HANGUL_PATCH_TABLE_DOC_MANIFEST_CROSSCHECK_2026-08-04.docx,"§4, 번역 그룹 13 (65슬롯); 현재 순번 933~1021 · 현재 RAM DE41~DEDA · 패치 슬롯 689~753",패치표에 현재 한국어 문안만 있음; 일본어 원문은 이 문서에 없음,"2026-08-04 교차검증 패치표는 정적 자료이며, 현재 매니페스트 2,481행/1,674패치 슬롯과 실제 patch-run 지문을 기록. 원본 분석표 2,483행과 구별.",패치표에 QUASI88 한글 패치 런타임 미검증으로 명시. 원본 스트림 덤프·토큰 실행 분석은 한글 패치본 실행 확인이 아님.,"출처: Act 4/Valis2_DiskE_ACT4_HANGUL_PATCH_TABLE_DOC_MANIFEST_CROSSCHECK_2026-08-04.docx, §4의 현재 한국어 문안. 이 문서에 대응 일본어 대사 문장이 직접 제시되지 않아 japanese_original은 비워 둔다. 2026-08-02 번역 워크북의 대사와 행·슬롯 수로 자동 연결하지 않는다. ␠ 표기 보존."
E,Act 4,1047~1072,2026-08-04 (patch-table current Korean text),,・・・␠유코、들리나요？␠정신차려요。,Act 4/Valis2_DiskE_ACT4_HANGUL_PATCH_TABLE_DOC_MANIFEST_CROSSCHECK_2026-08-04.docx,"§4, 번역 그룹 14 (19슬롯); 현재 순번 1047~1072 · 현재 RAM DEF7~DF25 · 패치 슬롯 754~772",패치표에 현재 한국어 문안만 있음; 일본어 원문은 이 문서에 없음,"2026-08-04 교차검증 패치표는 정적 자료이며, 현재 매니페스트 2,481행/1,674패치 슬롯과 실제 patch-run 지문을 기록. 원본 분석표 2,483행과 구별.",패치표에 QUASI88 한글 패치 런타임 미검증으로 명시. 원본 스트림 덤프·토큰 실행 분석은 한글 패치본 실행 확인이 아님.,"출처: Act 4/Valis2_DiskE_ACT4_HANGUL_PATCH_TABLE_DOC_MANIFEST_CROSSCHECK_2026-08-04.docx, §4의 현재 한국어 문안. 이 문서에 대응 일본어 대사 문장이 직접 제시되지 않아 japanese_original은 비워 둔다. 2026-08-02 번역 워크북의 대사와 행·슬롯 수로 자동 연결하지 않는다. ␠ 표기 보존."
E,Act 4,1086~1199,2026-08-04 (patch-table current Korean text),,바리아님・・・。저는␠이제␠틀렸어요・・・␠몸이␠말을␠안␠들어요・・・␠바리아님・・・죄송해요・・・␠저는␠메가스를␠쓰러뜨리지␠못할␠것␠같아요・・・␠바리아님의␠뜻에␠부응할␠수␠없어요・・・。,Act 4/Valis2_DiskE_ACT4_HANGUL_PATCH_TABLE_DOC_MANIFEST_CROSSCHECK_2026-08-04.docx,"§4, 번역 그룹 15 (100슬롯); 현재 순번 1086~1199 · 현재 RAM DF33~E008 · 패치 슬롯 773~872",패치표에 현재 한국어 문안만 있음; 일본어 원문은 이 문서에 없음,"2026-08-04 교차검증 패치표는 정적 자료이며, 현재 매니페스트 2,481행/1,674패치 슬롯과 실제 patch-run 지문을 기록. 원본 분석표 2,483행과 구별.",패치표에 QUASI88 한글 패치 런타임 미검증으로 명시. 원본 스트림 덤프·토큰 실행 분석은 한글 패치본 실행 확인이 아님.,"출처: Act 4/Valis2_DiskE_ACT4_HANGUL_PATCH_TABLE_DOC_MANIFEST_CROSSCHECK_2026-08-04.docx, §4의 현재 한국어 문안. 이 문서에 대응 일본어 대사 문장이 직접 제시되지 않아 japanese_original은 비워 둔다. 2026-08-02 번역 워크북의 대사와 행·슬롯 수로 자동 연결하지 않는다. ␠ 표기 보존."
E,Act 4,1221~1347,2026-08-04 (patch-table current Korean text),,유코、정신차려요。당신은␠잘␠버텨줬어요。정말␠감사하고␠있어요。판타즘␠주얼리는␠제가반드시␠되찾아␠올␠테니、걱정␠마세요。괜찮아요、당신이라면␠분명␠이␠싸움을␠끝까지␠헤쳐␠나갈␠수␠있어요。용기를␠내세요！,Act 4/Valis2_DiskE_ACT4_HANGUL_PATCH_TABLE_DOC_MANIFEST_CROSSCHECK_2026-08-04.docx,"§4, 번역 그룹 16 (108슬롯); 현재 순번 1221~1347 · 현재 RAM E010~E0FC · 패치 슬롯 873~980",패치표에 현재 한국어 문안만 있음; 일본어 원문은 이 문서에 없음,"2026-08-04 교차검증 패치표는 정적 자료이며, 현재 매니페스트 2,481행/1,674패치 슬롯과 실제 patch-run 지문을 기록. 원본 분석표 2,483행과 구별.",패치표에 QUASI88 한글 패치 런타임 미검증으로 명시. 원본 스트림 덤프·토큰 실행 분석은 한글 패치본 실행 확인이 아님.,"출처: Act 4/Valis2_DiskE_ACT4_HANGUL_PATCH_TABLE_DOC_MANIFEST_CROSSCHECK_2026-08-04.docx, §4의 현재 한국어 문안. 이 문서에 대응 일본어 대사 문장이 직접 제시되지 않아 japanese_original은 비워 둔다. 2026-08-02 번역 워크북의 대사와 행·슬롯 수로 자동 연결하지 않는다. ␠ 표기 보존."
E,Act 4,1371~1422,2026-08-04 (patch-table current Korean text),,어찌␠된␠것이냐！？␠바리아가␠아직도␠멀쩡하지␠않느냐！␠베칸타포가␠제대로␠작동한␠게␠맞느냐！,Act 4/Valis2_DiskE_ACT4_HANGUL_PATCH_TABLE_DOC_MANIFEST_CROSSCHECK_2026-08-04.docx,"§4, 번역 그룹 17 (50슬롯); 현재 순번 1371~1422 · 현재 RAM E108~E16D · 패치 슬롯 981~1030",패치표에 현재 한국어 문안만 있음; 일본어 원문은 이 문서에 없음,"2026-08-04 교차검증 패치표는 정적 자료이며, 현재 매니페스트 2,481행/1,674패치 슬롯과 실제 patch-run 지문을 기록. 원본 분석표 2,483행과 구별.",패치표에 QUASI88 한글 패치 런타임 미검증으로 명시. 원본 스트림 덤프·토큰 실행 분석은 한글 패치본 실행 확인이 아님.,"출처: Act 4/Valis2_DiskE_ACT4_HANGUL_PATCH_TABLE_DOC_MANIFEST_CROSSCHECK_2026-08-04.docx, §4의 현재 한국어 문안. 이 문서에 대응 일본어 대사 문장이 직접 제시되지 않아 japanese_original은 비워 둔다. 2026-08-02 번역 워크북의 대사와 행·슬롯 수로 자동 연결하지 않는다. ␠ 표기 보존."
E,Act 4,1443~1539,2026-08-04 (patch-table current Korean text),,예！␠놈들이␠저희의␠움직임을␠감지하고␠방어␠시스템을␠가동한␠모양입니다！␠출력을␠높이고␠있으나、뚫을수가␠없습니다！␠여기서␠더␠출력을높였다가␠포가␠폭발해␠저희까지␠위험해집니다！！,Act 4/Valis2_DiskE_ACT4_HANGUL_PATCH_TABLE_DOC_MANIFEST_CROSSCHECK_2026-08-04.docx,"§4, 번역 그룹 18 (97슬롯); 현재 순번 1443~1539 · 현재 RAM E175~E236 · 패치 슬롯 1031~1127",패치표에 현재 한국어 문안만 있음; 일본어 원문은 이 문서에 없음,"2026-08-04 교차검증 패치표는 정적 자료이며, 현재 매니페스트 2,481행/1,674패치 슬롯과 실제 patch-run 지문을 기록. 원본 분석표 2,483행과 구별.",패치표에 QUASI88 한글 패치 런타임 미검증으로 명시. 원본 스트림 덤프·토큰 실행 분석은 한글 패치본 실행 확인이 아님.,"출처: Act 4/Valis2_DiskE_ACT4_HANGUL_PATCH_TABLE_DOC_MANIFEST_CROSSCHECK_2026-08-04.docx, §4의 현재 한국어 문안. 이 문서에 대응 일본어 대사 문장이 직접 제시되지 않아 japanese_original은 비워 둔다. 2026-08-02 번역 워크북의 대사와 행·슬롯 수로 자동 연결하지 않는다. ␠ 표기 보존."
E,Act 4,1559~1625,2026-08-04 (patch-table current Korean text),,크으、건방진␠것들！␠상관없다！␠출력을␠더␠높여라！␠바리아를␠놓치기라도␠한다면、다리스␠네놈␠목숨도␠끝인␠줄␠알아라！,Act 4/Valis2_DiskE_ACT4_HANGUL_PATCH_TABLE_DOC_MANIFEST_CROSSCHECK_2026-08-04.docx,"§4, 번역 그룹 19 (63슬롯); 현재 순번 1559~1625 · 현재 RAM E23B~E2BC · 패치 슬롯 1128~1190",패치표에 현재 한국어 문안만 있음; 일본어 원문은 이 문서에 없음,"2026-08-04 교차검증 패치표는 정적 자료이며, 현재 매니페스트 2,481행/1,674패치 슬롯과 실제 patch-run 지문을 기록. 원본 분석표 2,483행과 구별.",패치표에 QUASI88 한글 패치 런타임 미검증으로 명시. 원본 스트림 덤프·토큰 실행 분석은 한글 패치본 실행 확인이 아님.,"출처: Act 4/Valis2_DiskE_ACT4_HANGUL_PATCH_TABLE_DOC_MANIFEST_CROSSCHECK_2026-08-04.docx, §4의 현재 한국어 문안. 이 문서에 대응 일본어 대사 문장이 직접 제시되지 않아 japanese_original은 비워 둔다. 2026-08-02 번역 워크북의 대사와 행·슬롯 수로 자동 연결하지 않는다. ␠ 표기 보존."
E,Act 4,1644~1697,2026-08-04 (patch-table current Korean text),,히이익！！␠네놈들、뭣들␠하느냐！␠당장␠베칸타포의␠출력을␠최대로␠끌어올려라！␠꾸물대지␠말고␠빨리！！,Act 4/Valis2_DiskE_ACT4_HANGUL_PATCH_TABLE_DOC_MANIFEST_CROSSCHECK_2026-08-04.docx,"§4, 번역 그룹 20 (54슬롯); 현재 순번 1644~1697 · 현재 RAM E2C5~E330 · 패치 슬롯 1191~1244",패치표에 현재 한국어 문안만 있음; 일본어 원문은 이 문서에 없음,"2026-08-04 교차검증 패치표는 정적 자료이며, 현재 매니페스트 2,481행/1,674패치 슬롯과 실제 patch-run 지문을 기록. 원본 분석표 2,483행과 구별.",패치표에 QUASI88 한글 패치 런타임 미검증으로 명시. 원본 스트림 덤프·토큰 실행 분석은 한글 패치본 실행 확인이 아님.,"출처: Act 4/Valis2_DiskE_ACT4_HANGUL_PATCH_TABLE_DOC_MANIFEST_CROSSCHECK_2026-08-04.docx, §4의 현재 한국어 문안. 이 문서에 대응 일본어 대사 문장이 직접 제시되지 않아 japanese_original은 비워 둔다. 2026-08-02 번역 워크북의 대사와 행·슬롯 수로 자동 연결하지 않는다. ␠ 표기 보존."
E,Act 4,1728~1763,2026-08-04 (patch-table current Korean text),,바리아님・・・␠바리아님、역시␠도와주러␠와주셨군요・・・。,Act 4/Valis2_DiskE_ACT4_HANGUL_PATCH_TABLE_DOC_MANIFEST_CROSSCHECK_2026-08-04.docx,"§4, 번역 그룹 21 (30슬롯); 현재 순번 1728~1763 · 현재 RAM E34F~E390 · 패치 슬롯 1245~1274",패치표에 현재 한국어 문안만 있음; 일본어 원문은 이 문서에 없음,"2026-08-04 교차검증 패치표는 정적 자료이며, 현재 매니페스트 2,481행/1,674패치 슬롯과 실제 patch-run 지문을 기록. 원본 분석표 2,483행과 구별.",패치표에 QUASI88 한글 패치 런타임 미검증으로 명시. 원본 스트림 덤프·토큰 실행 분석은 한글 패치본 실행 확인이 아님.,"출처: Act 4/Valis2_DiskE_ACT4_HANGUL_PATCH_TABLE_DOC_MANIFEST_CROSSCHECK_2026-08-04.docx, §4의 현재 한국어 문안. 이 문서에 대응 일본어 대사 문장이 직접 제시되지 않아 japanese_original은 비워 둔다. 2026-08-02 번역 워크북의 대사와 행·슬롯 수로 자동 연결하지 않는다. ␠ 표기 보존."
E,Act 4,1787~1877,2026-08-04 (patch-table current Korean text),,유코、미안해요。메가스의␠공격을␠막느라␠당신의␠부름에␠답할␠수␠없었어요。그래도␠너무␠늦지␠않아서␠정말␠다행이에요。・・・␠앗！,Act 4/Valis2_DiskE_ACT4_HANGUL_PATCH_TABLE_DOC_MANIFEST_CROSSCHECK_2026-08-04.docx,"§4, 번역 그룹 22 (68슬롯); 현재 순번 1787~1877 · 현재 RAM E3A0~E44C · 패치 슬롯 1275~1342",패치표에 현재 한국어 문안만 있음; 일본어 원문은 이 문서에 없음,"2026-08-04 교차검증 패치표는 정적 자료이며, 현재 매니페스트 2,481행/1,674패치 슬롯과 실제 patch-run 지문을 기록. 원본 분석표 2,483행과 구별.",패치표에 QUASI88 한글 패치 런타임 미검증으로 명시. 원본 스트림 덤프·토큰 실행 분석은 한글 패치본 실행 확인이 아님.,"출처: Act 4/Valis2_DiskE_ACT4_HANGUL_PATCH_TABLE_DOC_MANIFEST_CROSSCHECK_2026-08-04.docx, §4의 현재 한국어 문안. 이 문서에 대응 일본어 대사 문장이 직접 제시되지 않아 japanese_original은 비워 둔다. 2026-08-02 번역 워크북의 대사와 행·슬롯 수로 자동 연결하지 않는다. ␠ 표기 보존."
E,Act 4,1901~1921,2026-08-04 (patch-table current Korean text),,！␠바리아님！？␠왜␠그러세요、바리아님！,Act 4/Valis2_DiskE_ACT4_HANGUL_PATCH_TABLE_DOC_MANIFEST_CROSSCHECK_2026-08-04.docx,"§4, 번역 그룹 23 (21슬롯); 현재 순번 1901~1921 · 현재 RAM E454~E47D · 패치 슬롯 1343~1363",패치표에 현재 한국어 문안만 있음; 일본어 원문은 이 문서에 없음,"2026-08-04 교차검증 패치표는 정적 자료이며, 현재 매니페스트 2,481행/1,674패치 슬롯과 실제 patch-run 지문을 기록. 원본 분석표 2,483행과 구별.",패치표에 QUASI88 한글 패치 런타임 미검증으로 명시. 원본 스트림 덤프·토큰 실행 분석은 한글 패치본 실행 확인이 아님.,"출처: Act 4/Valis2_DiskE_ACT4_HANGUL_PATCH_TABLE_DOC_MANIFEST_CROSSCHECK_2026-08-04.docx, §4의 현재 한국어 문안. 이 문서에 대응 일본어 대사 문장이 직접 제시되지 않아 japanese_original은 비워 둔다. 2026-08-02 번역 워크북의 대사와 행·슬롯 수로 자동 연결하지 않는다. ␠ 표기 보존."
E,Act 4,1946~1954,2026-08-04 (patch-table current Korean text),,아아아・・・！,Act 4/Valis2_DiskE_ACT4_HANGUL_PATCH_TABLE_DOC_MANIFEST_CROSSCHECK_2026-08-04.docx,"§4, 번역 그룹 24 (7슬롯); 현재 순번 1946~1954 · 현재 RAM E485~E494 · 패치 슬롯 1364~1370",패치표에 현재 한국어 문안만 있음; 일본어 원문은 이 문서에 없음,"2026-08-04 교차검증 패치표는 정적 자료이며, 현재 매니페스트 2,481행/1,674패치 슬롯과 실제 patch-run 지문을 기록. 원본 분석표 2,483행과 구별.",패치표에 QUASI88 한글 패치 런타임 미검증으로 명시. 원본 스트림 덤프·토큰 실행 분석은 한글 패치본 실행 확인이 아님.,"출처: Act 4/Valis2_DiskE_ACT4_HANGUL_PATCH_TABLE_DOC_MANIFEST_CROSSCHECK_2026-08-04.docx, §4의 현재 한국어 문안. 이 문서에 대응 일본어 대사 문장이 직접 제시되지 않아 japanese_original은 비워 둔다. 2026-08-02 번역 워크북의 대사와 행·슬롯 수로 자동 연결하지 않는다. ␠ 표기 보존."
E,Act 4,1976~1981,2026-08-04 (patch-table current Korean text),,바라아님！！,Act 4/Valis2_DiskE_ACT4_HANGUL_PATCH_TABLE_DOC_MANIFEST_CROSSCHECK_2026-08-04.docx,"§4, 번역 그룹 25 (6슬롯); 현재 순번 1976~1981 · 현재 RAM E49A~E4A5 · 패치 슬롯 1371~1376",패치표에 현재 한국어 문안만 있음; 일본어 원문은 이 문서에 없음,"2026-08-04 교차검증 패치표는 정적 자료이며, 현재 매니페스트 2,481행/1,674패치 슬롯과 실제 patch-run 지문을 기록. 원본 분석표 2,483행과 구별.",패치표에 QUASI88 한글 패치 런타임 미검증으로 명시. 원본 스트림 덤프·토큰 실행 분석은 한글 패치본 실행 확인이 아님.,"출처: Act 4/Valis2_DiskE_ACT4_HANGUL_PATCH_TABLE_DOC_MANIFEST_CROSSCHECK_2026-08-04.docx, §4의 현재 한국어 문안. 이 문서에 대응 일본어 대사 문장이 직접 제시되지 않아 japanese_original은 비워 둔다. 2026-08-02 번역 워크북의 대사와 행·슬롯 수로 자동 연결하지 않는다. ␠ 표기 보존."
E,Act 4,2005~2024,2026-08-04 (patch-table current Korean text),,됐다！！␠방어막이␠뚫렸다！␠조금만더！,Act 4/Valis2_DiskE_ACT4_HANGUL_PATCH_TABLE_DOC_MANIFEST_CROSSCHECK_2026-08-04.docx,"§4, 번역 그룹 26 (20슬롯); 현재 순번 2005~2024 · 현재 RAM E4B3~E4DA · 패치 슬롯 1377~1396",패치표에 현재 한국어 문안만 있음; 일본어 원문은 이 문서에 없음,"2026-08-04 교차검증 패치표는 정적 자료이며, 현재 매니페스트 2,481행/1,674패치 슬롯과 실제 patch-run 지문을 기록. 원본 분석표 2,483행과 구별.",패치표에 QUASI88 한글 패치 런타임 미검증으로 명시. 원본 스트림 덤프·토큰 실행 분석은 한글 패치본 실행 확인이 아님.,"출처: Act 4/Valis2_DiskE_ACT4_HANGUL_PATCH_TABLE_DOC_MANIFEST_CROSSCHECK_2026-08-04.docx, §4의 현재 한국어 문안. 이 문서에 대응 일본어 대사 문장이 직접 제시되지 않아 japanese_original은 비워 둔다. 2026-08-02 번역 워크북의 대사와 행·슬롯 수로 자동 연결하지 않는다. ␠ 표기 보존."
E,Act 4,2062~2097,2026-08-04 (patch-table current Korean text),,・・・␠뭐지、이␠진동은！？␠설마、베칸타포가・・・␠으아악！,Act 4/Valis2_DiskE_ACT4_HANGUL_PATCH_TABLE_DOC_MANIFEST_CROSSCHECK_2026-08-04.docx,"§4, 번역 그룹 27 (31슬롯); 현재 순번 2062~2097 · 현재 RAM E4F2~E534 · 패치 슬롯 1397~1427",패치표에 현재 한국어 문안만 있음; 일본어 원문은 이 문서에 없음,"2026-08-04 교차검증 패치표는 정적 자료이며, 현재 매니페스트 2,481행/1,674패치 슬롯과 실제 patch-run 지문을 기록. 원본 분석표 2,483행과 구별.",패치표에 QUASI88 한글 패치 런타임 미검증으로 명시. 원본 스트림 덤프·토큰 실행 분석은 한글 패치본 실행 확인이 아님.,"출처: Act 4/Valis2_DiskE_ACT4_HANGUL_PATCH_TABLE_DOC_MANIFEST_CROSSCHECK_2026-08-04.docx, §4의 현재 한국어 문안. 이 문서에 대응 일본어 대사 문장이 직접 제시되지 않아 japanese_original은 비워 둔다. 2026-08-02 번역 워크북의 대사와 행·슬롯 수로 자동 연결하지 않는다. ␠ 표기 보존."
E,Act 4,2117~2155,2026-08-04 (patch-table current Korean text),,크윽！␠바리아가␠도망친다！␠바리아를␠놓쳐선␠안␠된다！！,Act 4/Valis2_DiskE_ACT4_HANGUL_PATCH_TABLE_DOC_MANIFEST_CROSSCHECK_2026-08-04.docx,"§4, 번역 그룹 28 (30슬롯); 현재 순번 2117~2155 · 현재 RAM E55A~E5A3 · 패치 슬롯 1428~1457",패치표에 현재 한국어 문안만 있음; 일본어 원문은 이 문서에 없음,"2026-08-04 교차검증 패치표는 정적 자료이며, 현재 매니페스트 2,481행/1,674패치 슬롯과 실제 patch-run 지문을 기록. 원본 분석표 2,483행과 구별.",패치표에 QUASI88 한글 패치 런타임 미검증으로 명시. 원본 스트림 덤프·토큰 실행 분석은 한글 패치본 실행 확인이 아님.,"출처: Act 4/Valis2_DiskE_ACT4_HANGUL_PATCH_TABLE_DOC_MANIFEST_CROSSCHECK_2026-08-04.docx, §4의 현재 한국어 문안. 이 문서에 대응 일본어 대사 문장이 직접 제시되지 않아 japanese_original은 비워 둔다. 2026-08-02 번역 워크북의 대사와 행·슬롯 수로 자동 연결하지 않는다. ␠ 표기 보존."
E,Act 4,2173~2188,2026-08-04 (patch-table current Korean text),,아아、바리아님이␠사라지셨어요！,Act 4/Valis2_DiskE_ACT4_HANGUL_PATCH_TABLE_DOC_MANIFEST_CROSSCHECK_2026-08-04.docx,"§4, 번역 그룹 29 (16슬롯); 현재 순번 2173~2188 · 현재 RAM E5B8~E5D7 · 패치 슬롯 1458~1473",패치표에 현재 한국어 문안만 있음; 일본어 원문은 이 문서에 없음,"2026-08-04 교차검증 패치표는 정적 자료이며, 현재 매니페스트 2,481행/1,674패치 슬롯과 실제 patch-run 지문을 기록. 원본 분석표 2,483행과 구별.",패치표에 QUASI88 한글 패치 런타임 미검증으로 명시. 원본 스트림 덤프·토큰 실행 분석은 한글 패치본 실행 확인이 아님.,"출처: Act 4/Valis2_DiskE_ACT4_HANGUL_PATCH_TABLE_DOC_MANIFEST_CROSSCHECK_2026-08-04.docx, §4의 현재 한국어 문안. 이 문서에 대응 일본어 대사 문장이 직접 제시되지 않아 japanese_original은 비워 둔다. 2026-08-02 번역 워크북의 대사와 행·슬롯 수로 자동 연결하지 않는다. ␠ 표기 보존."
E,Act 4,2204~2226,2026-08-04 (patch-table current Korean text),,바리아님이␠이곳으로␠돌아오지␠않으셨습니다！,Act 4/Valis2_DiskE_ACT4_HANGUL_PATCH_TABLE_DOC_MANIFEST_CROSSCHECK_2026-08-04.docx,"§4, 번역 그룹 30 (23슬롯); 현재 순번 2204~2226 · 현재 RAM E5DD~E60A · 패치 슬롯 1474~1496",패치표에 현재 한국어 문안만 있음; 일본어 원문은 이 문서에 없음,"2026-08-04 교차검증 패치표는 정적 자료이며, 현재 매니페스트 2,481행/1,674패치 슬롯과 실제 patch-run 지문을 기록. 원본 분석표 2,483행과 구별.",패치표에 QUASI88 한글 패치 런타임 미검증으로 명시. 원본 스트림 덤프·토큰 실행 분석은 한글 패치본 실행 확인이 아님.,"출처: Act 4/Valis2_DiskE_ACT4_HANGUL_PATCH_TABLE_DOC_MANIFEST_CROSSCHECK_2026-08-04.docx, §4의 현재 한국어 문안. 이 문서에 대응 일본어 대사 문장이 직접 제시되지 않아 japanese_original은 비워 둔다. 2026-08-02 번역 워크북의 대사와 행·슬롯 수로 자동 연결하지 않는다. ␠ 표기 보존."
E,Act 4,2242~2269,2026-08-04 (patch-table current Korean text),,그렇다면␠바리아님이␠메가스에게␠붙잡혔다는␠건가요！？,Act 4/Valis2_DiskE_ACT4_HANGUL_PATCH_TABLE_DOC_MANIFEST_CROSSCHECK_2026-08-04.docx,"§4, 번역 그룹 31 (28슬롯); 현재 순번 2242~2269 · 현재 RAM E610~E647 · 패치 슬롯 1497~1524",패치표에 현재 한국어 문안만 있음; 일본어 원문은 이 문서에 없음,"2026-08-04 교차검증 패치표는 정적 자료이며, 현재 매니페스트 2,481행/1,674패치 슬롯과 실제 patch-run 지문을 기록. 원본 분석표 2,483행과 구별.",패치표에 QUASI88 한글 패치 런타임 미검증으로 명시. 원본 스트림 덤프·토큰 실행 분석은 한글 패치본 실행 확인이 아님.,"출처: Act 4/Valis2_DiskE_ACT4_HANGUL_PATCH_TABLE_DOC_MANIFEST_CROSSCHECK_2026-08-04.docx, §4의 현재 한국어 문안. 이 문서에 대응 일본어 대사 문장이 직접 제시되지 않아 japanese_original은 비워 둔다. 2026-08-02 번역 워크북의 대사와 행·슬롯 수로 자동 연결하지 않는다. ␠ 표기 보존."
E,Act 4,2285~2304,2026-08-04 (patch-table current Korean text),,・・・유감스럽게도、그런␠것␠같습니다。,Act 4/Valis2_DiskE_ACT4_HANGUL_PATCH_TABLE_DOC_MANIFEST_CROSSCHECK_2026-08-04.docx,"§4, 번역 그룹 32 (20슬롯); 현재 순번 2285~2304 · 현재 RAM E64D~E674 · 패치 슬롯 1525~1544",패치표에 현재 한국어 문안만 있음; 일본어 원문은 이 문서에 없음,"2026-08-04 교차검증 패치표는 정적 자료이며, 현재 매니페스트 2,481행/1,674패치 슬롯과 실제 patch-run 지문을 기록. 원본 분석표 2,483행과 구별.",패치표에 QUASI88 한글 패치 런타임 미검증으로 명시. 원본 스트림 덤프·토큰 실행 분석은 한글 패치본 실행 확인이 아님.,"출처: Act 4/Valis2_DiskE_ACT4_HANGUL_PATCH_TABLE_DOC_MANIFEST_CROSSCHECK_2026-08-04.docx, §4의 현재 한국어 문안. 이 문서에 대응 일본어 대사 문장이 직접 제시되지 않아 japanese_original은 비워 둔다. 2026-08-02 번역 워크북의 대사와 행·슬롯 수로 자동 연결하지 않는다. ␠ 표기 보존."
E,Act 4,2320~2357,2026-08-04 (patch-table current Korean text),,아아、그런␠애통한␠일이・・・␠바리아님을␠구할␠방법이␠없는␠건가요！？␠,Act 4/Valis2_DiskE_ACT4_HANGUL_PATCH_TABLE_DOC_MANIFEST_CROSSCHECK_2026-08-04.docx,"§4, 번역 그룹 33 (38슬롯); 현재 순번 2320~2357 · 현재 RAM E67A~E6C5 · 패치 슬롯 1545~1582",패치표에 현재 한국어 문안만 있음; 일본어 원문은 이 문서에 없음,"2026-08-04 교차검증 패치표는 정적 자료이며, 현재 매니페스트 2,481행/1,674패치 슬롯과 실제 patch-run 지문을 기록. 원본 분석표 2,483행과 구별.",패치표에 QUASI88 한글 패치 런타임 미검증으로 명시. 원본 스트림 덤프·토큰 실행 분석은 한글 패치본 실행 확인이 아님.,"출처: Act 4/Valis2_DiskE_ACT4_HANGUL_PATCH_TABLE_DOC_MANIFEST_CROSSCHECK_2026-08-04.docx, §4의 현재 한국어 문안. 이 문서에 대응 일본어 대사 문장이 직접 제시되지 않아 japanese_original은 비워 둔다. 2026-08-02 번역 워크북의 대사와 행·슬롯 수로 자동 연결하지 않는다. ␠ 표기 보존."
E,Act 4,2373~2436,2026-08-04 (patch-table current Korean text),,어느␠정도는␠각오했던␠일입니다만・・・␠어찌할␠도리가␠없어요。・・・지금은␠그저␠바리스의␠전사에게␠희망을␠거는␠수밖에。,Act 4/Valis2_DiskE_ACT4_HANGUL_PATCH_TABLE_DOC_MANIFEST_CROSSCHECK_2026-08-04.docx,"§4, 번역 그룹 34 (64슬롯); 현재 순번 2373~2436 · 현재 RAM E6CB~E74A · 패치 슬롯 1583~1646",패치표에 현재 한국어 문안만 있음; 일본어 원문은 이 문서에 없음,"2026-08-04 교차검증 패치표는 정적 자료이며, 현재 매니페스트 2,481행/1,674패치 슬롯과 실제 patch-run 지문을 기록. 원본 분석표 2,483행과 구별.",패치표에 QUASI88 한글 패치 런타임 미검증으로 명시. 원본 스트림 덤프·토큰 실행 분석은 한글 패치본 실행 확인이 아님.,"출처: Act 4/Valis2_DiskE_ACT4_HANGUL_PATCH_TABLE_DOC_MANIFEST_CROSSCHECK_2026-08-04.docx, §4의 현재 한국어 문안. 이 문서에 대응 일본어 대사 문장이 직접 제시되지 않아 japanese_original은 비워 둔다. 2026-08-02 번역 워크북의 대사와 행·슬롯 수로 자동 연결하지 않는다. ␠ 표기 보존."
E,Act 4,2452~2479,2026-08-04 (patch-table current Korean text),,바리스의␠전사・・・␠유코、당신만이유일한␠희망입니다。,Act 4/Valis2_DiskE_ACT4_HANGUL_PATCH_TABLE_DOC_MANIFEST_CROSSCHECK_2026-08-04.docx,"§4, 번역 그룹 35 (28슬롯); 현재 순번 2452~2479 · 현재 RAM E750~E787 · 패치 슬롯 1647~1674",패치표에 현재 한국어 문안만 있음; 일본어 원문은 이 문서에 없음,"2026-08-04 교차검증 패치표는 정적 자료이며, 현재 매니페스트 2,481행/1,674패치 슬롯과 실제 patch-run 지문을 기록. 원본 분석표 2,483행과 구별.",패치표에 QUASI88 한글 패치 런타임 미검증으로 명시. 원본 스트림 덤프·토큰 실행 분석은 한글 패치본 실행 확인이 아님.,"출처: Act 4/Valis2_DiskE_ACT4_HANGUL_PATCH_TABLE_DOC_MANIFEST_CROSSCHECK_2026-08-04.docx, §4의 현재 한국어 문안. 이 문서에 대응 일본어 대사 문장이 직접 제시되지 않아 japanese_original은 비워 둔다. 2026-08-02 번역 워크북의 대사와 행·슬롯 수로 자동 연결하지 않는다. ␠ 표기 보존."
