순번,주소,바이트,분류,핵심 확인값
1,CE60~CE61,0C 01,기존 확인 0Ch 계열 / C008 파라미터 저장,ACT 2 파라미터 01
2,CE62~CE63,06 0E,기존 확인 06h 계열 / 상태 설정,ACT 2 파라미터 0E
3,CE64~CE66,1E 3C 08,기존 확인 1Eh 계열 / 간접 CALL 083C→0F12,호출 대상 083C
4,CE67~CE6C,05 16 86 3A 9E 04,기존 확인 05h 계열 / 영역·좌표 상태 설정·전개,ACT 2 인자 16 86 3A 9E 04
5,CE6D~CE71,0E 16 20 24 80,기존 확인 0Eh 계열 / 화면·버퍼 초기화·전개,ACT 2 인자 16 20 24 80
6,CE72~CE7C,1F 05 4B 03 02 05 4B 03 02 00 88,기존 확인 1Fh 계열 / 그래픽·전송 제어,현재 11바이트 범위
7,CE7D~CE81,0F 01 2A 03 0F,기존 확인 0Fh 계열 제어토큰,ACT 2 인자 01 2A 03 0F
8,CE82~CE84,1E 16 A4,기존 확인 1Eh 계열 / 간접 CALL·배경음악 제어,호출 대상 A416
9,CE85~CE86,01 00,기존 확인 01h 계열 / 하위 제어 래퍼,01h 계열 하위 제어 래퍼; ACT 2 하위코드 00
10,CE87~CE8A,04 E4 D4 41,기존 확인 04h 계열 / CAA8 슬롯 포인터 설정,D4E4 포인터를 41h 슬롯에 설정
11,CE8B~CE8C,25 2B,기존 확인 25h 계열 / CA1D 입 움직임 효과음 인덱스 설정,CA1D=2B
12,CE8D,41,기존 확인 41~50h 계열 / CAA8[0] 슬롯 실행,앞서 설정한 D4E4 슬롯 참조
13,CE8E~CE8F,88 E9,패치 슬롯 0001 | 한글 문자 | 바,번역 01-001/048 · 바 / 토큰 88 E9 / KANJI E0B0 / 가나다순 168
14,CE90~CE91,88 CC,패치 슬롯 0002 | 한글 문자 | 리,번역 01-002/048 · 리 / 토큰 88 CC / KANJI A0E0 / 가나다순 137
15,CE92~CE93,89 60,패치 슬롯 0003 | 한글 문자 | 아,번역 01-003/048 · 아 / 토큰 89 60 / KANJI A210 / 가나다순 223
16,CE94~CE95,82 E6,패치 슬롯 0004 | 한글 문자 | 님,번역 01-004/048 · 님 / 토큰 82 E6 / KANJI 3880 / 가나다순 77
17,CE96~CE97,81 45,패치 슬롯 0005 | 문장부호 | ・,번역 01-005/048 · ・ / 토큰 81 45 / PC-88 가운데점 토큰
18,CE98~CE99,81 45,기존 확인 특수부호 / ・,KANJI 1260·1261; A420 미호출
19,CE9A~CE9B,81 45,기존 확인 특수부호 / ・,KANJI 1260·1261; A420 미호출
20,CE9C~CE9D,81 40,패치 슬롯 0008 | 전각 공백 | ␠,번역 01-008/048 · ␠ / 토큰 81 40 / PC-88 전각 공백 토큰
21,CE9E~CE9F,89 6C,패치 슬롯 0009 | 한글 문자 | 어,번역 01-009/048 · 어 / 토큰 89 6C / KANJI A2D0 / 가나다순 235
22,CEA0~CEA1,88 B0,패치 슬롯 0010 | 한글 문자 | 떻,번역 01-010/048 · 떻 / 토큰 88 B0 / KANJI 6120 / 가나다순 108
23,CEA2~CEA3,82 AB,패치 슬롯 0011 | 한글 문자 | 게,번역 01-011/048 · 게 / 토큰 82 AB / KANJI 18D0 / 가나다순 13
24,CEA4~CEA5,81 40,패치 슬롯 0012 | 전각 공백 | ␠,번역 01-012/048 · ␠ / 토큰 81 40 / PC-88 전각 공백 토큰
25,CEA6~CEA7,88 A3,패치 슬롯 0013 | 한글 문자 | 된,번역 01-013/048 · 된 / 토큰 88 A3 / KANJI 6050 / 가나다순 94
26,CEA8~CEA9,81 40,패치 슬롯 0014 | 전각 공백 | ␠,번역 01-014/048 · ␠ / 토큰 81 40 / PC-88 전각 공백 토큰
27,CEAA~CEAB,82 A7,패치 슬롯 0015 | 한글 문자 | 건,번역 01-015/048 · 건 / 토큰 82 A7 / KANJI 1890 / 가나다순 9
28,CEAC~CEAD,82 9F,패치 슬롯 0016 | 한글 문자 | 가,번역 01-016/048 · 가 / 토큰 82 9F / KANJI 1810 / 가나다순 1
29,CEAE~CEAF,89 80,패치 슬롯 0017 | 한글 문자 | 요,번역 01-017/048 · 요 / 토큰 89 80 / KANJI E200 / 가나다순 255
30,CEB0~CEB1,81 48,패치 슬롯 0018 | 문장부호 | ？,번역 01-018/048 · ？ / 토큰 81 48 / PC-88 전각 물음표 토큰
31,CEB2~CEB3,89 7D,패치 슬롯 0019 | 한글 문자 | 왜,번역 01-019/048 · 왜 / 토큰 89 7D / KANJI A3E0 / 가나다순 253
32,CEB4~CEB5,81 40,패치 슬롯 0020 | 전각 공백 | ␠,번역 01-020/048 · ␠ / 토큰 81 40 / PC-88 전각 공백 토큰
33,CEB6~CEB7,88 FC,패치 슬롯 0021 | 한글 문자 | 불,번역 01-021/048 · 불 / 토큰 88 FC / KANJI E1E0 / 가나다순 187
34,CEB8~CEB9,88 BB,패치 슬롯 0022 | 한글 문자 | 러,번역 01-022/048 · 러 / 토큰 88 BB / KANJI 61D0 / 가나다순 120
35,CEBA~CEBB,82 F1,패치 슬롯 0023 | 한글 문자 | 도,번역 01-023/048 · 도 / 토큰 82 F1 / KANJI 3930 / 가나다순 89
36,CEBC~CEBD,81 40,패치 슬롯 0024 | 전각 공백 | ␠,번역 01-024/048 · ␠ / 토큰 81 40 / PC-88 전각 공백 토큰
37,CEBE~CEBF,82 EC,패치 슬롯 0025 | 한글 문자 | 대,번역 01-025/048 · 대 / 토큰 82 EC / KANJI 38E0 / 가나다순 84
38,CEC0~CEC1,8A 41,패치 슬롯 0026 | 한글 문자 | 답,번역 01-026/048 · 답 / 토큰 8A 41 / KANJI 6620 / 가나다순 82
39,CEC2~CEC3,89 8D,패치 슬롯 0027 | 한글 문자 | 이,번역 01-027/048 · 이 / 토큰 89 8D / KANJI E2D0 / 가나다순 268
40,CEC4~CEC5,81 40,패치 슬롯 0028 | 전각 공백 | ␠,번역 01-028/048 · ␠ / 토큰 81 40 / PC-88 전각 공백 토큰
41,CEC6~CEC7,89 6E,패치 슬롯 0029 | 한글 문자 | 없,번역 01-029/048 · 없 / 토큰 89 6E / KANJI A2F0 / 가나다순 237
42,CEC8~CEC9,82 CE,패치 슬롯 0030 | 한글 문자 | 나,번역 01-030/048 · 나 / 토큰 82 CE / KANJI 2900 / 가나다순 52
43,CECA~CECB,89 80,패치 슬롯 0031 | 한글 문자 | 요,번역 01-031/048 · 요 / 토큰 89 80 / KANJI E200 / 가나다순 255
44,CECC~CECD,81 45,패치 슬롯 0032 | 문장부호 | ・,번역 01-032/048 · ・ / 토큰 81 45 / PC-88 가운데점 토큰
45,CECE~CECF,81 45,패치 슬롯 0033 | 문장부호 | ・,번역 01-033/048 · ・ / 토큰 81 45 / PC-88 가운데점 토큰
46,CED0~CED1,81 45,패치 슬롯 0034 | 문장부호 | ・,번역 01-034/048 · ・ / 토큰 81 45 / PC-88 가운데점 토큰
47,CED2~CED3,81 42,패치 슬롯 0035 | 문장부호 | 。,번역 01-035/048 · 。 / 토큰 81 42 / PC-88 전각 마침표 토큰
48,CED4~CED5,89 A1,패치 슬롯 0036 | 한글 문자 | 제,번역 01-036/048 · 제 / 토큰 89 A1 / KANJI 6430 / 가나다순 291
49,CED6~CED7,88 EC,패치 슬롯 0037 | 한글 문자 | 발,번역 01-037/048 · 발 / 토큰 88 EC / KANJI E0E0 / 가나다순 171
50,CED8~CED9,81 40,패치 슬롯 0038 | 전각 공백 | ␠,번역 01-038/048 · ␠ / 토큰 81 40 / PC-88 전각 공백 토큰
51,CEDA~CEDB,82 EC,패치 슬롯 0039 | 한글 문자 | 대,번역 01-039/048 · 대 / 토큰 82 EC / KANJI 38E0 / 가나다순 84
52,CEDC~CEDD,8A 41,패치 슬롯 0040 | 한글 문자 | 답,번역 01-040/048 · 답 / 토큰 8A 41 / KANJI 6620 / 가나다순 82
53,CEDE~CEDF,89 E8,패치 슬롯 0041 | 한글 문자 | 해,번역 01-041/048 · 해 / 토큰 89 E8 / KANJI E4A0 / 가나다순 369
54,CEE0~CEE1,89 AA,패치 슬롯 0042 | 한글 문자 | 주,번역 01-042/048 · 주 / 토큰 89 AA / KANJI 64C0 / 가나다순 300
55,CEE2~CEE3,89 4E,패치 슬롯 0043 | 한글 문자 | 세,번역 01-043/048 · 세 / 토큰 89 4E / KANJI 62F0 / 가나다순 202
56,CEE4~CEE5,89 80,패치 슬롯 0044 | 한글 문자 | 요,번역 01-044/048 · 요 / 토큰 89 80 / KANJI E200 / 가나다순 255
57,CEE6~CEE7,81 45,패치 슬롯 0045 | 문장부호 | ・,번역 01-045/048 · ・ / 토큰 81 45 / PC-88 가운데점 토큰
58,CEE8~CEE9,81 45,패치 슬롯 0046 | 문장부호 | ・,번역 01-046/048 · ・ / 토큰 81 45 / PC-88 가운데점 토큰
59,CEEA~CEEB,81 45,패치 슬롯 0047 | 문장부호 | ・,번역 01-047/048 · ・ / 토큰 81 45 / PC-88 가운데점 토큰
60,CEEC~CEED,81 42,패치 슬롯 0048 | 문장부호 | 。,번역 01-048/048 · 。 / 토큰 81 42 / PC-88 전각 마침표 토큰
61,CEEE,61,기존 확인 61~70h 계열 / CAA8[0] 작업슬롯 비활성화,61h 계열 CAA8[0] 작업슬롯 비활성화 제어토큰
62,CEEF~CEF1,16 85 D3,기존 확인 16h 계열 / 서브스트림 호출·전환 → D385,16h 계열 호출 대상 D385; ACT 2 런타임 전환 확인
63,D385~D389,0F 03 22 03 0D,기존 확인 0Fh 계열 제어토큰,0Fh 계열 제어토큰; ACT 2 인자 03 22 03 0D
64,D38A~D38F,05 0D A4 44 BC 00,기존 확인 05h 계열 / 영역·좌표 상태 설정·전개,05h 계열 제어토큰; ACT 2 인자 0D A4 44 BC 00
65,D390~D394,0E 0D 00 37 C0,기존 확인 0Eh 계열 / 화면·버퍼 초기화·전개,0Eh 계열 표시·버퍼 설정 제어토큰; ACT 2 인자 0D 00 37 C0
66,D395~D397,13 5C D4,기존 확인 13h 계열 제어토큰,13h 계열 3바이트 제어토큰; ACT 2 인자 5C D4
67,D398~D39A,10 0D 04,기존 확인 10h 계열 제어토큰,10h 계열 3바이트 제어토큰; ACT 2 인자 0D 04
68,D39B~D39C,25 2D,기존 확인 25h 계열 / CA1D 입 움직임 효과음 인덱스 설정,25h 계열 제어토큰; CA1D=2D
69,D39D,17,기존 확인 17h 계열 / 서브스트림 복귀,17h 계열 복귀 제어토큰; ACT 2 런타임 복귀 위치 CEFE 확인
70,CEF2~CEF3,89 70,패치 슬롯 0049 | 한글 문자 | 에,번역 02-001/036 · 에 / 토큰 89 70 / KANJI A310 / 가나다순 239
71,CEF4~CEF5,8A 4C,패치 슬롯 0050 | 한글 문자 | 잇,번역 02-002/036 · 잇 / 토큰 8A 4C / KANJI 66D0 / 가나다순 275
72,CEF6~CEF7,81 49,패치 슬롯 0051 | 문장부호 | ！,번역 02-003/036 · ！ / 토큰 81 49 / PC-88 전각 느낌표 토큰
73,CEF8~CEF9,81 40,패치 슬롯 0052 | 전각 공백 | ␠,번역 02-004/036 · ␠ / 토큰 81 40 / PC-88 전각 공백 토큰
74,CEFA~CEFB,82 EC,패치 슬롯 0053 | 한글 문자 | 대,번역 02-005/036 · 대 / 토큰 82 EC / KANJI 38E0 / 가나다순 84
75,CEFC~CEFD,89 BB,패치 슬롯 0054 | 한글 문자 | 체,번역 02-006/036 · 체 / 토큰 89 BB / KANJI 65D0 / 가나다순 320
76,CEFE~CEFF,81 40,패치 슬롯 0055 | 전각 공백 | ␠,번역 02-007/036 · ␠ / 토큰 81 40 / PC-88 전각 공백 토큰
77,CF00~CF01,8A 45,패치 슬롯 0056 | 한글 문자 | 뭣,번역 02-008/036 · 뭣 / 토큰 8A 45 / KANJI 6660 / 가나다순 165
78,CF02~CF03,88 AA,패치 슬롯 0057 | 한글 문자 | 들,번역 02-009/036 · 들 / 토큰 88 AA / KANJI 60C0 / 가나다순 102
79,CF04~CF05,81 40,패치 슬롯 0058 | 전각 공백 | ␠,번역 02-010/036 · ␠ / 토큰 81 40 / PC-88 전각 공백 토큰
80,CF06~CF07,89 E2,패치 슬롯 0059 | 한글 문자 | 하,번역 02-011/036 · 하 / 토큰 89 E2 / KANJI E440 / 가나다순 362
81,CF08~CF09,82 E2,패치 슬롯 0060 | 한글 문자 | 느,번역 02-012/036 · 느 / 토큰 82 E2 / KANJI 3840 / 가나다순 73
82,CF0A~CF0B,82 D5,패치 슬롯 0061 | 한글 문자 | 냐,번역 02-013/036 · 냐 / 토큰 82 D5 / KANJI 2970 / 가나다순 59
83,CF0C~CF0D,81 49,패치 슬롯 0062 | 문장부호 | ！,번역 02-014/036 · ！ / 토큰 81 49 / PC-88 전각 느낌표 토큰
84,CF0E~CF0F,81 40,패치 슬롯 0063 | 전각 공백 | ␠,번역 02-015/036 · ␠ / 토큰 81 40 / PC-88 전각 공백 토큰
85,CF10~CF11,88 E9,패치 슬롯 0064 | 한글 문자 | 바,번역 02-016/036 · 바 / 토큰 88 E9 / KANJI E0B0 / 가나다순 168
86,CF12~CF13,88 CC,패치 슬롯 0065 | 한글 문자 | 리,번역 02-017/036 · 리 / 토큰 88 CC / KANJI A0E0 / 가나다순 137
87,CF14~CF15,89 60,패치 슬롯 0066 | 한글 문자 | 아,번역 02-018/036 · 아 / 토큰 89 60 / KANJI A210 / 가나다순 223
88,CF16~CF17,82 E3,패치 슬롯 0067 | 한글 문자 | 는,번역 02-019/036 · 는 / 토큰 82 E3 / KANJI 3850 / 가나다순 74
89,CF18~CF19,81 40,패치 슬롯 0068 | 전각 공백 | ␠,번역 02-020/036 · ␠ / 토큰 81 40 / PC-88 전각 공백 토큰
90,CF1A~CF1B,89 60,패치 슬롯 0069 | 한글 문자 | 아,번역 02-021/036 · 아 / 토큰 89 60 / KANJI A210 / 가나다순 223
91,CF1C~CF1D,8A 4D,패치 슬롯 0070 | 한글 문자 | 직,번역 02-022/036 · 직 / 토큰 8A 4D / KANJI 66E0 / 가나다순 310
92,CF1E~CF1F,82 F1,패치 슬롯 0071 | 한글 문자 | 도,번역 02-023/036 · 도 / 토큰 82 F1 / KANJI 3930 / 가나다순 89
93,CF20~CF21,81 40,패치 슬롯 0072 | 전각 공백 | ␠,번역 02-024/036 · ␠ / 토큰 81 40 / PC-88 전각 공백 토큰
94,CF22~CF23,82 CE,패치 슬롯 0073 | 한글 문자 | 나,번역 02-025/036 · 나 / 토큰 82 CE / KANJI 2900 / 가나다순 52
95,CF24~CF25,89 CA,패치 슬롯 0074 | 한글 문자 | 타,번역 02-026/036 · 타 / 토큰 89 CA / KANJI A4C0 / 가나다순 336
96,CF26~CF27,82 CE,패치 슬롯 0075 | 한글 문자 | 나,번역 02-027/036 · 나 / 토큰 82 CE / KANJI 2900 / 가나다순 52
97,CF28~CF29,81 40,패치 슬롯 0076 | 전각 공백 | ␠,번역 02-028/036 · ␠ / 토큰 81 40 / PC-88 전각 공백 토큰
98,CF2A~CF2B,89 B3,패치 슬롯 0077 | 한글 문자 | 지,번역 02-029/036 · 지 / 토큰 89 B3 / KANJI 6550 / 가나다순 309
99,CF2C~CF2D,81 40,패치 슬롯 0078 | 전각 공백 | ␠,번역 02-030/036 · ␠ / 토큰 81 40 / PC-88 전각 공백 토큰
100,CF2E~CF2F,89 64,패치 슬롯 0079 | 한글 문자 | 않,번역 02-031/036 · 않 / 토큰 89 64 / KANJI A250 / 가나다순 227
101,CF30~CF31,89 68,패치 슬롯 0080 | 한글 문자 | 았,번역 02-032/036 · 았 / 토큰 89 68 / KANJI A290 / 가나다순 231
102,CF32~CF33,82 E2,패치 슬롯 0081 | 한글 문자 | 느,번역 02-033/036 · 느 / 토큰 82 E2 / KANJI 3840 / 가나다순 73
103,CF34~CF35,82 D5,패치 슬롯 0082 | 한글 문자 | 냐,번역 02-034/036 · 냐 / 토큰 82 D5 / KANJI 2970 / 가나다순 59
104,CF36~CF37,81 49,패치 슬롯 0083 | 문장부호 | ！,번역 02-035/036 · ！ / 토큰 81 49 / PC-88 전각 느낌표 토큰
105,CF38~CF39,81 48,패치 슬롯 0084 | 문장부호 | ？,번역 02-036/036 · ？ / 토큰 81 48 / PC-88 전각 물음표 토큰
106,CF3A~CF3C,16 DE D3,기존 확인 16h 계열 / 서브스트림 호출·전환 → D3DE,C0A6 READ CF38=16 → C3B7 → C0A2 HL=D3DE; 복귀 주소 CF3B
107,D3DE~D3E2,0F 05 27 03 0B,기존 확인 0Fh 계열 제어토큰,0Fh 계열 제어토큰; ACT 2 인자 05 27 03 0B; 처리 후 C0A2 HL=D3E3
108,D3E3~D3E5,16 50 D4,기존 확인 16h 계열 / 서브스트림 호출·전환 → D450,D3E3의 16 처리 → C3B7 → C0A2 HL=D450; 중첩 호출 복귀 주소 D3E6
109,D450~D455,05 16 86 3A 9E 00,기존 확인 05h 계열 / 영역·좌표 상태 설정·전개,05h 계열 제어토큰; ACT 2 인자 16 86 3A 9E 00; 처리 후 C0A2 HL=D456
110,D456~D45A,0E 16 20 24 80,기존 확인 0Eh 계열 / 화면·버퍼 초기화·전개,0Eh 계열 표시·버퍼 설정 제어토큰; ACT 2 인자 16 20 24 80; 처리 후 C0A2 HL=D45B
111,D45B,17,기존 확인 17h 계열 / 서브스트림 복귀,D45B=17 처리 후 C0A2 HL=D3E6. D450 중첩 서브스트림에서 D3DE 서브스트림으로 복귀
112,D3E6~D3E8,13 7C D4,기존 확인 13h 계열 제어토큰,13h 계열 3바이트 제어토큰; ACT 2 인자 7C D4; 처리 후 C0A2 HL=D3E9
113,D3E9~D3EC,14 00 16 22,기존 확인 14h 계열 / 버퍼·영역 처리,14h 계열 버퍼·영역 처리 제어토큰; ACT 2 인자 00 16 22; 처리 후 C0A2 HL=D3ED
114,D3ED~D3F0,14 01 3B 00,기존 확인 14h 계열 / 버퍼·영역 처리,14h 계열 버퍼·영역 처리 제어토큰; ACT 2 인자 01 3B 00; 처리 후 C0A2 HL=D3F1
115,D3F1~D3F4,04 BC D4 41,기존 확인 04h 계열 / CAA8 슬롯 포인터 설정,04h 계열 제어토큰; D4BC 포인터를 41h 슬롯에 설정; 처리 후 C0A2 HL=D3F5
116,D3F5~D3F8,04 C6 D4 42,기존 확인 04h 계열 / CAA8 슬롯 포인터 설정,04h 계열 제어토큰; D4C6 포인터를 42h 슬롯에 설정; 처리 후 C0A2 HL=D3F9
117,D3F9~D3FC,04 D0 D4 43,기존 확인 04h 계열 / CAA8 슬롯 포인터 설정,04h 계열 제어토큰; D4D0 포인터를 43h 슬롯에 설정; 처리 후 C0A2 HL=D3FD
118,D3FD~D400,04 DA D4 44,기존 확인 04h 계열 / CAA8 슬롯 포인터 설정,04h 계열 제어토큰; D4DA 포인터를 44h 슬롯에 설정; 처리 후 C0A2 HL=D401
119,D401~D402,25 2F,기존 확인 25h 계열 / CA1D 입 움직임 효과음 인덱스 설정,25h 계열 제어토큰; CA1D=2F; 처리 후 C0A2 HL=D403
120,D403,17,기존 확인 17h 계열 / 서브스트림 복귀,D403=17 처리 후 C0A2 HL=CF3B. D3DE 서브스트림에서 ACT 2 본류로 복귀
121,CF3D,41,기존 확인 41~50h 계열 / CAA8[0] 슬롯 실행,-
122,CF3E,43,기존 확인 41~50h 계열 / CAA8[2] 슬롯 실행,-
123,CF3F,44,기존 확인 41~50h 계열 / CAA8[3] 슬롯 실행,-
124,CF40~CF41,89 F7,패치 슬롯 0085 | 한글 문자 | 히,번역 03-001/077 · 히 / 토큰 89 F7 / KANJI E590 / 가나다순 387
125,CF42~CF43,8A 4A,패치 슬롯 0086 | 한글 문자 | 익,번역 03-002/077 · 익 / 토큰 8A 4A / KANJI 66B0 / 가나다순 269
126,CF44~CF45,81 49,패치 슬롯 0087 | 문장부호 | ！,번역 03-003/077 · ！ / 토큰 81 49 / PC-88 전각 느낌표 토큰
127,CF46~CF47,81 40,패치 슬롯 0088 | 전각 공백 | ␠,번역 03-004/077 · ␠ / 토큰 81 40 / PC-88 전각 공백 토큰
128,CF48~CF49,88 DA,패치 슬롯 0089 | 한글 문자 | 메,번역 03-005/077 · 메 / 토큰 88 DA / KANJI A1C0 / 가나다순 152
129,CF4A~CF4B,82 9F,패치 슬롯 0090 | 한글 문자 | 가,번역 03-006/077 · 가 / 토큰 82 9F / KANJI 1810 / 가나다순 1
130,CF4C~CF4D,89 56,패치 슬롯 0091 | 한글 문자 | 스,번역 03-007/077 · 스 / 토큰 89 56 / KANJI 6370 / 가나다순 211
131,CF4E~CF4F,82 E6,패치 슬롯 0092 | 한글 문자 | 님,번역 03-008/077 · 님 / 토큰 82 E6 / KANJI 3880 / 가나다순 77
132,CF50~CF51,81 41,패치 슬롯 0093 | 문장부호 | 、,번역 03-009/077 · 、 / 토큰 81 41 / PC-88 전각 쉼표 토큰
133,CF52~CF53,82 DC,패치 슬롯 0094 | 한글 문자 | 노,번역 03-010/077 · 노 / 토큰 82 DC / KANJI 29E0 / 가나다순 67
134,CF54~CF55,89 72,패치 슬롯 0095 | 한글 문자 | 여,번역 03-011/077 · 여 / 토큰 89 72 / KANJI A330 / 가나다순 241
135,CF56~CF57,89 82,패치 슬롯 0096 | 한글 문자 | 움,번역 03-012/077 · 움 / 토큰 89 82 / KANJI E220 / 가나다순 257
136,CF58~CF59,89 8A,패치 슬롯 0097 | 한글 문자 | 을,번역 03-013/077 · 을 / 토큰 89 8A / KANJI E2A0 / 가나다순 265
137,CF5A~CF5B,81 40,패치 슬롯 0098 | 전각 공백 | ␠,번역 03-014/077 · ␠ / 토큰 81 40 / PC-88 전각 공백 토큰
138,CF5C~CF5D,82 A6,패치 슬롯 0099 | 한글 문자 | 거,번역 03-015/077 · 거 / 토큰 82 A6 / KANJI 1880 / 가나다순 8
139,CF5E~CF5F,88 A5,패치 슬롯 0100 | 한글 문자 | 두,번역 03-016/077 · 두 / 토큰 88 A5 / KANJI 6070 / 가나다순 97
140,CF60~CF61,89 6C,패치 슬롯 0101 | 한글 문자 | 어,번역 03-017/077 · 어 / 토큰 89 6C / KANJI A2D0 / 가나다순 235
141,CF62~CF63,89 AA,패치 슬롯 0102 | 한글 문자 | 주,번역 03-018/077 · 주 / 토큰 89 AA / KANJI 64C0 / 가나다순 300
142,CF64~CF65,8A 48,패치 슬롯 0103 | 한글 문자 | 십,번역 03-019/077 · 십 / 토큰 8A 48 / KANJI 6690 / 가나다순 219
143,CF66~CF67,89 5A,패치 슬롯 0104 | 한글 문자 | 시,번역 03-020/077 · 시 / 토큰 89 5A / KANJI 63B0 / 가나다순 215
144,CF68~CF69,89 76,패치 슬롯 0105 | 한글 문자 | 오,번역 03-021/077 · 오 / 토큰 89 76 / KANJI A370 / 가나다순 246
145,CF6A~CF6B,81 49,패치 슬롯 0106 | 문장부호 | ！,번역 03-022/077 · ！ / 토큰 81 49 / PC-88 전각 느낌표 토큰
146,CF6C~CF6D,81 40,패치 슬롯 0107 | 전각 공백 | ␠,번역 03-023/077 · ␠ / 토큰 81 40 / PC-88 전각 공백 토큰
147,CF6E~CF6F,82 B0,패치 슬롯 0108 | 한글 문자 | 계,번역 03-024/077 · 계 / 토큰 82 B0 / KANJI 1920 / 가나다순 20
148,CF70~CF71,8A 55,패치 슬롯 0109 | 한글 문자 | 획,번역 03-025/077 · 획 / 토큰 8A 55 / KANJI 6760 / 가나다순 383
149,CF72~CF73,89 71,패치 슬롯 0110 | 한글 문자 | 엔,번역 03-026/077 · 엔 / 토큰 89 71 / KANJI A320 / 가나다순 240
150,CF74~CF75,81 40,패치 슬롯 0111 | 전각 공백 | ␠,번역 03-027/077 · ␠ / 토큰 81 40 / PC-88 전각 공백 토큰
151,CF76,61,기존 확인 61~70h 계열 / CAA8[0] 작업슬롯 비활성화,61h 계열 CAA8[0] 작업슬롯 비활성화 제어토큰
152,CF77,42,기존 확인 41~50h 계열 / CAA8[1] 슬롯 실행,-
153,CF78~CF79,89 A3,패치 슬롯 0112 | 한글 문자 | 조,번역 03-028/077 · 조 / 토큰 89 A3 / KANJI 6450 / 가나다순 293
154,CF7A~CF7B,82 BF,패치 슬롯 0113 | 한글 문자 | 금,번역 03-029/077 · 금 / 토큰 82 BF / KANJI 2810 / 가나다순 37
155,CF7C~CF7D,89 8C,패치 슬롯 0114 | 한글 문자 | 의,번역 03-030/077 · 의 / 토큰 89 8C / KANJI E2C0 / 가나다순 267
156,CF7E~CF7F,81 40,패치 슬롯 0115 | 전각 공백 | ␠,번역 03-031/077 · ␠ / 토큰 81 40 / PC-88 전각 공백 토큰
157,CF80~CF81,89 B7,패치 슬롯 0116 | 한글 문자 | 차,번역 03-032/077 · 차 / 토큰 89 B7 / KANJI 6590 / 가나다순 316
158,CF82~CF83,8A 4E,패치 슬롯 0117 | 한글 문자 | 질,번역 03-033/077 · 질 / 토큰 8A 4E / KANJI 66F0 / 가나다순 312
159,CF84~CF85,82 F1,패치 슬롯 0118 | 한글 문자 | 도,번역 03-034/077 · 도 / 토큰 82 F1 / KANJI 3930 / 가나다순 89
160,CF86,62,기존 확인 61~70h 계열 / CAA8[1] 작업슬롯 비활성화,62h 계열 CAA8[1] 작업슬롯 비활성화 제어토큰
161,CF87,41,기존 확인 41~50h 계열 / CAA8[0] 슬롯 실행,-
162,CF88~CF89,81 40,패치 슬롯 0119 | 전각 공백 | ␠,번역 03-035/077 · ␠ / 토큰 81 40 / PC-88 전각 공백 토큰
163,CF8A~CF8B,89 6E,패치 슬롯 0120 | 한글 문자 | 없,번역 03-036/077 · 없 / 토큰 89 6E / KANJI A2F0 / 가나다순 237
164,CF8C~CF8D,89 58,패치 슬롯 0121 | 한글 문자 | 습,번역 03-037/077 · 습 / 토큰 89 58 / KANJI 6390 / 가나다순 213
165,CF8E~CF8F,82 E4,패치 슬롯 0122 | 한글 문자 | 니,번역 03-038/077 · 니 / 토큰 82 E4 / KANJI 3860 / 가나다순 75
166,CF90~CF91,82 E7,패치 슬롯 0123 | 한글 문자 | 다,번역 03-039/077 · 다 / 토큰 82 E7 / KANJI 3890 / 가나다순 78
167,CF92~CF93,81 49,패치 슬롯 0124 | 문장부호 | ！,번역 03-040/077 · ！ / 토큰 81 49 / PC-88 전각 느낌표 토큰
168,CF94~CF95,81 40,패치 슬롯 0125 | 전각 공백 | ␠,번역 03-041/077 · ␠ / 토큰 81 40 / PC-88 전각 공백 토큰
169,CF96~CF97,82 BD,패치 슬롯 0126 | 한글 문자 | 그,번역 03-042/077 · 그 / 토큰 82 BD / KANJI 19F0 / 가나다순 34
170,CF98~CF99,82 DB,패치 슬롯 0127 | 한글 문자 | 년,번역 03-043/077 · 년 / 토큰 82 DB / KANJI 29D0 / 가나다순 66
171,CF9A~CF9B,89 8D,패치 슬롯 0128 | 한글 문자 | 이,번역 03-044/077 · 이 / 토큰 89 8D / KANJI E2D0 / 가나다순 268
172,CF9C~CF9D,81 40,패치 슬롯 0129 | 전각 공백 | ␠,번역 03-045/077 · ␠ / 토큰 81 40 / PC-88 전각 공백 토큰
173,CF9E~CF9F,88 DF,패치 슬롯 0130 | 한글 문자 | 모,번역 03-046/077 · 모 / 토큰 88 DF / KANJI E010 / 가나다순 157
174,CFA0~CFA1,89 58,패치 슬롯 0131 | 한글 문자 | 습,번역 03-047/077 · 습 / 토큰 89 58 / KANJI 6390 / 가나다순 213
175,CFA2~CFA3,89 8A,패치 슬롯 0132 | 한글 문자 | 을,번역 03-048/077 · 을 / 토큰 89 8A / KANJI E2A0 / 가나다순 265
176,CFA4~CFA5,81 40,패치 슬롯 0133 | 전각 공백 | ␠,번역 03-049/077 · ␠ / 토큰 81 40 / PC-88 전각 공백 토큰
177,CFA6~CFA7,88 A8,패치 슬롯 0134 | 한글 문자 | 드,번역 03-050/077 · 드 / 토큰 88 A8 / KANJI 60A0 / 가나다순 100
178,CFA8~CFA9,88 BB,패치 슬롯 0135 | 한글 문자 | 러,번역 03-051/077 · 러 / 토큰 88 BB / KANJI 61D0 / 가나다순 120
179,CFAA~CFAB,82 D3,패치 슬롯 0136 | 한글 문자 | 내,번역 03-052/077 · 내 / 토큰 82 D3 / KANJI 2950 / 가나다순 57
180,CFAC~CFAD,82 E3,패치 슬롯 0137 | 한글 문자 | 는,번역 03-053/077 · 는 / 토큰 82 E3 / KANJI 3850 / 가나다순 74
181,CFAE~CFAF,81 40,패치 슬롯 0138 | 전각 공백 | ␠,번역 03-054/077 · ␠ / 토큰 81 40 / PC-88 전각 공백 토큰
182,CFB0~CFB1,82 A7,패치 슬롯 0139 | 한글 문자 | 건,번역 03-055/077 · 건 / 토큰 82 A7 / KANJI 1890 / 가나다순 9
183,CFB2,61,기존 확인 61~70h 계열 / CAA8[0] 작업슬롯 비활성화,61h 계열 CAA8[0] 작업슬롯 비활성화 제어토큰
184,CFB3,42,기존 확인 41~50h 계열 / CAA8[1] 슬롯 실행,-
185,CFB4~CFB5,81 40,패치 슬롯 0140 | 전각 공백 | ␠,번역 03-056/077 · ␠ / 토큰 81 40 / PC-88 전각 공백 토큰
186,CFB6~CFB7,89 5A,패치 슬롯 0141 | 한글 문자 | 시,번역 03-057/077 · 시 / 토큰 89 5A / KANJI 63B0 / 가나다순 215
187,CFB8~CFB9,82 A1,패치 슬롯 0142 | 한글 문자 | 간,번역 03-058/077 · 간 / 토큰 82 A1 / KANJI 1830 / 가나다순 3
188,CFBA,62,기존 확인 61~70h 계열 / CAA8[1] 작업슬롯 비활성화,62h 계열 CAA8[1] 작업슬롯 비활성화 제어토큰
189,CFBB,41,기존 확인 41~50h 계열 / CAA8[0] 슬롯 실행,-
190,CFBC~CFBD,88 E4,패치 슬롯 0143 | 한글 문자 | 문,번역 03-059/077 · 문 / 토큰 88 E4 / KANJI E060 / 가나다순 162
191,CFBE~CFBF,89 A1,패치 슬롯 0144 | 한글 문자 | 제,번역 03-060/077 · 제 / 토큰 89 A1 / KANJI 6430 / 가나다순 291
192,CFC0~CFC1,89 8D,패치 슬롯 0145 | 한글 문자 | 이,번역 03-061/077 · 이 / 토큰 89 8D / KANJI E2D0 / 가나다순 268
193,CFC2~CFC3,82 E4,패치 슬롯 0146 | 한글 문자 | 니,번역 03-062/077 · 니 / 토큰 82 E4 / KANJI 3860 / 가나다순 75
194,CFC4~CFC5,81 41,패치 슬롯 0147 | 문장부호 | 、,번역 03-063/077 · 、 / 토큰 81 41 / PC-88 전각 쉼표 토큰
195,CFC6~CFC7,89 A3,패치 슬롯 0148 | 한글 문자 | 조,번역 03-064/077 · 조 / 토큰 89 A3 / KANJI 6450 / 가나다순 293
196,CFC8~CFC9,82 BF,패치 슬롯 0149 | 한글 문자 | 금,번역 03-065/077 · 금 / 토큰 82 BF / KANJI 2810 / 가나다순 37
197,CFCA~CFCB,88 D2,패치 슬롯 0150 | 한글 문자 | 만,번역 03-066/077 · 만 / 토큰 88 D2 / KANJI A140 / 가나다순 144
198,CFCC~CFCD,81 40,패치 슬롯 0151 | 전각 공백 | ␠,번역 03-067/077 · ␠ / 토큰 81 40 / PC-88 전각 공백 토큰
199,CFCE~CFCF,82 ED,패치 슬롯 0152 | 한글 문자 | 더,번역 03-068/077 · 더 / 토큰 82 ED / KANJI 38F0 / 가나다순 85
200,CFD0~CFD1,81 40,패치 슬롯 0153 | 전각 공백 | ␠,번역 03-069/077 · ␠ / 토큰 81 40 / PC-88 전각 공백 토큰
201,CFD2~CFD3,82 C1,패치 슬롯 0154 | 한글 문자 | 기,번역 03-070/077 · 기 / 토큰 82 C1 / KANJI 2830 / 가나다순 39
202,CFD4~CFD5,82 E7,패치 슬롯 0155 | 한글 문자 | 다,번역 03-071/077 · 다 / 토큰 82 E7 / KANJI 3890 / 가나다순 78
203,CFD6~CFD7,88 C1,패치 슬롯 0156 | 한글 문자 | 려,번역 03-072/077 · 려 / 토큰 88 C1 / KANJI A030 / 가나다순 126
204,CFD8~CFD9,89 AA,패치 슬롯 0157 | 한글 문자 | 주,번역 03-073/077 · 주 / 토큰 89 AA / KANJI 64C0 / 가나다순 300
205,CFDA~CFDB,8A 48,패치 슬롯 0158 | 한글 문자 | 십,번역 03-074/077 · 십 / 토큰 8A 48 / KANJI 6690 / 가나다순 219
206,CFDC~CFDD,89 5A,패치 슬롯 0159 | 한글 문자 | 시,번역 03-075/077 · 시 / 토큰 89 5A / KANJI 63B0 / 가나다순 215
207,CFDE~CFDF,89 76,패치 슬롯 0160 | 한글 문자 | 오,번역 03-076/077 · 오 / 토큰 89 76 / KANJI A370 / 가나다순 246
208,CFE0~CFE1,81 49,패치 슬롯 0161 | 문장부호 | ！,번역 03-077/077 · ！ / 토큰 81 49 / PC-88 전각 느낌표 토큰
209,CFE2,61,기존 확인 61~70h 계열 / CAA8[0] 작업슬롯 비활성화,61h 계열 CAA8[0] 작업슬롯 비활성화 제어토큰
210,CFE3,63,기존 확인 61~70h 계열 / CAA8[2] 작업슬롯 비활성화,63h 계열 CAA8[2] 작업슬롯 비활성화 제어토큰
211,CFE4,64,기존 확인 61~70h 계열 / CAA8[3] 작업슬롯 비활성화,64h 계열 CAA8[3] 작업슬롯 비활성화 제어토큰
212,CFE5~CFE7,16 C0 D3,기존 확인 16h 계열 / 서브스트림 호출·전환 → D3C0,16h 계열 호출 대상 D3C0; ACT 2 런타임 전환 확인
213,D3C0~D3C4,0F 01 2D 03 0A,기존 확인 0Fh 계열 제어토큰,0Fh 계열 제어토큰; ACT 2 인자 01 2D 03 0A
214,D3C5~D3C7,16 50 D4,기존 확인 16h 계열 / 서브스트림 호출·전환 → D450,16h 계열 호출 대상 D450; ACT 2 런타임 전환 확인
215,D450~D455,05 16 86 3A 9E 00,기존 확인 05h 계열 / 영역·좌표 상태 설정·전개,05h 계열 제어토큰; ACT 2 인자 16 86 3A 9E 00
216,D456~D45A,0E 16 20 24 80,기존 확인 0Eh 계열 / 화면·버퍼 초기화·전개,0Eh 계열 표시·버퍼 설정 제어토큰; ACT 2 인자 16 20 24 80
217,D45B,17,기존 확인 17h 계열 / 서브스트림 복귀,17h 계열 복귀 제어토큰; ACT 2 런타임 복귀 위치 D3C8 확인
218,D3C8~D3CA,13 9C D4,기존 확인 13h 계열 제어토큰,13h 계열 3바이트 제어토큰; ACT 2 인자 9C D4
219,D3CB~D3CE,14 00 16 22,기존 확인 14h 계열 / 버퍼·영역 처리,14h 계열 버퍼·영역 처리 제어토큰; ACT 2 인자 00 16 22
220,D3CF~D3D2,14 01 3B 00,기존 확인 14h 계열 / 버퍼·영역 처리,14h 계열 버퍼·영역 처리 제어토큰; ACT 2 인자 01 3B 00
221,D3D3~D3D6,04 EE D4 41,기존 확인 04h 계열 / CAA8 슬롯 포인터 설정,04h 계열 제어토큰; D4EE 포인터를 41h 슬롯에 설정
222,D3D7~D3DA,04 F8 D4 42,기존 확인 04h 계열 / CAA8 슬롯 포인터 설정,04h 계열 제어토큰; D4F8 포인터를 42h 슬롯에 설정
223,D3DB~D3DC,25 31,기존 확인 25h 계열 / CA1D 입 움직임 효과음 인덱스 설정,25h 계열 제어토큰; CA1D=31
224,D3DD,17,기존 확인 17h 계열 / 서브스트림 복귀,17h 계열 복귀 제어토큰; ACT 2 런타임 복귀 위치 CFE0 확인
225,CFE8~CFE9,22 0D,기존 확인 22h 계열 / A420 직접 호출형 2바이트 제어,ACT 2 인자 0D
226,CFEA,41,기존 확인 41~50h 계열 / CAA8[0] 슬롯 실행,-
227,CFEB~CFEC,82 E7,패치 슬롯 0162 | 한글 문자 | 다,번역 04-001/049 · 다 / 토큰 82 E7 / KANJI 3890 / 가나다순 78
228,CFED~CFEE,88 CC,패치 슬롯 0163 | 한글 문자 | 리,번역 04-002/049 · 리 / 토큰 88 CC / KANJI A0E0 / 가나다순 137
229,CFEF~CFF0,89 56,패치 슬롯 0164 | 한글 문자 | 스,번역 04-003/049 · 스 / 토큰 89 56 / KANJI 6370 / 가나다순 211
230,CFF1~CFF2,82 E6,패치 슬롯 0165 | 한글 문자 | 님,번역 04-004/049 · 님 / 토큰 82 E6 / KANJI 3880 / 가나다순 77
231,CFF3~CFF4,81 49,패치 슬롯 0166 | 문장부호 | ！,번역 04-005/049 · ！ / 토큰 81 49 / PC-88 전각 느낌표 토큰
232,CFF5~CFF6,81 40,패치 슬롯 0167 | 전각 공백 | ␠,번역 04-006/049 · ␠ / 토큰 81 40 / PC-88 전각 공백 토큰
233,CFF7~CFF8,88 F4,패치 슬롯 0168 | 한글 문자 | 보,번역 04-007/049 · 보 / 토큰 88 F4 / KANJI E160 / 가나다순 179
234,CFF9~CFFA,82 B1,패치 슬롯 0169 | 한글 문자 | 고,번역 04-008/049 · 고 / 토큰 82 B1 / KANJI 1930 / 가나다순 21
235,CFFB~CFFC,88 A8,패치 슬롯 0170 | 한글 문자 | 드,번역 04-009/049 · 드 / 토큰 88 A8 / KANJI 60A0 / 가나다순 100
236,CFFD~CFFE,88 D0,패치 슬롯 0171 | 한글 문자 | 립,번역 04-010/049 · 립 / 토큰 88 D0 / KANJI A120 / 가나다순 141
237,CFFF~D000,82 E4,패치 슬롯 0172 | 한글 문자 | 니,번역 04-011/049 · 니 / 토큰 82 E4 / KANJI 3860 / 가나다순 75
238,D001~D002,82 E7,패치 슬롯 0173 | 한글 문자 | 다,번역 04-012/049 · 다 / 토큰 82 E7 / KANJI 3890 / 가나다순 78
239,D003~D004,81 49,패치 슬롯 0174 | 문장부호 | ！,번역 04-013/049 · ！ / 토큰 81 49 / PC-88 전각 느낌표 토큰
240,D005~D006,81 40,패치 슬롯 0175 | 전각 공백 | ␠,번역 04-014/049 · ␠ / 토큰 81 40 / PC-88 전각 공백 토큰
241,D007~D008,89 D9,패치 슬롯 0176 | 한글 문자 | 판,번역 04-015/049 · 판 / 토큰 89 D9 / KANJI A5B0 / 가나다순 353
242,D009~D00A,89 CA,패치 슬롯 0177 | 한글 문자 | 타,번역 04-016/049 · 타 / 토큰 89 CA / KANJI A4C0 / 가나다순 336
243,D00B~D00C,89 B1,패치 슬롯 0178 | 한글 문자 | 즘,번역 04-017/049 · 즘 / 토큰 89 B1 / KANJI 6530 / 가나다순 307
244,D00D~D00E,81 40,패치 슬롯 0179 | 전각 공백 | ␠,번역 04-018/049 · ␠ / 토큰 81 40 / PC-88 전각 공백 토큰
245,D00F~D010,89 AA,패치 슬롯 0180 | 한글 문자 | 주,번역 04-019/049 · 주 / 토큰 89 AA / KANJI 64C0 / 가나다순 300
246,D011~D012,89 6D,패치 슬롯 0181 | 한글 문자 | 얼,번역 04-020/049 · 얼 / 토큰 89 6D / KANJI A2E0 / 가나다순 236
247,D013~D014,88 CC,패치 슬롯 0182 | 한글 문자 | 리,번역 04-021/049 · 리 / 토큰 88 CC / KANJI A0E0 / 가나다순 137
248,D015~D016,82 E3,패치 슬롯 0183 | 한글 문자 | 는,번역 04-022/049 · 는 / 토큰 82 E3 / KANJI 3850 / 가나다순 74
249,D017~D018,81 40,패치 슬롯 0184 | 전각 공백 | ␠,번역 04-023/049 · ␠ / 토큰 81 40 / PC-88 전각 공백 토큰
250,D019~D01A,89 8D,패치 슬롯 0185 | 한글 문자 | 이,번역 04-024/049 · 이 / 토큰 89 8D / KANJI E2D0 / 가나다순 268
251,D01B~D01C,88 E7,패치 슬롯 0186 | 한글 문자 | 미,번역 04-025/049 · 미 / 토큰 88 E7 / KANJI E090 / 가나다순 166
252,D01D~D01E,81 40,패치 슬롯 0187 | 전각 공백 | ␠,번역 04-026/049 · ␠ / 토큰 81 40 / PC-88 전각 공백 토큰
253,D01F~D020,88 C5,패치 슬롯 0188 | 한글 문자 | 로,번역 04-027/049 · 로 / 토큰 88 C5 / KANJI A070 / 가나다순 130
254,D021~D022,82 BD,패치 슬롯 0189 | 한글 문자 | 그,번역 04-028/049 · 그 / 토큰 82 BD / KANJI 19F0 / 가나다순 34
255,D023~D024,88 C0,패치 슬롯 0190 | 한글 문자 | 레,번역 04-029/049 · 레 / 토큰 88 C0 / KANJI A020 / 가나다순 125
256,D025~D026,89 56,패치 슬롯 0191 | 한글 문자 | 스,번역 04-030/049 · 스 / 토큰 89 56 / KANJI 6370 / 가나다순 211
257,D027~D028,81 40,패치 슬롯 0192 | 전각 공백 | ␠,번역 04-031/049 · ␠ / 토큰 81 40 / PC-88 전각 공백 토큰
258,D029~D02A,89 95,패치 슬롯 0193 | 한글 문자 | 잔,번역 04-032/049 · 잔 / 토큰 89 95 / KANJI E350 / 가나다순 279
259,D02B~D02C,82 EB,패치 슬롯 0194 | 한글 문자 | 당,번역 04-033/049 · 당 / 토큰 82 EB / KANJI 38D0 / 가나다순 83
260,D02D~D02E,89 8C,패치 슬롯 0195 | 한글 문자 | 의,번역 04-034/049 · 의 / 토큰 89 8C / KANJI E2C0 / 가나다순 267
261,D02F~D030,81 40,패치 슬롯 0196 | 전각 공백 | ␠,번역 04-035/049 · ␠ / 토큰 81 40 / PC-88 전각 공백 토큰
262,D031~D032,89 52,패치 슬롯 0197 | 한글 문자 | 손,번역 04-036/049 · 손 / 토큰 89 52 / KANJI 6330 / 가나다순 206
263,D033~D034,89 70,패치 슬롯 0198 | 한글 문자 | 에,번역 04-037/049 · 에 / 토큰 89 70 / KANJI A310 / 가나다순 239
264,D035~D036,81 40,패치 슬롯 0199 | 전각 공백 | ␠,번역 04-038/049 · ␠ / 토큰 81 40 / PC-88 전각 공백 토큰
265,D037~D038,8A 40,패치 슬롯 0200 | 한글 문자 | 넘,번역 04-039/049 · 넘 / 토큰 8A 40 / KANJI 6610 / 가나다순 62
266,D039~D03A,89 6C,패치 슬롯 0201 | 한글 문자 | 어,번역 04-040/049 · 어 / 토큰 89 6C / KANJI A2D0 / 가나다순 235
267,D03B~D03C,82 A1,패치 슬롯 0202 | 한글 문자 | 간,번역 04-041/049 · 간 / 토큰 82 A1 / KANJI 1830 / 가나다순 3
268,D03D~D03E,81 40,패치 슬롯 0203 | 전각 공백 | ␠,번역 04-042/049 · ␠ / 토큰 81 40 / PC-88 전각 공백 토큰
269,D03F~D040,82 AA,패치 슬롯 0204 | 한글 문자 | 것,번역 04-043/049 · 것 / 토큰 82 AA / KANJI 18C0 / 가나다순 12
270,D041~D042,81 40,패치 슬롯 0205 | 전각 공백 | ␠,번역 04-044/049 · ␠ / 토큰 81 40 / PC-88 전각 공백 토큰
271,D043~D044,82 A4,패치 슬롯 0206 | 한글 문자 | 같,번역 04-045/049 · 같 / 토큰 82 A4 / KANJI 1860 / 가나다순 6
272,D045~D046,89 58,패치 슬롯 0207 | 한글 문자 | 습,번역 04-046/049 · 습 / 토큰 89 58 / KANJI 6390 / 가나다순 213
273,D047~D048,82 E4,패치 슬롯 0208 | 한글 문자 | 니,번역 04-047/049 · 니 / 토큰 82 E4 / KANJI 3860 / 가나다순 75
274,D049~D04A,82 E7,패치 슬롯 0209 | 한글 문자 | 다,번역 04-048/049 · 다 / 토큰 82 E7 / KANJI 3890 / 가나다순 78
275,D04B~D04C,81 49,패치 슬롯 0210 | 문장부호 | ！,번역 04-049/049 · ！ / 토큰 81 49 / PC-88 전각 느낌표 토큰
276,D04D,61,기존 확인 61~70h 계열 / CAA8[0] 작업슬롯 비활성화,61h 계열 CAA8[0] 작업슬롯 비활성화 제어토큰
277,D04E~D050,16 DE D3,기존 확인 16h 계열 / 서브스트림 호출·전환 → D3DE,16h 계열 호출 대상 D3DE; ACT 2 본류 복귀 주소 D055
278,D3DE~D3E2,0F 05 27 03 0B,기존 확인 0Fh 계열 제어토큰,0Fh 계열 제어토큰; ACT 2 인자 05 27 03 0B; 처리 후 D3E3
279,D3E3~D3E5,16 50 D4,기존 확인 16h 계열 / 서브스트림 호출·전환 → D450,중첩 호출 대상 D450; 복귀 주소 D3E6
280,D450~D455,05 16 86 3A 9E 00,기존 확인 05h 계열 / 영역·좌표 상태 설정·전개,05h 계열 제어토큰; ACT 2 인자 16 86 3A 9E 00; 처리 후 D456
281,D456~D45A,0E 16 20 24 80,기존 확인 0Eh 계열 / 화면·버퍼 초기화·전개,0Eh 계열 표시·버퍼 설정 제어토큰; ACT 2 인자 16 20 24 80; 처리 후 D45B
282,D45B,17,기존 확인 17h 계열 / 서브스트림 복귀,D450 중첩 서브스트림에서 D3DE 서브스트림 D3E6으로 복귀
283,D3E6~D3E8,13 7C D4,기존 확인 13h 계열 제어토큰,13h 계열 3바이트 제어토큰; ACT 2 인자 7C D4; 처리 후 D3E9
284,D3E9~D3EC,14 00 16 22,기존 확인 14h 계열 / 버퍼·영역 처리,14h 계열 버퍼·영역 처리 제어토큰; ACT 2 인자 00 16 22; 처리 후 D3ED
285,D3ED~D3F0,14 01 3B 00,기존 확인 14h 계열 / 버퍼·영역 처리,14h 계열 버퍼·영역 처리 제어토큰; ACT 2 인자 01 3B 00; 처리 후 D3F1
286,D3F1~D3F4,04 BC D4 41,기존 확인 04h 계열 / CAA8 슬롯 포인터 설정,D4BC 포인터를 41h 슬롯에 설정; 처리 후 D3F5
287,D3F5~D3F8,04 C6 D4 42,기존 확인 04h 계열 / CAA8 슬롯 포인터 설정,D4C6 포인터를 42h 슬롯에 설정; 처리 후 D3F9
288,D3F9~D3FC,04 D0 D4 43,기존 확인 04h 계열 / CAA8 슬롯 포인터 설정,D4D0 포인터를 43h 슬롯에 설정; 처리 후 D3FD
289,D3FD~D400,04 DA D4 44,기존 확인 04h 계열 / CAA8 슬롯 포인터 설정,D4DA 포인터를 44h 슬롯에 설정; 처리 후 D401
290,D401~D402,25 2F,기존 확인 25h 계열 / CA1D 입 움직임 효과음 인덱스 설정,25h 계열 제어토큰; CA1D=2F; 처리 후 D403
291,D403,17,기존 확인 17h 계열 / 서브스트림 복귀,D3DE 서브스트림에서 ACT 2 본류 D055로 복귀
292,D051,41,기존 확인 41~50h 계열 / CAA8[0] 슬롯 실행,-
293,D052,43,기존 확인 41~50h 계열 / CAA8[2] 슬롯 실행,-
294,D053,44,기존 확인 41~50h 계열 / CAA8[3] 슬롯 실행,-
295,D054~D055,88 E6,패치 슬롯 0211 | 한글 문자 | 뭐,번역 05-001/025 · 뭐 / 토큰 88 E6 / KANJI E080 / 가나다순 164
296,D056~D057,88 B6,패치 슬롯 0212 | 한글 문자 | 라,번역 05-002/025 · 라 / 토큰 88 B6 / KANJI 6180 / 가나다순 114
297,D058~D059,81 48,패치 슬롯 0213 | 문장부호 | ？,번역 05-003/025 · ？ / 토큰 81 48 / PC-88 전각 물음표 토큰
298,D05A~D05B,81 40,패치 슬롯 0214 | 전각 공백 | ␠,번역 05-004/025 · ␠ / 토큰 81 40 / PC-88 전각 공백 토큰
299,D05C~D05D,82 BD,패치 슬롯 0215 | 한글 문자 | 그,번역 05-005/025 · 그 / 토큰 82 BD / KANJI 19F0 / 가나다순 34
300,D05E~D05F,82 DD,패치 슬롯 0216 | 한글 문자 | 놈,번역 05-006/025 · 놈 / 토큰 82 DD / KANJI 29F0 / 가나다순 68
301,D060~D061,88 AA,패치 슬롯 0217 | 한글 문자 | 들,번역 05-007/025 · 들 / 토큰 88 AA / KANJI 60C0 / 가나다순 102
302,D062~D063,89 E4,패치 슬롯 0218 | 한글 문자 | 한,번역 05-008/025 · 한 / 토큰 89 E4 / KANJI E460 / 가나다순 364
303,D064~D065,8A 51,패치 슬롯 0219 | 한글 문자 | 테,번역 05-009/025 · 테 / 토큰 8A 51 / KANJI 6720 / 가나다순 345
304,D066~D067,81 49,패치 슬롯 0220 | 문장부호 | ！,번역 05-010/025 · ！ / 토큰 81 49 / PC-88 전각 느낌표 토큰
305,D068~D069,81 48,패치 슬롯 0221 | 문장부호 | ？,번역 05-011/025 · ？ / 토큰 81 48 / PC-88 전각 물음표 토큰
306,D06A~D06B,81 40,패치 슬롯 0222 | 전각 공백 | ␠,번역 05-012/025 · ␠ / 토큰 81 40 / PC-88 전각 공백 토큰
307,D06C~D06D,82 BD,패치 슬롯 0223 | 한글 문자 | 그,번역 05-013/025 · 그 / 토큰 82 BD / KANJI 19F0 / 가나다순 34
308,D06E~D06F,88 B9,패치 슬롯 0224 | 한글 문자 | 래,번역 05-014/025 · 래 / 토큰 88 B9 / KANJI 61B0 / 가나다순 117
309,D070~D071,89 49,패치 슬롯 0225 | 한글 문자 | 서,번역 05-015/025 · 서 / 토큰 89 49 / KANJI 62A0 / 가나다순 197
310,D072~D073,81 40,패치 슬롯 0226 | 전각 공백 | ␠,번역 05-016/025 · ␠ / 토큰 81 40 / PC-88 전각 공백 토큰
311,D074~D075,89 B3,패치 슬롯 0227 | 한글 문자 | 지,번역 05-017/025 · 지 / 토큰 89 B3 / KANJI 6550 / 가나다순 309
312,D076~D077,82 BF,패치 슬롯 0228 | 한글 문자 | 금,번역 05-018/025 · 금 / 토큰 82 BF / KANJI 2810 / 가나다순 37
313,D078~D079,89 6C,패치 슬롯 0229 | 한글 문자 | 어,번역 05-019/025 · 어 / 토큰 89 6C / KANJI A2D0 / 가나다순 235
314,D07A~D07B,88 AB,패치 슬롯 0230 | 한글 문자 | 디,번역 05-020/025 · 디 / 토큰 88 AB / KANJI 60D0 / 가나다순 103
315,D07C~D07D,81 40,패치 슬롯 0231 | 전각 공백 | ␠,번역 05-021/025 · ␠ / 토큰 81 40 / PC-88 전각 공백 토큰
316,D07E~D07F,89 92,패치 슬롯 0232 | 한글 문자 | 있,번역 05-022/025 · 있 / 토큰 89 92 / KANJI E320 / 가나다순 276
317,D080~D081,82 E2,패치 슬롯 0233 | 한글 문자 | 느,번역 05-023/025 · 느 / 토큰 82 E2 / KANJI 3840 / 가나다순 73
318,D082~D083,82 D5,패치 슬롯 0234 | 한글 문자 | 냐,번역 05-024/025 · 냐 / 토큰 82 D5 / KANJI 2970 / 가나다순 59
319,D084~D085,81 48,패치 슬롯 0235 | 문장부호 | ？,번역 05-025/025 · ？ / 토큰 81 48 / PC-88 전각 물음표 토큰
320,D086,61,기존 확인 61~70h 계열 / CAA8[0] 작업슬롯 비활성화,61h 계열 CAA8[0] 작업슬롯 비활성화 제어토큰
321,D087,63,기존 확인 61~70h 계열 / CAA8[2] 작업슬롯 비활성화,63h 계열 CAA8[2] 작업슬롯 비활성화 제어토큰
322,D088,64,기존 확인 61~70h 계열 / CAA8[3] 작업슬롯 비활성화,64h 계열 CAA8[3] 작업슬롯 비활성화 제어토큰
323,D089~D08B,16 C0 D3,기존 확인 16h 계열 / 서브스트림 호출·전환 → D3C0,16h 계열 호출 대상 D3C0; ACT 2 본류 복귀 주소 D090
324,D3C0~D3C4,0F 01 2D 03 0A,기존 확인 0Fh 계열 제어토큰,0Fh 계열 제어토큰; ACT 2 인자 01 2D 03 0A; 처리 후 D3C5
325,D3C5~D3C7,16 50 D4,기존 확인 16h 계열 / 서브스트림 호출·전환 → D450,중첩 호출 대상 D450; 복귀 주소 D3C8
326,D450~D455,05 16 86 3A 9E 00,기존 확인 05h 계열 / 영역·좌표 상태 설정·전개,05h 계열 제어토큰; ACT 2 인자 16 86 3A 9E 00; 처리 후 D456
327,D456~D45A,0E 16 20 24 80,기존 확인 0Eh 계열 / 화면·버퍼 초기화·전개,0Eh 계열 표시·버퍼 설정 제어토큰; ACT 2 인자 16 20 24 80; 처리 후 D45B
328,D45B,17,기존 확인 17h 계열 / 서브스트림 복귀,D450 중첩 서브스트림에서 D3C0 서브스트림 D3C8로 복귀
329,D3C8~D3CA,13 9C D4,기존 확인 13h 계열 제어토큰,13h 계열 3바이트 제어토큰; ACT 2 인자 9C D4; 처리 후 D3CB
330,D3CB~D3CE,14 00 16 22,기존 확인 14h 계열 / 버퍼·영역 처리,14h 계열 버퍼·영역 처리 제어토큰; ACT 2 인자 00 16 22; 처리 후 D3CF
331,D3CF~D3D2,14 01 3B 00,기존 확인 14h 계열 / 버퍼·영역 처리,14h 계열 버퍼·영역 처리 제어토큰; ACT 2 인자 01 3B 00; 처리 후 D3D3
332,D3D3~D3D6,04 EE D4 41,기존 확인 04h 계열 / CAA8 슬롯 포인터 설정,D4EE 포인터를 41h 슬롯에 설정; 처리 후 D3D7
333,D3D7~D3DA,04 F8 D4 42,기존 확인 04h 계열 / CAA8 슬롯 포인터 설정,D4F8 포인터를 42h 슬롯에 설정; 처리 후 D3DB
334,D3DB~D3DC,25 31,기존 확인 25h 계열 / CA1D 입 움직임 효과음 인덱스 설정,25h 계열 제어토큰; CA1D=31; 처리 후 D3DD
335,D3DD,17,기존 확인 17h 계열 / 서브스트림 복귀,D3C0 서브스트림에서 ACT 2 본류 D090으로 복귀
336,D08C,41,기존 확인 41~50h 계열 / CAA8[0] 슬롯 실행,-
337,D08D~D08E,88 C5,패치 슬롯 0236 | 한글 문자 | 로,번역 06-001/035 · 로 / 토큰 88 C5 / KANJI A070 / 가나다순 130
338,D08F~D090,82 BD,패치 슬롯 0237 | 한글 문자 | 그,번역 06-002/035 · 그 / 토큰 82 BD / KANJI 19F0 / 가나다순 34
339,D091~D092,88 C0,패치 슬롯 0238 | 한글 문자 | 레,번역 06-003/035 · 레 / 토큰 88 C0 / KANJI A020 / 가나다순 125
340,D093~D094,89 56,패치 슬롯 0239 | 한글 문자 | 스,번역 06-004/035 · 스 / 토큰 89 56 / KANJI 6370 / 가나다순 211
341,D095~D096,89 8C,패치 슬롯 0240 | 한글 문자 | 의,번역 06-005/035 · 의 / 토큰 89 8C / KANJI E2C0 / 가나다순 267
342,D097~D098,81 40,패치 슬롯 0241 | 전각 공백 | ␠,번역 06-006/035 · ␠ / 토큰 81 40 / PC-88 전각 공백 토큰
343,D099~D09A,8A 50,패치 슬롯 0242 | 한글 문자 | 측,번역 06-007/035 · 측 / 토큰 8A 50 / KANJI 6710 / 가나다순 324
344,D09B~D09C,89 FC,패치 슬롯 0243 | 한글 문자 | 근,번역 06-008/035 · 근 / 토큰 89 FC / KANJI E5E0 / 가나다순 36
345,D09D~D09E,89 8D,패치 슬롯 0244 | 한글 문자 | 이,번역 06-009/035 · 이 / 토큰 89 8D / KANJI E2D0 / 가나다순 268
346,D09F~D0A0,89 6F,패치 슬롯 0245 | 한글 문자 | 었,번역 06-010/035 · 었 / 토큰 89 6F / KANJI A300 / 가나다순 238
347,D0A1~D0A2,82 EE,패치 슬롯 0246 | 한글 문자 | 던,번역 06-011/035 · 던 / 토큰 82 EE / KANJI 3900 / 가나다순 86
348,D0A3~D0A4,81 40,패치 슬롯 0247 | 전각 공백 | ␠,번역 06-012/035 · ␠ / 토큰 81 40 / PC-88 전각 공백 토큰
349,D0A5~D0A6,82 9F,패치 슬롯 0248 | 한글 문자 | 가,번역 06-013/035 · 가 / 토큰 82 9F / KANJI 1810 / 가나다순 1
350,D0A7~D0A8,89 8D,패치 슬롯 0249 | 한글 문자 | 이,번역 06-014/035 · 이 / 토큰 89 8D / KANJI E2D0 / 가나다순 268
351,D0A9~D0AA,89 60,패치 슬롯 0250 | 한글 문자 | 아,번역 06-015/035 · 아 / 토큰 89 60 / KANJI A210 / 가나다순 223
352,D0AB~D0AC,89 56,패치 슬롯 0251 | 한글 문자 | 스,번역 06-016/035 · 스 / 토큰 89 56 / KANJI 6370 / 가나다순 211
353,D0AD~D0AE,89 8C,패치 슬롯 0252 | 한글 문자 | 의,번역 06-017/035 · 의 / 토큰 89 8C / KANJI E2C0 / 가나다순 267
354,D0AF~D0B0,81 40,패치 슬롯 0253 | 전각 공백 | ␠,번역 06-018/035 · ␠ / 토큰 81 40 / PC-88 전각 공백 토큰
355,D0B1~D0B2,89 54,패치 슬롯 0254 | 한글 문자 | 수,번역 06-019/035 · 수 / 토큰 89 54 / KANJI 6350 / 가나다순 208
356,D0B3~D0B4,89 AE,패치 슬롯 0255 | 한글 문자 | 중,번역 06-020/035 · 중 / 토큰 89 AE / KANJI 6500 / 가나다순 304
357,D0B5~D0B6,89 70,패치 슬롯 0256 | 한글 문자 | 에,번역 06-021/035 · 에 / 토큰 89 70 / KANJI A310 / 가나다순 239
358,D0B7~D0B8,81 40,패치 슬롯 0257 | 전각 공백 | ␠,번역 06-022/035 · ␠ / 토큰 81 40 / PC-88 전각 공백 토큰
359,D0B9~D0BA,89 92,패치 슬롯 0258 | 한글 문자 | 있,번역 06-023/035 · 있 / 토큰 89 92 / KANJI E320 / 가나다순 276
360,D0BB~D0BC,82 E3,패치 슬롯 0259 | 한글 문자 | 는,번역 06-024/035 · 는 / 토큰 82 E3 / KANJI 3850 / 가나다순 74
361,D0BD~D0BE,81 40,패치 슬롯 0260 | 전각 공백 | ␠,번역 06-025/035 · ␠ / 토큰 81 40 / PC-88 전각 공백 토큰
362,D0BF~D0C0,82 AA,패치 슬롯 0261 | 한글 문자 | 것,번역 06-026/035 · 것 / 토큰 82 AA / KANJI 18C0 / 가나다순 12
363,D0C1~D0C2,89 88,패치 슬롯 0262 | 한글 문자 | 으,번역 06-027/035 · 으 / 토큰 89 88 / KANJI E280 / 가나다순 263
364,D0C3~D0C4,88 C5,패치 슬롯 0263 | 한글 문자 | 로,번역 06-028/035 · 로 / 토큰 88 C5 / KANJI A070 / 가나다순 130
365,D0C5~D0C6,81 40,패치 슬롯 0264 | 전각 공백 | ␠,번역 06-029/035 · ␠ / 토큰 81 40 / PC-88 전각 공백 토큰
366,D0C7~D0C8,89 D8,패치 슬롯 0265 | 한글 문자 | 파,번역 06-030/035 · 파 / 토큰 89 D8 / KANJI A5A0 / 가나다순 352
367,D0C9~D0CA,89 61,패치 슬롯 0266 | 한글 문자 | 악,번역 06-031/035 · 악 / 토큰 89 61 / KANJI A220 / 가나다순 224
368,D0CB~D0CC,8A 42,패치 슬롯 0267 | 한글 문자 | 됩,번역 06-032/035 · 됩 / 토큰 8A 42 / KANJI 6630 / 가나다순 96
369,D0CD~D0CE,82 E4,패치 슬롯 0268 | 한글 문자 | 니,번역 06-033/035 · 니 / 토큰 82 E4 / KANJI 3860 / 가나다순 75
370,D0CF~D0D0,82 E7,패치 슬롯 0269 | 한글 문자 | 다,번역 06-034/035 · 다 / 토큰 82 E7 / KANJI 3890 / 가나다순 78
371,D0D1~D0D2,81 42,패치 슬롯 0270 | 문장부호 | 。,번역 06-035/035 · 。 / 토큰 81 42 / PC-88 전각 마침표 토큰
372,D0D3,61,기존 확인 61~70h 계열 / CAA8[0] 작업슬롯 비활성화,61h 계열 CAA8[0] 작업슬롯 비활성화 제어토큰
373,D0D4~D0D6,16 DE D3,기존 확인 16h 계열 / 서브스트림 호출·전환 → D3DE,16h 계열 호출 대상 D3DE; ACT 2 본류 복귀 주소 D0DB; C3B7 HL=D0D9 → C0A2 HL=D3DE
374,D3DE~D3E2,0F 05 27 03 0B,기존 확인 0Fh 계열 제어토큰,0Fh 계열 제어토큰; ACT 2 인자 05 27 03 0B; 처리 후 C0A2 HL=D3E3
375,D3E3~D3E5,16 50 D4,기존 확인 16h 계열 / 서브스트림 호출·전환 → D450,중첩 호출 대상 D450; 복귀 주소 D3E6; 처리 후 C0A2 HL=D450
376,D450~D455,05 16 86 3A 9E 00,기존 확인 05h 계열 / 영역·좌표 상태 설정·전개,05h 계열 제어토큰; ACT 2 인자 16 86 3A 9E 00; 처리 후 C0A2 HL=D456
377,D456~D45A,0E 16 20 24 80,기존 확인 0Eh 계열 / 화면·버퍼 초기화·전개,0Eh 계열 표시·버퍼 설정 제어토큰; ACT 2 인자 16 20 24 80; 처리 후 C0A2 HL=D45B
378,D45B,17,기존 확인 17h 계열 / 서브스트림 복귀,D450 중첩 서브스트림에서 D3DE 서브스트림 D3E6으로 복귀
379,D3E6~D3E8,13 7C D4,기존 확인 13h 계열 제어토큰,13h 계열 3바이트 제어토큰; ACT 2 인자 7C D4; 처리 후 C0A2 HL=D3E9
380,D3E9~D3EC,14 00 16 22,기존 확인 14h 계열 / 버퍼·영역 처리,14h 계열 버퍼·영역 처리 제어토큰; ACT 2 인자 00 16 22; 처리 후 C0A2 HL=D3ED
381,D3ED~D3F0,14 01 3B 00,기존 확인 14h 계열 / 버퍼·영역 처리,14h 계열 버퍼·영역 처리 제어토큰; ACT 2 인자 01 3B 00; 처리 후 C0A2 HL=D3F1
382,D3F1~D3F4,04 BC D4 41,기존 확인 04h 계열 / CAA8 슬롯 포인터 설정,D4BC 포인터를 41h 슬롯에 설정; 처리 후 C0A2 HL=D3F5
383,D3F5~D3F8,04 C6 D4 42,기존 확인 04h 계열 / CAA8 슬롯 포인터 설정,D4C6 포인터를 42h 슬롯에 설정; 처리 후 C0A2 HL=D3F9
384,D3F9~D3FC,04 D0 D4 43,기존 확인 04h 계열 / CAA8 슬롯 포인터 설정,D4D0 포인터를 43h 슬롯에 설정; 처리 후 C0A2 HL=D3FD
385,D3FD~D400,04 DA D4 44,기존 확인 04h 계열 / CAA8 슬롯 포인터 설정,D4DA 포인터를 44h 슬롯에 설정; 처리 후 C0A2 HL=D401
386,D401~D402,25 2F,기존 확인 25h 계열 / CA1D 입 움직임 효과음 인덱스 설정,25h 계열 제어토큰; CA1D=2F; 처리 후 C0A2 HL=D403
387,D403,17,기존 확인 17h 계열 / 서브스트림 복귀,D3DE 서브스트림에서 ACT 2 본류 D0DB로 복귀; 최종 C0A2 HL=D0DB
388,D0D7,41,기존 확인 41~50h 계열 / CAA8[0] 슬롯 실행,-
389,D0D8,43,기존 확인 41~50h 계열 / CAA8[2] 슬롯 실행,-
390,D0D9,44,기존 확인 41~50h 계열 / CAA8[3] 슬롯 실행,-
391,D0DA~D0DB,8A 56,패치 슬롯 0271 | 한글 문자 | 흥,번역 07-001/034 · 흥 / 토큰 8A 56 / KANJI 6770 / 가나다순 385
392,D0DC~D0DD,81 49,패치 슬롯 0272 | 문장부호 | ！,번역 07-002/034 · ！ / 토큰 81 49 / PC-88 전각 느낌표 토큰
393,D0DE~D0DF,81 40,패치 슬롯 0273 | 전각 공백 | ␠,번역 07-003/034 · ␠ / 토큰 81 40 / PC-88 전각 공백 토큰
394,D0E0~D0E1,82 9F,패치 슬롯 0274 | 한글 문자 | 가,번역 07-004/034 · 가 / 토큰 82 9F / KANJI 1810 / 가나다순 1
395,D0E2~D0E3,89 8D,패치 슬롯 0275 | 한글 문자 | 이,번역 07-005/034 · 이 / 토큰 89 8D / KANJI E2D0 / 가나다순 268
396,D0E4~D0E5,89 60,패치 슬롯 0276 | 한글 문자 | 아,번역 07-006/034 · 아 / 토큰 89 60 / KANJI A210 / 가나다순 223
397,D0E6,61,기존 확인 61~70h 계열 / CAA8[0] 작업슬롯 비활성화,61h 계열 CAA8[0] 작업슬롯 비활성화 제어토큰
398,D0E7,42,기존 확인 41~50h 계열 / CAA8[1] 슬롯 실행,-
399,D0E8~D0E9,89 56,패치 슬롯 0277 | 한글 문자 | 스,번역 07-007/034 · 스 / 토큰 89 56 / KANJI 6370 / 가나다순 211
400,D0EA~D0EB,81 40,패치 슬롯 0278 | 전각 공백 | ␠,번역 07-008/034 · ␠ / 토큰 81 40 / PC-88 전각 공백 토큰
401,D0EC~D0ED,82 DA,패치 슬롯 0279 | 한글 문자 | 녀,번역 07-009/034 · 녀 / 토큰 82 DA / KANJI 29C0 / 가나다순 65
402,D0EE~D0EF,89 4A,패치 슬롯 0280 | 한글 문자 | 석,번역 07-010/034 · 석 / 토큰 89 4A / KANJI 62B0 / 가나다순 198
403,D0F0~D0F1,81 45,패치 슬롯 0281 | 문장부호 | ・,번역 07-011/034 · ・ / 토큰 81 45 / PC-88 가운데점 토큰
404,D0F2~D0F3,81 45,패치 슬롯 0282 | 문장부호 | ・,번역 07-012/034 · ・ / 토큰 81 45 / PC-88 가운데점 토큰
405,D0F4~D0F5,81 45,패치 슬롯 0283 | 문장부호 | ・,번역 07-013/034 · ・ / 토큰 81 45 / PC-88 가운데점 토큰
406,D0F6,41,기존 확인 41~50h 계열 / CAA8[0] 슬롯 실행,-
407,D0F7,62,기존 확인 61~70h 계열 / CAA8[1] 작업슬롯 비활성화,62h 계열 CAA8[1] 작업슬롯 비활성화 제어토큰
408,D0F8~D0F9,81 40,패치 슬롯 0284 | 전각 공백 | ␠,번역 07-014/034 · ␠ / 토큰 81 40 / PC-88 전각 공백 토큰
409,D0FA~D0FB,8A 4E,패치 슬롯 0285 | 한글 문자 | 질,번역 07-015/034 · 질 / 토큰 8A 4E / KANJI 66F0 / 가나다순 312
410,D0FC~D0FD,82 C2,패치 슬롯 0286 | 한글 문자 | 긴,번역 07-016/034 · 긴 / 토큰 82 C2 / KANJI 2840 / 가나다순 40
411,D0FE~D0FF,81 40,패치 슬롯 0287 | 전각 공백 | ␠,번역 07-017/034 · ␠ / 토큰 81 40 / PC-88 전각 공백 토큰
412,D100~D101,82 DD,패치 슬롯 0288 | 한글 문자 | 놈,번역 07-018/034 · 놈 / 토큰 82 DD / KANJI 29F0 / 가나다순 68
413,D102~D103,82 A4,패치 슬롯 0289 | 한글 문자 | 같,번역 07-019/034 · 같 / 토큰 82 A4 / KANJI 1860 / 가나다순 6
414,D104~D105,89 88,패치 슬롯 0290 | 한글 문자 | 으,번역 07-020/034 · 으 / 토큰 89 88 / KANJI E280 / 가나다순 263
415,D106~D107,82 E4,패치 슬롯 0291 | 한글 문자 | 니,번역 07-021/034 · 니 / 토큰 82 E4 / KANJI 3860 / 가나다순 75
416,D108~D109,81 49,패치 슬롯 0292 | 문장부호 | ！,번역 07-022/034 · ！ / 토큰 81 49 / PC-88 전각 느낌표 토큰
417,D10A~D10B,81 40,패치 슬롯 0293 | 전각 공백 | ␠,번역 07-023/034 · ␠ / 토큰 81 40 / PC-88 전각 공백 토큰
418,D10C~D10D,88 DA,패치 슬롯 0294 | 한글 문자 | 메,번역 07-024/034 · 메 / 토큰 88 DA / KANJI A1C0 / 가나다순 152
419,D10E~D10F,82 9F,패치 슬롯 0295 | 한글 문자 | 가,번역 07-025/034 · 가 / 토큰 82 9F / KANJI 1810 / 가나다순 1
420,D110~D111,89 56,패치 슬롯 0296 | 한글 문자 | 스,번역 07-026/034 · 스 / 토큰 89 56 / KANJI 6370 / 가나다순 211
421,D112~D113,82 E6,패치 슬롯 0297 | 한글 문자 | 님,번역 07-027/034 · 님 / 토큰 82 E6 / KANJI 3880 / 가나다순 77
422,D114~D115,81 41,패치 슬롯 0298 | 문장부호 | 、,번역 07-028/034 · 、 / 토큰 81 41 / PC-88 전각 쉼표 토큰
423,D116~D117,89 6C,패치 슬롯 0299 | 한글 문자 | 어,번역 07-029/034 · 어 / 토큰 89 6C / KANJI A2D0 / 가나다순 235
424,D118~D119,8A 4F,패치 슬롯 0300 | 한글 문자 | 찌,번역 07-030/034 · 찌 / 토큰 8A 4F / KANJI 6700 / 가나다순 314
425,D11A~D11B,89 E5,패치 슬롯 0301 | 한글 문자 | 할,번역 07-031/034 · 할 / 토큰 89 E5 / KANJI E470 / 가나다순 365
426,D11C~D11D,82 C4,패치 슬롯 0302 | 한글 문자 | 까,번역 07-032/034 · 까 / 토큰 82 C4 / KANJI 2860 / 가나다순 42
427,D11E~D11F,89 80,패치 슬롯 0303 | 한글 문자 | 요,번역 07-033/034 · 요 / 토큰 89 80 / KANJI E200 / 가나다순 255
428,D120~D121,81 48,패치 슬롯 0304 | 문장부호 | ？,번역 07-034/034 · ？ / 토큰 81 48 / PC-88 전각 물음표 토큰
429,D122,61,기존 확인 61~70h 계열 / CAA8[0] 작업슬롯 비활성화,61h 계열 CAA8[0] 작업슬롯 비활성화 제어토큰
430,D123,63,기존 확인 61~70h 계열 / CAA8[2] 작업슬롯 비활성화,63h 계열 CAA8[2] 작업슬롯 비활성화 제어토큰
431,D124,64,기존 확인 61~70h 계열 / CAA8[3] 작업슬롯 비활성화,64h 계열 CAA8[3] 작업슬롯 비활성화 제어토큰
432,D125~D127,16 9E D3,기존 확인 16h 계열 / 서브스트림 호출·전환 → D39E,16h 계열 호출 대상 D39E; ACT 2 본류 복귀 주소 D12C; C3B7 HL=D12A → C0A2 HL=D39E
433,D39E~D3A2,0F 01 25 03 0E,기존 확인 0Fh 계열 제어토큰,0Fh 계열 제어토큰; ACT 2 인자 01 25 03 0E; 처리 후 C0A2 HL=D3A3
434,D3A3~D3A8,05 11 92 3E AA 00,기존 확인 05h 계열 / 영역·좌표 상태 설정·전개,05h 계열 제어토큰; ACT 2 인자 11 92 3E AA 00; 처리 후 C0A2 HL=D3A9
435,D3A9~D3AD,0E 11 10 2E A0,기존 확인 0Eh 계열 / 화면·버퍼 초기화·전개,0Eh 계열 표시·버퍼 설정 제어토큰; ACT 2 인자 11 10 2E A0; 처리 후 C0A2 HL=D3AE
436,D3AE~D3B0,13 6C D4,기존 확인 13h 계열 제어토큰,13h 계열 3바이트 제어토큰; ACT 2 인자 6C D4; 처리 후 C0A2 HL=D3B1
437,D3B1~D3B4,14 00 11 16,기존 확인 14h 계열 / 버퍼·영역 처리,14h 계열 버퍼·영역 처리 제어토큰; ACT 2 인자 00 11 16; 처리 후 C0A2 HL=D3B5
438,D3B5~D3B8,14 01 40 00,기존 확인 14h 계열 / 버퍼·영역 처리,14h 계열 버퍼·영역 처리 제어토큰; ACT 2 인자 01 40 00; 처리 후 C0A2 HL=D3B9
439,D3B9~D3BC,04 02 D5 41,기존 확인 04h 계열 / CAA8 슬롯 포인터 설정,D502 포인터를 41h 슬롯에 설정; 처리 후 C0A2 HL=D3BD
440,D3BD~D3BE,25 2D,기존 확인 25h 계열 / CA1D 입 움직임 효과음 인덱스 설정,25h 계열 제어토큰; CA1D=2D; 처리 후 C0A2 HL=D3BF
441,D3BF,17,기존 확인 17h 계열 / 서브스트림 복귀,D39E 서브스트림에서 ACT 2 본류 D12C로 복귀; 최종 C0A2 HL=D12C
442,D128,41,기존 확인 41~50h 계열 / CAA8[0] 슬롯 실행,-
443,D129~D12A,89 A7,패치 슬롯 0305 | 한글 문자 | 좋,번역 08-001/044 · 좋 / 토큰 89 A7 / KANJI 6490 / 가나다순 297
444,D12B~D12C,82 E7,패치 슬롯 0306 | 한글 문자 | 다,번역 08-002/044 · 다 / 토큰 82 E7 / KANJI 3890 / 가나다순 78
445,D12D~D12E,81 41,패치 슬롯 0307 | 문장부호 | 、,번역 08-003/044 · 、 / 토큰 81 41 / PC-88 전각 쉼표 토큰
446,D12F~D130,82 ED,패치 슬롯 0308 | 한글 문자 | 더,번역 08-004/044 · 더 / 토큰 82 ED / KANJI 38F0 / 가나다순 85
447,D131~D132,82 E3,패치 슬롯 0309 | 한글 문자 | 는,번역 08-005/044 · 는 / 토큰 82 E3 / KANJI 3850 / 가나다순 74
448,D133~D134,81 40,패치 슬롯 0310 | 전각 공백 | ␠,번역 08-006/044 · ␠ / 토큰 81 40 / PC-88 전각 공백 토큰
449,D135~D136,82 C1,패치 슬롯 0311 | 한글 문자 | 기,번역 08-007/044 · 기 / 토큰 82 C1 / KANJI 2830 / 가나다순 39
450,D137~D138,82 E7,패치 슬롯 0312 | 한글 문자 | 다,번역 08-008/044 · 다 / 토큰 82 E7 / KANJI 3890 / 가나다순 78
451,D139~D13A,88 CE,패치 슬롯 0313 | 한글 문자 | 릴,번역 08-009/044 · 릴 / 토큰 88 CE / KANJI A100 / 가나다순 139
452,D13B~D13C,81 40,패치 슬롯 0314 | 전각 공백 | ␠,번역 08-010/044 · ␠ / 토큰 81 40 / PC-88 전각 공백 토큰
453,D13D~D13E,89 54,패치 슬롯 0315 | 한글 문자 | 수,번역 08-011/044 · 수 / 토큰 89 54 / KANJI 6350 / 가나다순 208
454,D13F~D140,81 40,패치 슬롯 0316 | 전각 공백 | ␠,번역 08-012/044 · ␠ / 토큰 81 40 / PC-88 전각 공백 토큰
455,D141~D142,89 6E,패치 슬롯 0317 | 한글 문자 | 없,번역 08-013/044 · 없 / 토큰 89 6E / KANJI A2F0 / 가나다순 237
456,D143~D144,82 E7,패치 슬롯 0318 | 한글 문자 | 다,번역 08-014/044 · 다 / 토큰 82 E7 / KANJI 3890 / 가나다순 78
457,D145~D146,81 49,패치 슬롯 0319 | 문장부호 | ！,번역 08-015/044 · ！ / 토큰 81 49 / PC-88 전각 느낌표 토큰
458,D147~D148,81 40,패치 슬롯 0320 | 전각 공백 | ␠,번역 08-016/044 · ␠ / 토큰 81 40 / PC-88 전각 공백 토큰
459,D149~D14A,82 B9,패치 슬롯 0321 | 한글 문자 | 군,번역 08-017/044 · 군 / 토큰 82 B9 / KANJI 19B0 / 가나다순 30
460,D14B~D14C,82 E9,패치 슬롯 0322 | 한글 문자 | 단,번역 08-018/044 · 단 / 토큰 82 E9 / KANJI 38B0 / 가나다순 80
461,D14D~D14E,89 8A,패치 슬롯 0323 | 한글 문자 | 을,번역 08-019/044 · 을 / 토큰 89 8A / KANJI E2A0 / 가나다순 265
462,D14F~D150,81 40,패치 슬롯 0324 | 전각 공백 | ␠,번역 08-020/044 · ␠ / 토큰 81 40 / PC-88 전각 공백 토큰
463,D151~D152,89 B4,패치 슬롯 0325 | 한글 문자 | 진,번역 08-021/044 · 진 / 토큰 89 B4 / KANJI 6560 / 가나다순 311
464,D153~D154,8A 57,패치 슬롯 0326 | 한글 문자 | 격,번역 08-022/044 · 격 / 토큰 8A 57 / KANJI 6780 / 가나다순 389
465,D155~D156,89 5A,패치 슬롯 0327 | 한글 문자 | 시,번역 08-023/044 · 시 / 토큰 89 5A / KANJI 63B0 / 가나다순 215
466,D157~D158,89 C4,패치 슬롯 0328 | 한글 문자 | 켜,번역 08-024/044 · 켜 / 토큰 89 C4 / KANJI A460 / 가나다순 330
467,D159~D15A,88 B6,패치 슬롯 0329 | 한글 문자 | 라,번역 08-025/044 · 라 / 토큰 88 B6 / KANJI 6180 / 가나다순 114
468,D15B~D15C,81 49,패치 슬롯 0330 | 문장부호 | ！,번역 08-026/044 · ！ / 토큰 81 49 / PC-88 전각 느낌표 토큰
469,D15D~D15E,81 40,패치 슬롯 0331 | 전각 공백 | ␠,번역 08-027/044 · ␠ / 토큰 81 40 / PC-88 전각 공백 토큰
470,D15F~D160,82 DA,패치 슬롯 0332 | 한글 문자 | 녀,번역 08-028/044 · 녀 / 토큰 82 DA / KANJI 29C0 / 가나다순 65
471,D161~D162,89 4A,패치 슬롯 0333 | 한글 문자 | 석,번역 08-029/044 · 석 / 토큰 89 4A / KANJI 62B0 / 가나다순 198
472,D163~D164,88 AA,패치 슬롯 0334 | 한글 문자 | 들,번역 08-030/044 · 들 / 토큰 88 AA / KANJI 60C0 / 가나다순 102
473,D165~D166,82 B4,패치 슬롯 0335 | 한글 문자 | 과,번역 08-031/044 · 과 / 토큰 82 B4 / KANJI 1960 / 가나다순 25
474,D167~D168,89 8C,패치 슬롯 0336 | 한글 문자 | 의,번역 08-032/044 · 의 / 토큰 89 8C / KANJI E2C0 / 가나다순 267
475,D169~D16A,81 40,패치 슬롯 0337 | 전각 공백 | ␠,번역 08-033/044 · ␠ / 토큰 81 40 / PC-88 전각 공백 토큰
476,D16B~D16C,89 86,패치 슬롯 0338 | 한글 문자 | 유,번역 08-034/044 · 유 / 토큰 89 86 / KANJI E260 / 가나다순 261
477,D16D~D16E,89 F6,패치 슬롯 0339 | 한글 문자 | 희,번역 08-035/044 · 희 / 토큰 89 F6 / KANJI E580 / 가나다순 386
478,D16F~D170,82 F1,패치 슬롯 0340 | 한글 문자 | 도,번역 08-036/044 · 도 / 토큰 82 F1 / KANJI 3930 / 가나다순 89
479,D171~D172,81 40,패치 슬롯 0341 | 전각 공백 | ␠,번역 08-037/044 · ␠ / 토큰 81 40 / PC-88 전각 공백 토큰
480,D173~D174,89 8D,패치 슬롯 0342 | 한글 문자 | 이,번역 08-038/044 · 이 / 토큰 89 8D / KANJI E2D0 / 가나다순 268
481,D175~D176,89 A1,패치 슬롯 0343 | 한글 문자 | 제,번역 08-039/044 · 제 / 토큰 89 A1 / KANJI 6430 / 가나다순 291
482,D177~D178,81 40,패치 슬롯 0344 | 전각 공백 | ␠,번역 08-040/044 · ␠ / 토큰 81 40 / PC-88 전각 공백 토큰
483,D179~D17A,82 CC,패치 슬롯 0345 | 한글 문자 | 끝,번역 08-041/044 · 끝 / 토큰 82 CC / KANJI 28E0 / 가나다순 50
484,D17B~D17C,89 8D,패치 슬롯 0346 | 한글 문자 | 이,번역 08-042/044 · 이 / 토큰 89 8D / KANJI E2D0 / 가나다순 268
485,D17D~D17E,82 E7,패치 슬롯 0347 | 한글 문자 | 다,번역 08-043/044 · 다 / 토큰 82 E7 / KANJI 3890 / 가나다순 78
486,D17F~D180,81 49,패치 슬롯 0348 | 문장부호 | ！,번역 08-044/044 · ！ / 토큰 81 49 / PC-88 전각 느낌표 토큰
487,D181,61,기존 확인 61~70h 계열 / CAA8[0] 작업슬롯 비활성화,61h 계열 CAA8[0] 작업슬롯 비활성화 제어토큰
488,D182~D184,16 67 D3,기존 확인 16h 계열 / 서브스트림 호출·전환 → D367,16h 계열 호출 대상 D367; C3B7 HL=D17D → C0A2 DE=D17E/HL=D367; ACT 2 본류 복귀 주소 D17F
489,D367~D36B,0F 01 2F 03 10,기존 확인 0Fh 계열 제어토큰,0Fh 계열 제어토큰; ACT 2 인자 01 2F 03 10; 처리 후 C0A2 HL=D36C
490,D36C~D36E,1E 3C 08,기존 확인 1Eh 계열 / 간접 CALL 083C→0F12,1Eh 계열 간접 CALL 제어토큰; 호출 대상 083C; 처리 후 C0A2 HL=D36F
491,D36F~D371,16 7E D3,기존 확인 16h 계열 / 서브스트림 호출·전환 → D37E,D367 내부 중첩 호출 대상 D37E; 복귀 주소 D372; C3B7 HL=D370 → C0A2 DE=D371/HL=D37E
492,D37E~D383,05 04 86 4C 9E 00,기존 확인 05h 계열 / 영역·좌표 상태 설정·전개,05h 계열 제어토큰; ACT 2 인자 04 86 4C 9E 00; 처리 후 C0A2 HL=D384
493,D384,17,기존 확인 17h 계열 / 서브스트림 복귀,D384=17 처리 후 C0A2 HL=D372. D37E 중첩 서브스트림에서 D367 서브스트림으로 복귀
494,D372~D376,0E 04 20 48 80,기존 확인 0Eh 계열 / 화면·버퍼 초기화·전개,0Eh 계열 표시·버퍼 설정 제어토큰; ACT 2 인자 04 20 48 80; 처리 후 C0A2 HL=D377
495,D377~D37A,14 00 04 22,기존 확인 14h 계열 / 버퍼·영역 처리,14h 계열 버퍼·영역 처리 제어토큰; ACT 2 인자 00 04 22; 처리 후 C0A2 HL=D37B
496,D37B~D37D,09 24 D4,기존 확인 09h 계열 / 실행 위치 전환 → D424,09h 계열 제어토큰; 전환 대상 D424; 처리 후 C0A2 HL=D424
497,D424~D426,13 AC D4,기존 확인 13h 계열 제어토큰,13h 계열 3바이트 제어토큰; ACT 2 인자 AC D4; 처리 후 C0A2 HL=D427
498,D427~D42A,14 01 00 00,기존 확인 14h 계열 / 버퍼·영역 처리,14h 계열 버퍼·영역 처리 제어토큰; ACT 2 인자 01 00 00; 처리 후 C0A2 HL=D42B
499,D42B~D42E,04 0C D5 41,기존 확인 04h 계열 / CAA8 슬롯 포인터 설정,D50C 포인터를 41h 슬롯에 설정; 처리 후 C0A2 HL=D42F
500,D42F~D432,04 16 D5 42,기존 확인 04h 계열 / CAA8 슬롯 포인터 설정,D516 포인터를 42h 슬롯에 설정; 처리 후 C0A2 HL=D433
501,D433~D436,04 20 D5 43,기존 확인 04h 계열 / CAA8 슬롯 포인터 설정,D520 포인터를 43h 슬롯에 설정; 처리 후 C0A2 HL=D437
502,D437~D43A,04 2A D5 44,기존 확인 04h 계열 / CAA8 슬롯 포인터 설정,D52A 포인터를 44h 슬롯에 설정; 처리 후 C0A2 HL=D43B
503,D43B~D43E,04 34 D5 45,기존 확인 04h 계열 / CAA8 슬롯 포인터 설정,D534 포인터를 45h 슬롯에 설정; 처리 후 C0A2 HL=D43F
504,D43F~D442,04 3E D5 46,기존 확인 04h 계열 / CAA8 슬롯 포인터 설정,D53E 포인터를 46h 슬롯에 설정; 처리 후 C0A2 HL=D443
505,D443~D446,04 48 D5 47,기존 확인 04h 계열 / CAA8 슬롯 포인터 설정,D548 포인터를 47h 슬롯에 설정; 처리 후 C0A2 HL=D447
506,D447~D44A,04 52 D5 48,기존 확인 04h 계열 / CAA8 슬롯 포인터 설정,D552 포인터를 48h 슬롯에 설정; 처리 후 C0A2 HL=D44B
507,D44B~D44E,04 5C D5 49,기존 확인 04h 계열 / CAA8 슬롯 포인터 설정,D55C 포인터를 49h 슬롯에 설정; 처리 후 C0A2 HL=D44F
508,D44F,17,기존 확인 17h 계열 / 서브스트림 복귀,D44F=17 처리 후 C0A2 HL=D17F. D367 서브스트림에서 ACT 2 본류로 복귀
509,D185~D186,25 2C,기존 확인 25h 계열 / CA1D 입 움직임 효과음 인덱스 설정,CA1D=2C
510,D187,41,기존 확인 41~50h 계열 / CAA8[0] 슬롯 실행,-
511,D188~D189,88 E9,패치 슬롯 0349 | 한글 문자 | 바,번역 09-001/116 · 바 / 토큰 88 E9 / KANJI E0B0 / 가나다순 168
512,D18A~D18B,88 CC,패치 슬롯 0350 | 한글 문자 | 리,번역 09-002/116 · 리 / 토큰 88 CC / KANJI A0E0 / 가나다순 137
513,D18C~D18D,89 60,패치 슬롯 0351 | 한글 문자 | 아,번역 09-003/116 · 아 / 토큰 89 60 / KANJI A210 / 가나다순 223
514,D18E~D18F,82 E6,패치 슬롯 0352 | 한글 문자 | 님,번역 09-004/116 · 님 / 토큰 82 E6 / KANJI 3880 / 가나다순 77
515,D190~D191,81 41,패치 슬롯 0353 | 문장부호 | 、,번역 09-005/116 · 、 / 토큰 81 41 / PC-88 전각 쉼표 토큰
516,D192~D193,8A 47,패치 슬롯 0354 | 한글 문자 | 심,번역 09-006/116 · 심 / 토큰 8A 47 / KANJI 6680 / 가나다순 218
517,D194~D195,89 A0,패치 슬롯 0355 | 한글 문자 | 정,번역 09-007/116 · 정 / 토큰 89 A0 / KANJI 6420 / 가나다순 290
518,D196~D197,89 89,패치 슬롯 0356 | 한글 문자 | 은,번역 09-008/116 · 은 / 토큰 89 89 / KANJI E290 / 가나다순 264
519,D198~D199,81 40,패치 슬롯 0357 | 전각 공백 | ␠,번역 09-009/116 · ␠ / 토큰 81 40 / PC-88 전각 공백 토큰
520,D19A~D19B,89 8D,패치 슬롯 0358 | 한글 문자 | 이,번역 09-010/116 · 이 / 토큰 89 8D / KANJI E2D0 / 가나다순 268
521,D19C~D19D,89 E8,패치 슬롯 0359 | 한글 문자 | 해,번역 09-011/116 · 해 / 토큰 89 E8 / KANJI E4A0 / 가나다순 369
522,D19E~D19F,89 E2,패치 슬롯 0360 | 한글 문자 | 하,번역 09-012/116 · 하 / 토큰 89 E2 / KANJI E440 / 가나다순 362
523,D1A0~D1A1,89 B3,패치 슬롯 0361 | 한글 문자 | 지,번역 09-013/116 · 지 / 토큰 89 B3 / KANJI 6550 / 가나다순 309
524,D1A2~D1A3,88 D2,패치 슬롯 0362 | 한글 문자 | 만,번역 09-014/116 · 만 / 토큰 88 D2 / KANJI A140 / 가나다순 144
525,D1A4~D1A5,81 40,패치 슬롯 0363 | 전각 공백 | ␠,번역 09-015/116 · ␠ / 토큰 81 40 / PC-88 전각 공백 토큰
526,D1A6~D1A7,89 9E,패치 슬롯 0364 | 한글 문자 | 절,번역 09-016/116 · 절 / 토큰 89 9E / KANJI E3E0 / 가나다순 288
527,D1A8~D1A9,82 EC,패치 슬롯 0365 | 한글 문자 | 대,번역 09-017/116 · 대 / 토큰 82 EC / KANJI 38E0 / 가나다순 84
528,D1AA~D1AB,81 40,패치 슬롯 0366 | 전각 공백 | ␠,번역 09-018/116 · ␠ / 토큰 81 40 / PC-88 전각 공백 토큰
529,D1AC~D1AD,89 86,패치 슬롯 0367 | 한글 문자 | 유,번역 09-019/116 · 유 / 토큰 89 86 / KANJI E260 / 가나다순 261
530,D1AE~D1AF,89 C5,패치 슬롯 0368 | 한글 문자 | 코,번역 09-020/116 · 코 / 토큰 89 C5 / KANJI A470 / 가나다순 331
531,D1B0~D1B1,89 70,패치 슬롯 0369 | 한글 문자 | 에,번역 09-021/116 · 에 / 토큰 89 70 / KANJI A310 / 가나다순 239
532,D1B2~D1B3,82 AB,패치 슬롯 0370 | 한글 문자 | 게,번역 09-022/116 · 게 / 토큰 82 AB / KANJI 18D0 / 가나다순 13
533,D1B4~D1B5,81 40,패치 슬롯 0371 | 전각 공백 | ␠,번역 09-023/116 · ␠ / 토큰 81 40 / PC-88 전각 공백 토큰
534,D1B6~D1B7,88 D3,패치 슬롯 0372 | 한글 문자 | 말,번역 09-024/116 · 말 / 토큰 88 D3 / KANJI A150 / 가나다순 145
535,D1B8~D1B9,89 8A,패치 슬롯 0373 | 한글 문자 | 을,번역 09-025/116 · 을 / 토큰 89 8A / KANJI E2A0 / 가나다순 265
536,D1BA~D1BB,81 40,패치 슬롯 0374 | 전각 공백 | ␠,번역 09-026/116 · ␠ / 토큰 81 40 / PC-88 전각 공백 토큰
537,D1BC~D1BD,82 A8,패치 슬롯 0375 | 한글 문자 | 걸,번역 09-027/116 · 걸 / 토큰 82 A8 / KANJI 18A0 / 가나다순 10
538,D1BE~D1BF,89 6C,패치 슬롯 0376 | 한글 문자 | 어,번역 09-028/116 · 어 / 토큰 89 6C / KANJI A2D0 / 가나다순 235
539,D1C0~D1C1,89 49,패치 슬롯 0377 | 한글 문자 | 서,번역 09-029/116 · 서 / 토큰 89 49 / KANJI 62A0 / 가나다순 197
540,D1C2~D1C3,81 40,패치 슬롯 0378 | 전각 공백 | ␠,번역 09-030/116 · ␠ / 토큰 81 40 / PC-88 전각 공백 토큰
541,D1C4~D1C5,89 62,패치 슬롯 0379 | 한글 문자 | 안,번역 09-031/116 · 안 / 토큰 89 62 / KANJI A230 / 가나다순 225
542,D1C6~D1C7,8A 42,패치 슬롯 0380 | 한글 문자 | 됩,번역 09-032/116 · 됩 / 토큰 8A 42 / KANJI 6630 / 가나다순 96
543,D1C8~D1C9,82 E4,패치 슬롯 0381 | 한글 문자 | 니,번역 09-033/116 · 니 / 토큰 82 E4 / KANJI 3860 / 가나다순 75
544,D1CA~D1CB,82 E7,패치 슬롯 0382 | 한글 문자 | 다,번역 09-034/116 · 다 / 토큰 82 E7 / KANJI 3890 / 가나다순 78
545,D1CC~D1CD,81 42,패치 슬롯 0383 | 문장부호 | 。,번역 09-035/116 · 。 / 토큰 81 42 / PC-88 전각 마침표 토큰
546,D1CE~D1CF,89 B3,패치 슬롯 0384 | 한글 문자 | 지,번역 09-036/116 · 지 / 토큰 89 B3 / KANJI 6550 / 가나다순 309
547,D1D0~D1D1,82 BF,패치 슬롯 0385 | 한글 문자 | 금,번역 09-037/116 · 금 / 토큰 82 BF / KANJI 2810 / 가나다순 37
548,D1D2~D1D3,81 40,패치 슬롯 0386 | 전각 공백 | ␠,번역 09-038/116 · ␠ / 토큰 81 40 / PC-88 전각 공백 토큰
549,D1D4~D1D5,82 EC,패치 슬롯 0387 | 한글 문자 | 대,번역 09-039/116 · 대 / 토큰 82 EC / KANJI 38E0 / 가나다순 84
550,D1D6~D1D7,8A 41,패치 슬롯 0388 | 한글 문자 | 답,번역 09-040/116 · 답 / 토큰 8A 41 / KANJI 6620 / 가나다순 82
551,D1D8~D1D9,89 E2,패치 슬롯 0389 | 한글 문자 | 하,번역 09-041/116 · 하 / 토큰 89 E2 / KANJI E440 / 가나다순 362
552,D1DA~D1DB,82 E3,패치 슬롯 0390 | 한글 문자 | 는,번역 09-042/116 · 는 / 토큰 82 E3 / KANJI 3850 / 가나다순 74
553,D1DC~D1DD,81 40,패치 슬롯 0391 | 전각 공백 | ␠,번역 09-043/116 · ␠ / 토큰 81 40 / PC-88 전각 공백 토큰
554,D1DE~D1DF,8A 46,패치 슬롯 0392 | 한글 문자 | 순,번역 09-044/116 · 순 / 토큰 8A 46 / KANJI 6670 / 가나다순 209
555,D1E0~D1E1,82 A1,패치 슬롯 0393 | 한글 문자 | 간,번역 09-045/116 · 간 / 토큰 82 A1 / KANJI 1830 / 가나다순 3
556,D1E2~D1E3,81 41,패치 슬롯 0394 | 문장부호 | 、,번역 09-046/116 · 、 / 토큰 81 41 / PC-88 전각 쉼표 토큰
557,D1E4~D1E5,88 E0,패치 슬롯 0395 | 한글 문자 | 목,번역 09-047/116 · 목 / 토큰 88 E0 / KANJI E020 / 가나다순 158
558,D1E6~D1E7,89 55,패치 슬롯 0396 | 한글 문자 | 숨,번역 09-048/116 · 숨 / 토큰 89 55 / KANJI 6360 / 가나다순 210
559,D1E8~D1E9,89 8A,패치 슬롯 0397 | 한글 문자 | 을,번역 09-049/116 · 을 / 토큰 89 8A / KANJI E2A0 / 가나다순 265
560,D1EA~D1EB,81 40,패치 슬롯 0398 | 전각 공백 | ␠,번역 09-050/116 · ␠ / 토큰 81 40 / PC-88 전각 공백 토큰
561,D1EC~D1ED,8A 4B,패치 슬롯 0399 | 한글 문자 | 잃,번역 09-051/116 · 잃 / 토큰 8A 4B / KANJI 66C0 / 가나다순 273
562,D1EE~D1EF,82 AB,패치 슬롯 0400 | 한글 문자 | 게,번역 09-052/116 · 게 / 토큰 82 AB / KANJI 18D0 / 가나다순 13
563,D1F0~D1F1,81 40,패치 슬롯 0401 | 전각 공백 | ␠,번역 09-053/116 · ␠ / 토큰 81 40 / PC-88 전각 공백 토큰
564,D1F2~D1F3,8A 42,패치 슬롯 0402 | 한글 문자 | 됩,번역 09-054/116 · 됩 / 토큰 8A 42 / KANJI 6630 / 가나다순 96
565,D1F4~D1F5,82 E4,패치 슬롯 0403 | 한글 문자 | 니,번역 09-055/116 · 니 / 토큰 82 E4 / KANJI 3860 / 가나다순 75
566,D1F6~D1F7,82 E7,패치 슬롯 0404 | 한글 문자 | 다,번역 09-056/116 · 다 / 토큰 82 E7 / KANJI 3890 / 가나다순 78
567,D1F8~D1F9,81 42,패치 슬롯 0405 | 문장부호 | 。,번역 09-057/116 · 。 / 토큰 81 42 / PC-88 전각 마침표 토큰
568,D1FA~D1FB,89 9D,패치 슬롯 0406 | 한글 문자 | 전,번역 09-058/116 · 전 / 토큰 89 9D / KANJI E3D0 / 가나다순 287
569,D1FC~D1FD,89 E2,패치 슬롯 0407 | 한글 문자 | 하,번역 09-059/116 · 하 / 토큰 89 E2 / KANJI E440 / 가나다순 362
570,D1FE~D1FF,89 8C,패치 슬롯 0408 | 한글 문자 | 의,번역 09-060/116 · 의 / 토큰 89 8C / KANJI E2C0 / 가나다순 267
571,D200~D201,81 40,패치 슬롯 0409 | 전각 공백 | ␠,번역 09-061/116 · ␠ / 토큰 81 40 / PC-88 전각 공백 토큰
572,D202~D203,89 AB,패치 슬롯 0410 | 한글 문자 | 죽,번역 09-062/116 · 죽 / 토큰 89 AB / KANJI 64D0 / 가나다순 301
573,D204~D205,89 8B,패치 슬롯 0411 | 한글 문자 | 음,번역 09-063/116 · 음 / 토큰 89 8B / KANJI E2B0 / 가나다순 266
574,D206~D207,89 89,패치 슬롯 0412 | 한글 문자 | 은,번역 09-064/116 · 은 / 토큰 89 89 / KANJI E290 / 가나다순 264
575,D208~D209,81 40,패치 슬롯 0413 | 전각 공백 | ␠,번역 09-065/116 · ␠ / 토큰 81 40 / PC-88 전각 공백 토큰
576,D20A~D20B,89 FB,패치 슬롯 0414 | 한글 문자 | 곧,번역 09-066/116 · 곧 / 토큰 89 FB / KANJI E5D0 / 가나다순 22
577,D20C~D20D,81 40,패치 슬롯 0415 | 전각 공백 | ␠,번역 09-067/116 · ␠ / 토큰 81 40 / PC-88 전각 공백 토큰
578,D20E~D20F,89 86,패치 슬롯 0416 | 한글 문자 | 유,번역 09-068/116 · 유 / 토큰 89 86 / KANJI E260 / 가나다순 261
579,D210~D211,89 C5,패치 슬롯 0417 | 한글 문자 | 코,번역 09-069/116 · 코 / 토큰 89 C5 / KANJI A470 / 가나다순 331
580,D212~D213,81 40,패치 슬롯 0418 | 전각 공백 | ␠,번역 09-070/116 · ␠ / 토큰 81 40 / PC-88 전각 공백 토큰
581,D214~D215,89 42,패치 슬롯 0419 | 한글 문자 | 뿐,번역 09-071/116 · 뿐 / 토큰 89 42 / KANJI 6230 / 가나다순 190
582,D216~D217,88 D2,패치 슬롯 0420 | 한글 문자 | 만,번역 09-072/116 · 만 / 토큰 88 D2 / KANJI A140 / 가나다순 144
583,D218~D219,89 60,패치 슬롯 0421 | 한글 문자 | 아,번역 09-073/116 · 아 / 토큰 89 60 / KANJI A210 / 가나다순 223
584,D21A~D21B,82 E4,패치 슬롯 0422 | 한글 문자 | 니,번역 09-074/116 · 니 / 토큰 82 E4 / KANJI 3860 / 가나다순 75
585,D21C~D21D,88 B6,패치 슬롯 0423 | 한글 문자 | 라,번역 09-075/116 · 라 / 토큰 88 B6 / KANJI 6180 / 가나다순 114
586,D21E~D21F,81 40,패치 슬롯 0424 | 전각 공백 | ␠,번역 09-076/116 · ␠ / 토큰 81 40 / PC-88 전각 공백 토큰
587,D220~D221,88 E9,패치 슬롯 0425 | 한글 문자 | 바,번역 09-077/116 · 바 / 토큰 88 E9 / KANJI E0B0 / 가나다순 168
588,D222~D223,82 E4,패치 슬롯 0426 | 한글 문자 | 니,번역 09-078/116 · 니 / 토큰 82 E4 / KANJI 3860 / 가나다순 75
589,D224~D225,89 D7,패치 슬롯 0427 | 한글 문자 | 티,번역 09-079/116 · 티 / 토큰 89 D7 / KANJI A590 / 가나다순 351
590,D226~D227,81 41,패치 슬롯 0428 | 문장부호 | 、,번역 09-080/116 · 、 / 토큰 81 41 / PC-88 전각 쉼표 토큰
591,D228~D229,88 CC,패치 슬롯 0429 | 한글 문자 | 리,번역 09-081/116 · 리 / 토큰 88 CC / KANJI A0E0 / 가나다순 137
592,D22A~D22B,89 6D,패치 슬롯 0430 | 한글 문자 | 얼,번역 09-082/116 · 얼 / 토큰 89 6D / KANJI A2E0 / 가나다순 236
593,D22C~D22D,88 CC,패치 슬롯 0431 | 한글 문자 | 리,번역 09-083/116 · 리 / 토큰 88 CC / KANJI A0E0 / 가나다순 137
594,D22E~D22F,89 D7,패치 슬롯 0432 | 한글 문자 | 티,번역 09-084/116 · 티 / 토큰 89 D7 / KANJI A590 / 가나다순 351
595,D230~D231,89 8C,패치 슬롯 0433 | 한글 문자 | 의,번역 09-085/116 · 의 / 토큰 89 8C / KANJI E2C0 / 가나다순 267
596,D232~D233,81 40,패치 슬롯 0434 | 전각 공백 | ␠,번역 09-086/116 · ␠ / 토큰 81 40 / PC-88 전각 공백 토큰
597,D234~D235,88 DD,패치 슬롯 0435 | 한글 문자 | 멸,번역 09-087/116 · 멸 / 토큰 88 DD / KANJI A1F0 / 가나다순 155
598,D236~D237,88 D6,패치 슬롯 0436 | 한글 문자 | 망,번역 09-088/116 · 망 / 토큰 88 D6 / KANJI A180 / 가나다순 148
599,D238~D239,89 8A,패치 슬롯 0437 | 한글 문자 | 을,번역 09-089/116 · 을 / 토큰 89 8A / KANJI E2A0 / 가나다순 265
600,D23A~D23B,81 40,패치 슬롯 0438 | 전각 공백 | ␠,번역 09-090/116 · ␠ / 토큰 81 40 / PC-88 전각 공백 토큰
601,D23C~D23D,88 B5,패치 슬롯 0439 | 한글 문자 | 뜻,번역 09-091/116 · 뜻 / 토큰 88 B5 / KANJI 6170 / 가나다순 113
602,D23E~D23F,8A 53,패치 슬롯 0440 | 한글 문자 | 합,번역 09-092/116 · 합 / 토큰 8A 53 / KANJI 6740 / 가나다순 367
603,D240~D241,82 E4,패치 슬롯 0441 | 한글 문자 | 니,번역 09-093/116 · 니 / 토큰 82 E4 / KANJI 3860 / 가나다순 75
604,D242~D243,82 E7,패치 슬롯 0442 | 한글 문자 | 다,번역 09-094/116 · 다 / 토큰 82 E7 / KANJI 3890 / 가나다순 78
605,D244~D245,81 42,패치 슬롯 0443 | 문장부호 | 。,번역 09-095/116 · 。 / 토큰 81 42 / PC-88 전각 마침표 토큰
606,D246~D247,88 DA,패치 슬롯 0444 | 한글 문자 | 메,번역 09-096/116 · 메 / 토큰 88 DA / KANJI A1C0 / 가나다순 152
607,D248~D249,82 9F,패치 슬롯 0445 | 한글 문자 | 가,번역 09-097/116 · 가 / 토큰 82 9F / KANJI 1810 / 가나다순 1
608,D24A~D24B,89 56,패치 슬롯 0446 | 한글 문자 | 스,번역 09-098/116 · 스 / 토큰 89 56 / KANJI 6370 / 가나다순 211
609,D24C~D24D,89 8C,패치 슬롯 0447 | 한글 문자 | 의,번역 09-099/116 · 의 / 토큰 89 8C / KANJI E2C0 / 가나다순 267
610,D24E~D24F,81 40,패치 슬롯 0448 | 전각 공백 | ␠,번역 09-100/116 · ␠ / 토큰 81 40 / PC-88 전각 공백 토큰
611,D250~D251,82 B0,패치 슬롯 0449 | 한글 문자 | 계,번역 09-101/116 · 계 / 토큰 82 B0 / KANJI 1920 / 가나다순 20
612,D252~D253,8A 43,패치 슬롯 0450 | 한글 문자 | 략,번역 09-102/116 · 략 / 토큰 8A 43 / KANJI 6640 / 가나다순 119
613,D254~D255,89 70,패치 슬롯 0451 | 한글 문자 | 에,번역 09-103/116 · 에 / 토큰 89 70 / KANJI A310 / 가나다순 239
614,D256~D257,81 40,패치 슬롯 0452 | 전각 공백 | ␠,번역 09-104/116 · ␠ / 토큰 81 40 / PC-88 전각 공백 토큰
615,D258~D259,8A 40,패치 슬롯 0453 | 한글 문자 | 넘,번역 09-105/116 · 넘 / 토큰 8A 40 / KANJI 6610 / 가나다순 62
616,D25A~D25B,89 6C,패치 슬롯 0454 | 한글 문자 | 어,번역 09-106/116 · 어 / 토큰 89 6C / KANJI A2D0 / 가나다순 235
617,D25C~D25D,82 9F,패치 슬롯 0455 | 한글 문자 | 가,번역 09-107/116 · 가 / 토큰 82 9F / KANJI 1810 / 가나다순 1
618,D25E~D25F,89 49,패치 슬롯 0456 | 한글 문자 | 서,번역 09-108/116 · 서 / 토큰 89 49 / KANJI 62A0 / 가나다순 197
619,D260~D261,82 E3,패치 슬롯 0457 | 한글 문자 | 는,번역 09-109/116 · 는 / 토큰 82 E3 / KANJI 3850 / 가나다순 74
620,D262~D263,81 40,패치 슬롯 0458 | 전각 공백 | ␠,번역 09-110/116 · ␠ / 토큰 81 40 / PC-88 전각 공백 토큰
621,D264~D265,89 62,패치 슬롯 0459 | 한글 문자 | 안,번역 09-111/116 · 안 / 토큰 89 62 / KANJI A230 / 가나다순 225
622,D266~D267,81 40,패치 슬롯 0460 | 전각 공백 | ␠,번역 09-112/116 · ␠ / 토큰 81 40 / PC-88 전각 공백 토큰
623,D268~D269,8A 42,패치 슬롯 0461 | 한글 문자 | 됩,번역 09-113/116 · 됩 / 토큰 8A 42 / KANJI 6630 / 가나다순 96
624,D26A~D26B,82 E4,패치 슬롯 0462 | 한글 문자 | 니,번역 09-114/116 · 니 / 토큰 82 E4 / KANJI 3860 / 가나다순 75
625,D26C~D26D,82 E7,패치 슬롯 0463 | 한글 문자 | 다,번역 09-115/116 · 다 / 토큰 82 E7 / KANJI 3890 / 가나다순 78
626,D26E~D26F,81 42,패치 슬롯 0464 | 문장부호 | 。,번역 09-116/116 · 。 / 토큰 81 42 / PC-88 전각 마침표 토큰
627,D270,61,기존 확인 61~70h 계열 / CAA8[0] 작업슬롯 비활성화,61h 계열 CAA8[0] 작업슬롯 비활성화 제어토큰
628,D271~D273,16 7E D3,기존 확인 16h 계열 / 서브스트림 호출·전환 → D37E,16h 계열 호출 대상 D37E; C3B7 HL=D26A → C0A2 DE=D26B/HL=D37E; ACT 2 본류 복귀 주소 D26C
629,D37E~D383,05 04 86 4C 9E 00,기존 확인 05h 계열 / 영역·좌표 상태 설정·전개,05h 계열 제어토큰; ACT 2 인자 04 86 4C 9E 00; 처리 후 C0A2 HL=D384/DE=0007
630,D384,17,기존 확인 17h 계열 / 서브스트림 복귀,D384=17 처리 후 C0A2 HL=D26C/DE=CAC8. D37E 서브스트림에서 ACT 2 본류로 복귀
631,D274,43,기존 확인 41~50h 계열 / CAA8[2] 슬롯 실행,-
632,D275~D276,89 EC,패치 슬롯 0465 | 한글 문자 | 현,번역 10-001/050 · 현 / 토큰 89 EC / KANJI E4E0 / 가나다순 374
633,D277~D278,89 9A,패치 슬롯 0466 | 한글 문자 | 재,번역 10-002/050 · 재 / 토큰 89 9A / KANJI E3A0 / 가나다순 284
634,D279~D27A,81 40,패치 슬롯 0467 | 전각 공백 | ␠,번역 10-003/050 · ␠ / 토큰 81 40 / PC-88 전각 공백 토큰
635,D27B~D27C,88 F2,패치 슬롯 0468 | 한글 문자 | 베,번역 10-004/050 · 베 / 토큰 88 F2 / KANJI E140 / 가나다순 177
636,D27D~D27E,89 C2,패치 슬롯 0469 | 한글 문자 | 칸,번역 10-005/050 · 칸 / 토큰 89 C2 / KANJI A440 / 가나다순 328
637,D27F~D280,89 CA,패치 슬롯 0470 | 한글 문자 | 타,번역 10-006/050 · 타 / 토큰 89 CA / KANJI A4C0 / 가나다순 336
638,D281~D282,89 DC,패치 슬롯 0471 | 한글 문자 | 포,번역 10-007/050 · 포 / 토큰 89 DC / KANJI A5E0 / 가나다순 356
639,D283~D284,89 70,패치 슬롯 0472 | 한글 문자 | 에,번역 10-008/050 · 에 / 토큰 89 70 / KANJI A310 / 가나다순 239
640,D285~D286,81 40,패치 슬롯 0473 | 전각 공백 | ␠,번역 10-009/050 · ␠ / 토큰 81 40 / PC-88 전각 공백 토큰
641,D287~D288,82 EC,패치 슬롯 0474 | 한글 문자 | 대,번역 10-010/050 · 대 / 토큰 82 EC / KANJI 38E0 / 가나다순 84
642,D289~D28A,89 E4,패치 슬롯 0475 | 한글 문자 | 한,번역 10-011/050 · 한 / 토큰 89 E4 / KANJI E460 / 가나다순 364
643,D28B~D28C,81 40,패치 슬롯 0476 | 전각 공백 | ␠,번역 10-012/050 · ␠ / 토큰 81 40 / PC-88 전각 공백 토큰
644,D28D~D28E,88 EE,패치 슬롯 0477 | 한글 문자 | 방,번역 10-013/050 · 방 / 토큰 88 EE / KANJI E100 / 가나다순 173
645,D28F~D290,89 6C,패치 슬롯 0478 | 한글 문자 | 어,번역 10-014/050 · 어 / 토큰 89 6C / KANJI A2D0 / 가나다순 235
646,D291~D292,81 40,패치 슬롯 0479 | 전각 공백 | ␠,번역 10-015/050 · ␠ / 토큰 81 40 / PC-88 전각 공백 토큰
647,D293~D294,89 5A,패치 슬롯 0480 | 한글 문자 | 시,번역 10-016/050 · 시 / 토큰 89 5A / KANJI 63B0 / 가나다순 215
648,D295~D296,89 56,패치 슬롯 0481 | 한글 문자 | 스,번역 10-017/050 · 스 / 토큰 89 56 / KANJI 6370 / 가나다순 211
649,D297~D298,8A 52,패치 슬롯 0482 | 한글 문자 | 템,번역 10-018/050 · 템 / 토큰 8A 52 / KANJI 6730 / 가나다순 347
650,D299~D29A,89 8C,패치 슬롯 0483 | 한글 문자 | 의,번역 10-019/050 · 의 / 토큰 89 8C / KANJI E2C0 / 가나다순 267
651,D29B~D29C,81 40,패치 슬롯 0484 | 전각 공백 | ␠,번역 10-020/050 · ␠ / 토큰 81 40 / PC-88 전각 공백 토큰
652,D29D~D29E,88 D1,패치 슬롯 0485 | 한글 문자 | 마,번역 10-021/050 · 마 / 토큰 88 D1 / KANJI A130 / 가나다순 142
653,D29F~D2A0,89 B3,패치 슬롯 0486 | 한글 문자 | 지,번역 10-022/050 · 지 / 토큰 89 B3 / KANJI 6550 / 가나다순 309
654,D2A1~D2A2,8A 44,패치 슬롯 0487 | 한글 문자 | 막,번역 10-023/050 · 막 / 토큰 8A 44 / KANJI 6650 / 가나다순 143
655,D2A3~D2A4,81 40,패치 슬롯 0488 | 전각 공백 | ␠,번역 10-024/050 · ␠ / 토큰 81 40 / PC-88 전각 공백 토큰
656,D2A5~D2A6,88 E7,패치 슬롯 0489 | 한글 문자 | 미,번역 10-025/050 · 미 / 토큰 88 E7 / KANJI E090 / 가나다순 166
657,D2A7~D2A8,89 4E,패치 슬롯 0490 | 한글 문자 | 세,번역 10-026/050 · 세 / 토큰 89 4E / KANJI 62F0 / 가나다순 202
658,D2A9~D2AA,81 40,패치 슬롯 0491 | 전각 공백 | ␠,번역 10-027/050 · ␠ / 토큰 81 40 / PC-88 전각 공백 토큰
659,D2AB~D2AC,89 A3,패치 슬롯 0492 | 한글 문자 | 조,번역 10-028/050 · 조 / 토큰 89 A3 / KANJI 6450 / 가나다순 293
660,D2AD~D2AE,89 A0,패치 슬롯 0493 | 한글 문자 | 정,번역 10-029/050 · 정 / 토큰 89 A0 / KANJI 6420 / 가나다순 290
661,D2AF~D2B0,89 8A,패치 슬롯 0494 | 한글 문자 | 을,번역 10-030/050 · 을 / 토큰 89 8A / KANJI E2A0 / 가나다순 265
662,D2B1~D2B2,81 40,패치 슬롯 0495 | 전각 공백 | ␠,번역 10-031/050 · ␠ / 토큰 81 40 / PC-88 전각 공백 토큰
663,D2B3~D2B4,89 B4,패치 슬롯 0496 | 한글 문자 | 진,번역 10-032/050 · 진 / 토큰 89 B4 / KANJI 6560 / 가나다순 311
664,D2B5~D2B6,8A 54,패치 슬롯 0497 | 한글 문자 | 행,번역 10-033/050 · 행 / 토큰 8A 54 / KANJI 6750 / 가나다순 371
665,D2B7~D2B8,81 40,패치 슬롯 0498 | 전각 공백 | ␠,번역 10-034/050 · ␠ / 토큰 81 40 / PC-88 전각 공백 토큰
666,D2B9~D2BA,89 AE,패치 슬롯 0499 | 한글 문자 | 중,번역 10-035/050 · 중 / 토큰 89 AE / KANJI 6500 / 가나다순 304
667,D2BB~D2BC,89 8D,패치 슬롯 0500 | 한글 문자 | 이,번역 10-036/050 · 이 / 토큰 89 8D / KANJI E2D0 / 가나다순 268
668,D2BD~D2BE,82 E4,패치 슬롯 0501 | 한글 문자 | 니,번역 10-037/050 · 니 / 토큰 82 E4 / KANJI 3860 / 가나다순 75
669,D2BF~D2C0,81 41,패치 슬롯 0502 | 문장부호 | 、,번역 10-038/050 · 、 / 토큰 81 41 / PC-88 전각 쉼표 토큰
670,D2C1~D2C2,89 A3,패치 슬롯 0503 | 한글 문자 | 조,번역 10-039/050 · 조 / 토큰 89 A3 / KANJI 6450 / 가나다순 293
671,D2C3~D2C4,82 BF,패치 슬롯 0504 | 한글 문자 | 금,번역 10-040/050 · 금 / 토큰 82 BF / KANJI 2810 / 가나다순 37
672,D2C5~D2C6,88 D2,패치 슬롯 0505 | 한글 문자 | 만,번역 10-041/050 · 만 / 토큰 88 D2 / KANJI A140 / 가나다순 144
673,D2C7~D2C8,81 40,패치 슬롯 0506 | 전각 공백 | ␠,번역 10-042/050 · ␠ / 토큰 81 40 / PC-88 전각 공백 토큰
674,D2C9~D2CA,82 C1,패치 슬롯 0507 | 한글 문자 | 기,번역 10-043/050 · 기 / 토큰 82 C1 / KANJI 2830 / 가나다순 39
675,D2CB~D2CC,82 E7,패치 슬롯 0508 | 한글 문자 | 다,번역 10-044/050 · 다 / 토큰 82 E7 / KANJI 3890 / 가나다순 78
676,D2CD~D2CE,88 C1,패치 슬롯 0509 | 한글 문자 | 려,번역 10-045/050 · 려 / 토큰 88 C1 / KANJI A030 / 가나다순 126
677,D2CF~D2D0,89 AA,패치 슬롯 0510 | 한글 문자 | 주,번역 10-046/050 · 주 / 토큰 89 AA / KANJI 64C0 / 가나다순 300
678,D2D1~D2D2,8A 48,패치 슬롯 0511 | 한글 문자 | 십,번역 10-047/050 · 십 / 토큰 8A 48 / KANJI 6690 / 가나다순 219
679,D2D3~D2D4,89 5A,패치 슬롯 0512 | 한글 문자 | 시,번역 10-048/050 · 시 / 토큰 89 5A / KANJI 63B0 / 가나다순 215
680,D2D5~D2D6,89 76,패치 슬롯 0513 | 한글 문자 | 오,번역 10-049/050 · 오 / 토큰 89 76 / KANJI A370 / 가나다순 246
681,D2D7~D2D8,81 42,패치 슬롯 0514 | 문장부호 | 。,번역 10-050/050 · 。 / 토큰 81 42 / PC-88 전각 마침표 토큰
682,D2D9,63,기존 확인 61~70h 계열 / CAA8[2] 작업슬롯 비활성화,63h 계열 CAA8[2] 작업슬롯 비활성화 제어토큰
683,D2DA~D2DC,16 7E D3,기존 확인 16h 계열 / 서브스트림 호출·전환 → D37E,16h 계열 호출 대상 D37E; C3B7 HL=D2EB → C0A2 DE=D2EC/HL=D37E; ACT 2 본류 복귀 주소 D2ED
684,D37E~D383,05 04 86 4C 9E 00,기존 확인 05h 계열 / 영역·좌표 상태 설정·전개,05h 계열 제어토큰; ACT 2 인자 04 86 4C 9E 00; 처리 후 C0A2 HL=D384/DE=0007
685,D384,17,기존 확인 17h 계열 / 서브스트림 복귀,D384=17 처리 후 C0A2 HL=D2ED/DE=CAC8. D37E 서브스트림에서 ACT 2 본류로 복귀
686,D2DD~D2DE,25 2E,기존 확인 25h 계열 / CA1D 입 움직임 효과음 인덱스 설정,CA1D=2E
687,D2DF,42,기존 확인 41~50h 계열 / CAA8[1] 슬롯 실행,-
688,D2E0~D2E1,81 45,패치 슬롯 0515 | 문장부호 | ・,번역 11-001/061 · ・ / 토큰 81 45 / PC-88 가운데점 토큰
689,D2E2~D2E3,81 45,패치 슬롯 0516 | 문장부호 | ・,번역 11-002/061 · ・ / 토큰 81 45 / PC-88 가운데점 토큰
690,D2E4~D2E5,81 45,패치 슬롯 0517 | 문장부호 | ・,번역 11-003/061 · ・ / 토큰 81 45 / PC-88 가운데점 토큰
691,D2E6~D2E7,81 40,패치 슬롯 0518 | 전각 공백 | ␠,번역 11-004/061 · ␠ / 토큰 81 40 / PC-88 전각 공백 토큰
692,D2E8~D2E9,89 65,패치 슬롯 0519 | 한글 문자 | 알,번역 11-005/061 · 알 / 토큰 89 65 / KANJI A260 / 가나다순 228
693,D2EA~D2EB,82 B1,패치 슬롯 0520 | 한글 문자 | 고,번역 11-006/061 · 고 / 토큰 82 B1 / KANJI 1930 / 가나다순 21
694,D2EC~D2ED,81 40,패치 슬롯 0521 | 전각 공백 | ␠,번역 11-007/061 · ␠ / 토큰 81 40 / PC-88 전각 공백 토큰
695,D2EE~D2EF,89 92,패치 슬롯 0522 | 한글 문자 | 있,번역 11-008/061 · 있 / 토큰 89 92 / KANJI E320 / 가나다순 276
696,D2F0~D2F1,89 58,패치 슬롯 0523 | 한글 문자 | 습,번역 11-009/061 · 습 / 토큰 89 58 / KANJI 6390 / 가나다순 213
697,D2F2~D2F3,82 E4,패치 슬롯 0524 | 한글 문자 | 니,번역 11-010/061 · 니 / 토큰 82 E4 / KANJI 3860 / 가나다순 75
698,D2F4~D2F5,82 E7,패치 슬롯 0525 | 한글 문자 | 다,번역 11-011/061 · 다 / 토큰 82 E7 / KANJI 3890 / 가나다순 78
699,D2F6~D2F7,81 42,패치 슬롯 0526 | 문장부호 | 。,번역 11-012/061 · 。 / 토큰 81 42 / PC-88 전각 마침표 토큰
700,D2F8~D2F9,89 A3,패치 슬롯 0527 | 한글 문자 | 조,번역 11-013/061 · 조 / 토큰 89 A3 / KANJI 6450 / 가나다순 293
701,D2FA~D2FB,89 A0,패치 슬롯 0528 | 한글 문자 | 정,번역 11-014/061 · 정 / 토큰 89 A0 / KANJI 6420 / 가나다순 290
702,D2FC~D2FD,89 8A,패치 슬롯 0529 | 한글 문자 | 을,번역 11-015/061 · 을 / 토큰 89 8A / KANJI E2A0 / 가나다순 265
703,D2FE~D2FF,81 40,패치 슬롯 0530 | 전각 공백 | ␠,번역 11-016/061 · ␠ / 토큰 81 40 / PC-88 전각 공백 토큰
704,D300~D301,89 49,패치 슬롯 0531 | 한글 문자 | 서,번역 11-017/061 · 서 / 토큰 89 49 / KANJI 62A0 / 가나다순 197
705,D302~D303,88 A6,패치 슬롯 0532 | 한글 문자 | 둘,번역 11-018/061 · 둘 / 토큰 88 A6 / KANJI 6080 / 가나다순 98
706,D304~D305,88 BB,패치 슬롯 0533 | 한글 문자 | 러,번역 11-019/061 · 러 / 토큰 88 BB / KANJI 61D0 / 가나다순 120
707,D306~D307,89 AA,패치 슬롯 0534 | 한글 문자 | 주,번역 11-020/061 · 주 / 토큰 89 AA / KANJI 64C0 / 가나다순 300
708,D308~D309,89 4E,패치 슬롯 0535 | 한글 문자 | 세,번역 11-021/061 · 세 / 토큰 89 4E / KANJI 62F0 / 가나다순 202
709,D30A~D30B,89 80,패치 슬롯 0536 | 한글 문자 | 요,번역 11-022/061 · 요 / 토큰 89 80 / KANJI E200 / 가나다순 255
710,D30C~D30D,81 42,패치 슬롯 0537 | 문장부호 | 。,번역 11-023/061 · 。 / 토큰 81 42 / PC-88 전각 마침표 토큰
711,D30E,62,기존 확인 61~70h 계열 / CAA8[1] 작업슬롯 비활성화,62h 계열 CAA8[1] 작업슬롯 비활성화 제어토큰
712,D30F~D310,25 2B,기존 확인 25h 계열 / CA1D 입 움직임 효과음 인덱스 설정,CA1D=2B
713,D311~D312,1A 00,기존 확인 1Ah 계열 / CG 전환 제어,ACT 2 인자 00 처리 후 D31D
714,D313~D314,89 86,패치 슬롯 0538 | 한글 문자 | 유,번역 11-024/061 · 유 / 토큰 89 86 / KANJI E260 / 가나다순 261
715,D315~D316,89 C5,패치 슬롯 0539 | 한글 문자 | 코,번역 11-025/061 · 코 / 토큰 89 C5 / KANJI A470 / 가나다순 331
716,D317~D318,81 41,패치 슬롯 0540 | 문장부호 | 、,번역 11-026/061 · 、 / 토큰 81 41 / PC-88 전각 쉼표 토큰
717,D319~D31A,89 F8,패치 슬롯 0541 | 한글 문자 | 힘,번역 11-027/061 · 힘 / 토큰 89 F8 / KANJI E5A0 / 가나다순 388
718,D31B~D31C,82 D3,패치 슬롯 0542 | 한글 문자 | 내,번역 11-028/061 · 내 / 토큰 82 D3 / KANJI 2950 / 가나다순 57
719,D31D~D31E,89 4E,패치 슬롯 0543 | 한글 문자 | 세,번역 11-029/061 · 세 / 토큰 89 4E / KANJI 62F0 / 가나다순 202
720,D31F~D320,89 80,패치 슬롯 0544 | 한글 문자 | 요,번역 11-030/061 · 요 / 토큰 89 80 / KANJI E200 / 가나다순 255
721,D321~D322,81 42,패치 슬롯 0545 | 문장부호 | 。,번역 11-031/061 · 。 / 토큰 81 42 / PC-88 전각 마침표 토큰
722,D323~D324,82 EB,패치 슬롯 0546 | 한글 문자 | 당,번역 11-032/061 · 당 / 토큰 82 EB / KANJI 38D0 / 가나다순 83
723,D325~D326,89 5B,패치 슬롯 0547 | 한글 문자 | 신,번역 11-033/061 · 신 / 토큰 89 5B / KANJI 63C0 / 가나다순 216
724,D327~D328,89 8D,패치 슬롯 0548 | 한글 문자 | 이,번역 11-034/061 · 이 / 토큰 89 8D / KANJI E2D0 / 가나다순 268
725,D329~D32A,88 B6,패치 슬롯 0549 | 한글 문자 | 라,번역 11-035/061 · 라 / 토큰 88 B6 / KANJI 6180 / 가나다순 114
726,D32B~D32C,88 DC,패치 슬롯 0550 | 한글 문자 | 면,번역 11-036/061 · 면 / 토큰 88 DC / KANJI A1E0 / 가나다순 154
727,D32D~D32E,88 EA,패치 슬롯 0551 | 한글 문자 | 반,번역 11-037/061 · 반 / 토큰 88 EA / KANJI E0C0 / 가나다순 169
728,D32F~D330,88 A8,패치 슬롯 0552 | 한글 문자 | 드,번역 11-038/061 · 드 / 토큰 88 A8 / KANJI 60A0 / 가나다순 100
729,D331~D332,89 5A,패치 슬롯 0553 | 한글 문자 | 시,번역 11-039/061 · 시 / 토큰 89 5A / KANJI 63B0 / 가나다순 215
730,D333~D334,81 40,패치 슬롯 0554 | 전각 공백 | ␠,번역 11-040/061 · ␠ / 토큰 81 40 / PC-88 전각 공백 토큰
731,D335~D336,82 CC,패치 슬롯 0555 | 한글 문자 | 끝,번역 11-041/061 · 끝 / 토큰 82 CC / KANJI 28E0 / 가나다순 50
732,D337~D338,82 C4,패치 슬롯 0556 | 한글 문자 | 까,번역 11-042/061 · 까 / 토큰 82 C4 / KANJI 2860 / 가나다순 42
733,D339~D33A,89 B3,패치 슬롯 0557 | 한글 문자 | 지,번역 11-043/061 · 지 / 토큰 89 B3 / KANJI 6550 / 가나다순 309
734,D33B~D33C,81 40,패치 슬롯 0558 | 전각 공백 | ␠,번역 11-044/061 · ␠ / 토큰 81 40 / PC-88 전각 공백 토큰
735,D33D~D33E,89 8D,패치 슬롯 0559 | 한글 문자 | 이,번역 11-045/061 · 이 / 토큰 89 8D / KANJI E2D0 / 가나다순 268
736,D33F~D340,89 F9,패치 슬롯 0560 | 한글 문자 | 겨,번역 11-046/061 · 겨 / 토큰 89 F9 / KANJI E5B0 / 가나다순 15
737,D341~D342,82 D4,패치 슬롯 0561 | 한글 문자 | 낼,번역 11-047/061 · 낼 / 토큰 82 D4 / KANJI 2960 / 가나다순 58
738,D343~D344,81 40,패치 슬롯 0562 | 전각 공백 | ␠,번역 11-048/061 · ␠ / 토큰 81 40 / PC-88 전각 공백 토큰
739,D345~D346,89 54,패치 슬롯 0563 | 한글 문자 | 수,번역 11-049/061 · 수 / 토큰 89 54 / KANJI 6350 / 가나다순 208
740,D347~D348,81 40,패치 슬롯 0564 | 전각 공백 | ␠,번역 11-050/061 · ␠ / 토큰 81 40 / PC-88 전각 공백 토큰
741,D349~D34A,89 92,패치 슬롯 0565 | 한글 문자 | 있,번역 11-051/061 · 있 / 토큰 89 92 / KANJI E320 / 가나다순 276
742,D34B~D34C,89 8A,패치 슬롯 0566 | 한글 문자 | 을,번역 11-052/061 · 을 / 토큰 89 8A / KANJI E2A0 / 가나다순 265
743,D34D~D34E,81 40,패치 슬롯 0567 | 전각 공백 | ␠,번역 11-053/061 · ␠ / 토큰 81 40 / PC-88 전각 공백 토큰
744,D34F~D350,82 A6,패치 슬롯 0568 | 한글 문자 | 거,번역 11-054/061 · 거 / 토큰 82 A6 / KANJI 1880 / 가나다순 8
745,D351~D352,8A 49,패치 슬롯 0569 | 한글 문자 | 예,번역 11-055/061 · 예 / 토큰 8A 49 / KANJI 66A0 / 가나다순 245
746,D353~D354,89 80,패치 슬롯 0570 | 한글 문자 | 요,번역 11-056/061 · 요 / 토큰 89 80 / KANJI E200 / 가나다순 255
747,D355~D356,81 45,패치 슬롯 0571 | 문장부호 | ・,번역 11-057/061 · ・ / 토큰 81 45 / PC-88 가운데점 토큰
748,D357~D358,81 45,패치 슬롯 0572 | 문장부호 | ・,번역 11-058/061 · ・ / 토큰 81 45 / PC-88 가운데점 토큰
749,D359~D35A,81 45,패치 슬롯 0573 | 문장부호 | ・,번역 11-059/061 · ・ / 토큰 81 45 / PC-88 가운데점 토큰
750,D35B~D35C,81 42,패치 슬롯 0574 | 문장부호 | 。,번역 11-060/061 · 。 / 토큰 81 42 / PC-88 전각 마침표 토큰
751,D35D~D35E,81 40,패치 슬롯 0575 | 전각 공백 | ␠,번역 11-061/061 · ␠ / 토큰 81 40 / PC-88 전각 공백 토큰
752,D35F~D360,1A FF,기존 확인 1Ah 계열 제어토큰,ACT 2 인자 FF; 처리 후 D361
753,D361,26,기존 확인 26h 계열 / ACT 2 본류 종료,D361=26에서 ACT 2 본류 종료. D362~D363은 00 00 후미 여유 2바이트.
