sequence,ram_range,row_kind,character,printed_target_hex,current_map_row,accepted_target_hex,expected_original_hex,raw_offsets_hex,disposition
1,CE60~CE61,기존 확인 0Ch 계열 / C008 파라미터 저장,,0C 01,,0C 01,0C 01,0x05A70 0x05A71,
2,CE62~CE63,기존 확인 06h 계열 / 상태 설정,,06 0E,,06 0E,06 0E,0x05A72 0x05A73,
3,CE64~CE66,기존 확인 1Eh 계열 / 간접 CALL 083C→0F12,,1E 3C 08,,1E 3C 08,1E 3C 08,0x05A74 0x05A75 0x05A76,
4,CE67~CE6C,기존 확인 05h 계열 / 영역·좌표 상태 설정·전개,,05 16 86 3A 9E 04,,05 16 86 3A 9E 04,05 16 86 3A 9E 04,0x05A77 0x05A78 0x05A79 0x05A7A 0x05A7B 0x05A7C,
5,CE6D~CE71,기존 확인 0Eh 계열 / 화면·버퍼 초기화·전개,,0E 16 20 24 80,,0E 16 20 24 80,0E 16 20 24 80,0x05A7D 0x05A7E 0x05A7F 0x05A80 0x05A81,
6,CE72~CE7C,기존 확인 1Fh 계열 / 그래픽·전송 제어,,1F 05 4B 03 02 05 4B 03 02 00 88,,1F 05 4B 03 02 05 4B 03 02 00 88,1F 05 4B 03 02 05 4B 03 02 00 88,0x05A82 0x05A83 0x05A84 0x05A85 0x05A86 0x05A87 0x05A88 0x05A89 0x05A8A 0x05A8B 0x05A8C,
7,CE7D~CE81,기존 확인 0Fh 계열 제어토큰,,0F 01 2A 03 0F,,0F 01 2A 03 0F,0F 01 2A 03 0F,0x05A8D 0x05A8E 0x05A8F 0x05A90 0x05A91,
8,CE82~CE84,기존 확인 1Eh 계열 / 간접 CALL·배경음악 제어,,1E 16 A4,,1E 16 A4,1E 16 A4,0x05A92 0x05A93 0x05A94,
9,CE85~CE86,기존 확인 01h 계열 / 하위 제어 래퍼,,01 00,,01 00,01 00,0x05A95 0x05A96,
10,CE87~CE8A,기존 확인 04h 계열 / CAA8 슬롯 포인터 설정,,04 E4 D4 41,,04 E4 D4 41,04 E4 D4 41,0x05A97 0x05A98 0x05A99 0x05A9A,
11,CE8B~CE8C,기존 확인 25h 계열 / CA1D 입 움직임 효과음 인덱스 설정,,25 2B,,25 2B,25 2B,0x05A9B 0x05A9C,
12,CE8D,기존 확인 41~50h 계열 / CAA8[0] 슬롯 실행,,41,,41,41,0x05A9D,
13,CE8E~CE8F,패치 슬롯 0001 | 한글 문자 | 바,바,88 E9,234,89 CC,83 94,0x05A9E 0x05A9F,
14,CE90~CE91,패치 슬롯 0002 | 한글 문자 | 리,리,88 CC,194,89 A4,83 40,0x05AA0 0x05AA1,
15,CE92~CE93,패치 슬롯 0003 | 한글 문자 | 아,아,89 60,309,8A 5A,83 8A,0x05AA2 0x05AA3,
16,CE94~CE95,패치 슬롯 0004 | 한글 문자 | 님,님,82 E6,110,89 4F,83 41,0x05AA4 0x05AA5,
17,CE96~CE97,패치 슬롯 0005 | 문장부호 | ・,・,81 45,,81 45,97 6C,0x05AA6 0x05AA7,
18,CE98~CE99,기존 확인 특수부호 / ・,,81 45,,81 45,81 45,0x05AA8 0x05AA9,
19,CE9A~CE9B,기존 확인 특수부호 / ・,,81 45,,81 45,81 45,0x05AAA 0x05AAB,
20,CE9C~CE9D,패치 슬롯 0008 | 전각 공백 | ␠,␠,81 40,,81 40,81 45,0x05AAC 0x05AAD,
21,CE9E~CE9F,패치 슬롯 0009 | 한글 문자 | 어,어,89 6C,325,8A 6A,82 C7,0x05AAE 0x05AAF,
22,CEA0~CEA1,패치 슬롯 0010 | 한글 문자 | 떻,떻,88 B0,152,89 79,82 A4,0x05AB0 0x05AB1,
23,CEA2~CEA3,패치 슬롯 0011 | 한글 문자 | 게,게,82 AB,19,88 B1,82 B5,0x05AB2 0x05AB3,
24,CEA4~CEA5,패치 슬롯 0012 | 전각 공백 | ␠,␠,81 40,,81 40,82 BD,0x05AB4 0x05AB5,
25,CEA6~CEA7,패치 슬롯 0013 | 한글 문자 | 된,된,88 A3,132,89 65,82 CC,0x05AB6 0x05AB7,
26,CEA8~CEA9,패치 슬롯 0014 | 전각 공백 | ␠,␠,81 40,,81 40,82 C5,0x05AB8 0x05AB9,
27,CEAA~CEAB,패치 슬롯 0015 | 한글 문자 | 건,건,82 A7,14,88 AC,82 B7,0x05ABA 0x05ABB,
28,CEAC~CEAD,패치 슬롯 0016 | 한글 문자 | 가,가,82 9F,1,88 9F,82 A9,0x05ABC 0x05ABD,
29,CEAE~CEAF,패치 슬롯 0017 | 한글 문자 | 요,요,89 80,356,8A 8A,81 48,0x05ABE 0x05ABF,
30,CEB0~CEB1,패치 슬롯 0018 | 문장부호 | ？,？,81 48,,81 48,81 40,0x05AC0 0x05AC1,
31,CEB2~CEB3,패치 슬롯 0019 | 한글 문자 | 왜,왜,89 7D,353,8A 87,82 A2,0x05AC2 0x05AC3,
32,CEB4~CEB5,패치 슬롯 0020 | 전각 공백 | ␠,␠,81 40,,81 40,82 AD,0x05AC4 0x05AC5,
33,CEB6~CEB7,패치 슬롯 0021 | 한글 문자 | 불,불,88 FC,257,89 E3,82 E7,0x05AC6 0x05AC7,
34,CEB8~CEB9,패치 슬롯 0022 | 한글 문자 | 러,러,88 BB,170,89 8C,8C C4,0x05AC8 0x05AC9,
35,CEBA~CEBB,패치 슬롯 0023 | 한글 문자 | 도,도,82 F1,125,89 5E,82 D1,0x05ACA 0x05ACB,
36,CEBC~CEBD,패치 슬롯 0024 | 전각 공백 | ␠,␠,81 40,,81 40,82 A9,0x05ACC 0x05ACD,
37,CEBE~CEBF,패치 슬롯 0025 | 한글 문자 | 대,대,82 EC,118,89 57,82 AF,0x05ACE 0x05ACF,
38,CEC0~CEC1,패치 슬롯 0026 | 한글 문자 | 답,답,8A 41,116,89 55,82 C4,0x05AD0 0x05AD1,
39,CEC2~CEC3,패치 슬롯 0027 | 한글 문자 | 이,이,89 8D,380,8A A2,82 E0,0x05AD2 0x05AD3,
40,CEC4~CEC5,패치 슬롯 0028 | 전각 공백 | ␠,␠,81 40,,81 40,93 9A,0x05AD4 0x05AD5,
41,CEC6~CEC7,패치 슬롯 0029 | 한글 문자 | 없,없,89 6E,330,8A 6F,82 A6,0x05AD6 0x05AD7,
42,CEC8~CEC9,패치 슬롯 0030 | 한글 문자 | 나,나,82 CE,74,88 E8,82 C4,0x05AD8 0x05AD9,
43,CECA~CECB,패치 슬롯 0031 | 한글 문자 | 요,요,89 80,356,8A 8A,82 AD,0x05ADA 0x05ADB,
44,CECC~CECD,패치 슬롯 0032 | 문장부호 | ・,・,81 45,,81 45,82 EA,0x05ADC 0x05ADD,
45,CECE~CECF,패치 슬롯 0033 | 문장부호 | ・,・,81 45,,81 45,82 C8,0x05ADE 0x05ADF,
46,CED0~CED1,패치 슬롯 0034 | 문장부호 | ・,・,81 45,,81 45,82 A2,0x05AE0 0x05AE1,
47,CED2~CED3,패치 슬롯 0035 | 문장부호 | 。,。,81 42,,81 42,81 45,0x05AE2 0x05AE3,
48,CED4~CED5,패치 슬롯 0036 | 한글 문자 | 제,제,89 A1,405,8A BB,81 45,0x05AE4 0x05AE5,
49,CED6~CED7,패치 슬롯 0037 | 한글 문자 | 발,발,88 EC,238,89 D0,81 45,0x05AE6 0x05AE7,
50,CED8~CED9,패치 슬롯 0038 | 전각 공백 | ␠,␠,81 40,,81 40,81 42,0x05AE8 0x05AE9,
51,CEDA~CEDB,패치 슬롯 0039 | 한글 문자 | 대,대,82 EC,118,89 57,83 94,0x05AEA 0x05AEB,
52,CEDC~CEDD,패치 슬롯 0040 | 한글 문자 | 답,답,8A 41,116,89 55,83 40,0x05AEC 0x05AED,
53,CEDE~CEDF,패치 슬롯 0041 | 한글 문자 | 해,해,89 E8,528,8B 79,83 8A,0x05AEE 0x05AEF,
54,CEE0~CEE1,패치 슬롯 0042 | 한글 문자 | 주,주,89 AA,418,8A C8,83 41,0x05AF0 0x05AF1,
55,CEE2~CEE3,패치 슬롯 0043 | 한글 문자 | 세,세,89 4E,278,89 F8,97 6C,0x05AF2 0x05AF3,
56,CEE4~CEE5,패치 슬롯 0044 | 한글 문자 | 요,요,89 80,356,8A 8A,81 41,0x05AF4 0x05AF5,
57,CEE6~CEE7,패치 슬롯 0045 | 문장부호 | ・,・,81 45,,81 45,93 9A,0x05AF6 0x05AF7,
58,CEE8~CEE9,패치 슬롯 0046 | 문장부호 | ・,・,81 45,,81 45,82 A6,0x05AF8 0x05AF9,
59,CEEA~CEEB,패치 슬롯 0047 | 문장부호 | ・,・,81 45,,81 45,82 C4,0x05AFA 0x05AFB,
60,CEEC~CEED,패치 슬롯 0048 | 문장부호 | 。,。,81 42,,81 42,89 BA,0x05AFC 0x05AFD,
61,CEEE,기존 확인 61~70h 계열 / CAA8[0] 작업슬롯 비활성화,,61,,61,82,0x05AFE,
62,CEEF~CEF1,기존 확인 16h 계열 / 서브스트림 호출·전환 → D385,,16 85 D3,,16 85 D3,B3 82 A2,0x05AFF 0x05B00 0x05B01,
63,D385~D389,기존 확인 0Fh 계열 제어토큰,,0F 03 22 03 0D,,,,,no raw formula documented for this control row
64,D38A~D38F,기존 확인 05h 계열 / 영역·좌표 상태 설정·전개,,05 0D A4 44 BC 00,,,,,no raw formula documented for this control row
65,D390~D394,기존 확인 0Eh 계열 / 화면·버퍼 초기화·전개,,0E 0D 00 37 C0,,,,,no raw formula documented for this control row
66,D395~D397,기존 확인 13h 계열 제어토큰,,13 5C D4,,,,,no raw formula documented for this control row
67,D398~D39A,기존 확인 10h 계열 제어토큰,,10 0D 04,,,,,no raw formula documented for this control row
68,D39B~D39C,기존 확인 25h 계열 / CA1D 입 움직임 효과음 인덱스 설정,,25 2D,,,,,no raw formula documented for this control row
69,D39D,기존 확인 17h 계열 / 서브스트림 복귀,,17,,,,,no raw formula documented for this control row
70,CEF2~CEF3,패치 슬롯 0049 | 한글 문자 | 에,에,89 70,333,8A 72,81 45,0x05B02 0x05B03,
71,CEF4~CEF5,패치 슬롯 0050 | 한글 문자 | 잇,잇,8A 4C,388,8A AA,81 45,0x05B04 0x05B05,
72,CEF6~CEF7,패치 슬롯 0051 | 문장부호 | ！,！,81 49,,81 49,81 45,0x05B06 0x05B07,
73,CEF8~CEF9,패치 슬롯 0052 | 전각 공백 | ␠,␠,81 40,,81 40,81 42,0x05B08 0x05B09,
74,CEFA~CEFB,패치 슬롯 0053 | 한글 문자 | 대,대,82 EC,118,89 57,61 16,0x05B0A 0x05B0B,
75,CEFC~CEFD,패치 슬롯 0054 | 한글 문자 | 체,체,89 BB,453,8A EB,85 D3,0x05B0C 0x05B0D,
76,CEFE~CEFF,패치 슬롯 0055 | 전각 공백 | ␠,␠,81 40,,81 40,82 A6,0x05B0E 0x05B0F,
77,CF00~CF01,패치 슬롯 0056 | 한글 문자 | 뭣,뭣,8A 45,229,89 C7,82 A6,0x05B10 0x05B11,
78,CF02~CF03,패치 슬롯 0057 | 한글 문자 | 들,들,88 AA,144,89 71,82 A2,0x05B12 0x05B13,
79,CF04~CF05,패치 슬롯 0058 | 전각 공백 | ␠,␠,81 40,,81 40,81 49,0x05B14 0x05B15,
80,CF06~CF07,패치 슬롯 0059 | 한글 문자 | 하,하,89 E2,521,8B 72,81 40,0x05B16 0x05B17,
81,CF08~CF09,패치 슬롯 0060 | 한글 문자 | 느,느,82 E2,105,89 4A,82 C8,0x05B18 0x05B19,
82,CF0A~CF0B,패치 슬롯 0061 | 한글 문자 | 냐,냐,82 D5,82,88 F0,82 C9,0x05B1A 0x05B1B,
83,CF0C~CF0D,패치 슬롯 0062 | 문장부호 | ！,！,81 49,,81 49,82 F0,0x05B1C 0x05B1D,
84,CF0E~CF0F,패치 슬롯 0063 | 전각 공백 | ␠,␠,81 40,,81 40,82 E2,0x05B1E 0x05B1F,
85,CF10~CF11,패치 슬롯 0064 | 한글 문자 | 바,바,88 E9,234,89 CC,82 C1,0x05B20 0x05B21,
86,CF12~CF13,패치 슬롯 0065 | 한글 문자 | 리,리,88 CC,194,89 A4,82 C4,0x05B22 0x05B23,
87,CF14~CF15,패치 슬롯 0066 | 한글 문자 | 아,아,89 60,309,8A 5A,82 A2,0x05B24 0x05B25,
88,CF16~CF17,패치 슬롯 0067 | 한글 문자 | 는,는,82 E3,106,89 4B,82 E9,0x05B26 0x05B27,
89,CF18~CF19,패치 슬롯 0068 | 전각 공백 | ␠,␠,81 40,,81 40,81 49,0x05B28 0x05B29,
90,CF1A~CF1B,패치 슬롯 0069 | 한글 문자 | 아,아,89 60,309,8A 5A,81 40,0x05B2A 0x05B2B,
91,CF1C~CF1D,패치 슬롯 0070 | 한글 문자 | 직,직,8A 4D,431,8A D5,83 94,0x05B2C 0x05B2D,
92,CF1E~CF1F,패치 슬롯 0071 | 한글 문자 | 도,도,82 F1,125,89 5E,83 40,0x05B2E 0x05B2F,
93,CF20~CF21,패치 슬롯 0072 | 전각 공백 | ␠,␠,81 40,,81 40,83 8A,0x05B30 0x05B31,
94,CF22~CF23,패치 슬롯 0073 | 한글 문자 | 나,나,82 CE,74,88 E8,83 41,0x05B32 0x05B33,
95,CF24~CF25,패치 슬롯 0074 | 한글 문자 | 타,타,89 CA,479,8B 48,82 CD,0x05B34 0x05B35,
96,CF26~CF27,패치 슬롯 0075 | 한글 문자 | 나,나,82 CE,74,88 E8,82 DC,0x05B36 0x05B37,
97,CF28~CF29,패치 슬롯 0076 | 전각 공백 | ␠,␠,81 40,,81 40,82 BE,0x05B38 0x05B39,
98,CF2A~CF2B,패치 슬롯 0077 | 한글 문자 | 지,지,89 B3,430,8A D4,8C BB,0x05B3A 0x05B3B,
99,CF2C~CF2D,패치 슬롯 0078 | 전각 공백 | ␠,␠,81 40,,81 40,82 EA,0x05B3C 0x05B3D,
100,CF2E~CF2F,패치 슬롯 0079 | 한글 문자 | 않,않,89 64,313,8A 5E,82 CA,0x05B3E 0x05B3F,
101,CF30~CF31,패치 슬롯 0080 | 한글 문자 | 았,았,89 68,317,8A 62,82 CC,0x05B40 0x05B41,
102,CF32~CF33,패치 슬롯 0081 | 한글 문자 | 느,느,82 E2,105,89 4A,82 A9,0x05B42 0x05B43,
103,CF34~CF35,패치 슬롯 0082 | 한글 문자 | 냐,냐,82 D5,82,88 F0,81 49,0x05B44 0x05B45,
104,CF36~CF37,패치 슬롯 0083 | 문장부호 | ！,！,81 49,,81 49,81 48,0x05B46 0x05B47,
105,CF38~CF39,패치 슬롯 0084 | 문장부호 | ？,？,81 48,,81 48,16 DE,0x05B48 0x05B49,
106,CF3A~CF3C,기존 확인 16h 계열 / 서브스트림 호출·전환 → D3DE,,16 DE D3,,16 DE D3,D3 41 43,0x05B4A 0x05B4B 0x05B4C,
107,D3DE~D3E2,기존 확인 0Fh 계열 제어토큰,,0F 05 27 03 0B,,,,,no raw formula documented for this control row
108,D3E3~D3E5,기존 확인 16h 계열 / 서브스트림 호출·전환 → D450,,16 50 D4,,,,,no raw formula documented for this control row
109,D450~D455,기존 확인 05h 계열 / 영역·좌표 상태 설정·전개,,05 16 86 3A 9E 00,,,,,no raw formula documented for this control row
110,D456~D45A,기존 확인 0Eh 계열 / 화면·버퍼 초기화·전개,,0E 16 20 24 80,,,,,no raw formula documented for this control row
111,D45B,기존 확인 17h 계열 / 서브스트림 복귀,,17,,,,,no raw formula documented for this control row
112,D3E6~D3E8,기존 확인 13h 계열 제어토큰,,13 7C D4,,,,,no raw formula documented for this control row
113,D3E9~D3EC,기존 확인 14h 계열 / 버퍼·영역 처리,,14 00 16 22,,,,,no raw formula documented for this control row
114,D3ED~D3F0,기존 확인 14h 계열 / 버퍼·영역 처리,,14 01 3B 00,,,,,no raw formula documented for this control row
115,D3F1~D3F4,기존 확인 04h 계열 / CAA8 슬롯 포인터 설정,,04 BC D4 41,,,,,no raw formula documented for this control row
116,D3F5~D3F8,기존 확인 04h 계열 / CAA8 슬롯 포인터 설정,,04 C6 D4 42,,,,,no raw formula documented for this control row
117,D3F9~D3FC,기존 확인 04h 계열 / CAA8 슬롯 포인터 설정,,04 D0 D4 43,,,,,no raw formula documented for this control row
118,D3FD~D400,기존 확인 04h 계열 / CAA8 슬롯 포인터 설정,,04 DA D4 44,,,,,no raw formula documented for this control row
119,D401~D402,기존 확인 25h 계열 / CA1D 입 움직임 효과음 인덱스 설정,,25 2F,,,,,no raw formula documented for this control row
120,D403,기존 확인 17h 계열 / 서브스트림 복귀,,17,,,,,no raw formula documented for this control row
121,CF3D,기존 확인 41~50h 계열 / CAA8[0] 슬롯 실행,,41,,41,44,0x05B4D,
122,CF3E,기존 확인 41~50h 계열 / CAA8[2] 슬롯 실행,,43,,43,82,0x05B4E,
123,CF3F,기존 확인 41~50h 계열 / CAA8[3] 슬롯 실행,,44,,44,D0,0x05B4F,
124,CF40~CF41,패치 슬롯 0085 | 한글 문자 | 히,히,89 F7,557,8B 97,82 A6,0x05B50 0x05B51,
125,CF42~CF43,패치 슬롯 0086 | 한글 문자 | 익,익,8A 4A,381,8A A3,82 A6,0x05B52 0x05B53,
126,CF44~CF45,패치 슬롯 0087 | 문장부호 | ！,！,81 49,,81 49,81 49,0x05B54 0x05B55,
127,CF46~CF47,패치 슬롯 0088 | 전각 공백 | ␠,␠,81 40,,81 40,81 40,0x05B56 0x05B57,
128,CF48~CF49,패치 슬롯 0089 | 한글 문자 | 메,메,88 DA,213,89 B7,83 81,0x05B58 0x05B59,
129,CF4A~CF4B,패치 슬롯 0090 | 한글 문자 | 가,가,82 9F,1,88 9F,83 4B,0x05B5A 0x05B5B,
130,CF4C~CF4D,패치 슬롯 0091 | 한글 문자 | 스,스,89 56,293,8A 4A,83 58,0x05B5C 0x05B5D,
131,CF4E~CF4F,패치 슬롯 0092 | 한글 문자 | 님,님,82 E6,110,89 4F,97 6C,0x05B5E 0x05B5F,
132,CF50~CF51,패치 슬롯 0093 | 문장부호 | 、,、,81 41,,81 41,81 41,0x05B60 0x05B61,
133,CF52~CF53,패치 슬롯 0094 | 한글 문자 | 노,노,82 DC,95,89 40,82 A8,0x05B62 0x05B63,
134,CF54~CF55,패치 슬롯 0095 | 한글 문자 | 여,여,89 72,335,8A 74,93 7B,0x05B64 0x05B65,
135,CF56~CF57,패치 슬롯 0096 | 한글 문자 | 움,움,89 82,363,8A 91,82 E8,0x05B66 0x05B67,
136,CF58~CF59,패치 슬롯 0097 | 한글 문자 | 을,을,89 8A,376,8A 9E,82 F0,0x05B68 0x05B69,
137,CF5A~CF5B,패치 슬롯 0098 | 전각 공백 | ␠,␠,81 40,,81 40,82 A8,0x05B6A 0x05B6B,
138,CF5C~CF5D,패치 슬롯 0099 | 한글 문자 | 거,거,82 A6,12,88 AA,92 BE,0x05B6C 0x05B6D,
139,CF5E~CF5F,패치 슬롯 0100 | 한글 문자 | 두,두,88 A5,135,89 68,82 DF,0x05B6E 0x05B6F,
140,CF60~CF61,패치 슬롯 0101 | 한글 문자 | 어,어,89 6C,325,8A 6A,89 BA,0x05B70 0x05B71,
141,CF62~CF63,패치 슬롯 0102 | 한글 문자 | 주,주,89 AA,418,8A C8,82 B3,0x05B72 0x05B73,
142,CF64~CF65,패치 슬롯 0103 | 한글 문자 | 십,십,8A 48,302,8A 53,82 EA,0x05B74 0x05B75,
143,CF66~CF67,패치 슬롯 0104 | 한글 문자 | 시,시,89 5A,298,8A 4F,81 49,0x05B76 0x05B77,
144,CF68~CF69,패치 슬롯 0105 | 한글 문자 | 오,오,89 76,344,8A 7D,81 40,0x05B78 0x05B79,
145,CF6A~CF6B,패치 슬롯 0106 | 문장부호 | ！,！,81 49,,81 49,89 E4,0x05B7A 0x05B7B,
146,CF6C~CF6D,패치 슬롯 0107 | 전각 공백 | ␠,␠,81 40,,81 40,82 E7,0x05B7C 0x05B7D,
147,CF6E~CF6F,패치 슬롯 0108 | 한글 문자 | 계,계,82 B0,28,88 BA,82 C9,0x05B7E 0x05B7F,
148,CF70~CF71,패치 슬롯 0109 | 한글 문자 | 획,획,8A 55,549,8B 8F,8E E8,0x05B80 0x05B81,
149,CF72~CF73,패치 슬롯 0110 | 한글 문자 | 엔,엔,89 71,334,8A 73,97 8E,0x05B82 0x05B83,
150,CF74~CF75,패치 슬롯 0111 | 전각 공백 | ␠,␠,81 40,,81 40,82 BF,0x05B84 0x05B85,
151,CF76,기존 확인 61~70h 계열 / CAA8[0] 작업슬롯 비활성화,,61,,61,82,0x05B86,
152,CF77,기존 확인 41~50h 계열 / CAA8[1] 슬롯 실행,,42,,42,CD,0x05B87,
153,CF78~CF79,패치 슬롯 0112 | 한글 문자 | 조,조,89 A3,409,8A BF,61 42,0x05B88 0x05B89,
154,CF7A~CF7B,패치 슬롯 0113 | 한글 문자 | 금,금,82 BF,53,88 D3,82 DC,0x05B8A 0x05B8B,
155,CF7C~CF7D,패치 슬롯 0114 | 한글 문자 | 의,의,89 8C,379,8A A1,82 C1,0x05B8C 0x05B8D,
156,CF7E~CF7F,패치 슬롯 0115 | 전각 공백 | ␠,␠,81 40,,81 40,82 BD,0x05B8E 0x05B8F,
157,CF80~CF81,패치 슬롯 0116 | 한글 문자 | 차,차,89 B7,441,8A DF,82 AD,0x05B90 0x05B91,
158,CF82~CF83,패치 슬롯 0117 | 한글 문자 | 질,질,8A 4E,433,8A D7,62 41,0x05B92 0x05B93,
159,CF84~CF85,패치 슬롯 0118 | 한글 문자 | 도,도,82 F1,125,89 5E,82 A0,0x05B94 0x05B95,
160,CF86,기존 확인 61~70h 계열 / CAA8[1] 작업슬롯 비활성화,,62,,62,82,0x05B96,
161,CF87,기존 확인 41~50h 계열 / CAA8[0] 슬롯 실행,,41,,41,E8,0x05B97,
162,CF88~CF89,패치 슬롯 0119 | 전각 공백 | ␠,␠,81 40,,81 40,82 DC,0x05B98 0x05B99,
163,CF8A~CF8B,패치 슬롯 0120 | 한글 문자 | 없,없,89 6E,330,8A 6F,82 B9,0x05B9A 0x05B9B,
164,CF8C~CF8D,패치 슬롯 0121 | 한글 문자 | 습,습,89 58,296,8A 4D,82 F1,0x05B9C 0x05B9D,
165,CF8E~CF8F,패치 슬롯 0122 | 한글 문자 | 니,니,82 E4,108,89 4D,81 49,0x05B9E 0x05B9F,
166,CF90~CF91,패치 슬롯 0123 | 한글 문자 | 다,다,82 E7,111,89 50,81 40,0x05BA0 0x05BA1,
167,CF92~CF93,패치 슬롯 0124 | 문장부호 | ！,！,81 49,,81 49,83 94,0x05BA2 0x05BA3,
168,CF94~CF95,패치 슬롯 0125 | 전각 공백 | ␠,␠,81 40,,81 40,83 40,0x05BA4 0x05BA5,
169,CF96~CF97,패치 슬롯 0126 | 한글 문자 | 그,그,82 BD,49,88 CF,83 8A,0x05BA6 0x05BA7,
170,CF98~CF99,패치 슬롯 0127 | 한글 문자 | 년,년,82 DB,93,88 FB,83 41,0x05BA8 0x05BA9,
171,CF9A~CF9B,패치 슬롯 0128 | 한글 문자 | 이,이,89 8D,380,8A A2,82 AA,0x05BAA 0x05BAB,
172,CF9C~CF9D,패치 슬롯 0129 | 전각 공백 | ␠,␠,81 40,,81 40,8C BB,0x05BAC 0x05BAD,
173,CF9E~CF9F,패치 슬롯 0130 | 한글 문자 | 모,모,88 DF,218,89 BC,82 EA,0x05BAE 0x05BAF,
174,CFA0~CFA1,패치 슬롯 0131 | 한글 문자 | 습,습,89 58,296,8A 4D,82 E9,0x05BB0 0x05BB1,
175,CFA2~CFA3,패치 슬롯 0132 | 한글 문자 | 을,을,89 8A,376,8A 9E,82 CC,0x05BB2 0x05BB3,
176,CFA4~CFA5,패치 슬롯 0133 | 전각 공백 | ␠,␠,81 40,,81 40,82 CD,0x05BB4 0x05BB5,
177,CFA6~CFA7,패치 슬롯 0134 | 한글 문자 | 드,드,88 A8,140,89 6D,61 42,0x05BB6 0x05BB7,
178,CFA8~CFA9,패치 슬롯 0135 | 한글 문자 | 러,러,88 BB,170,89 8C,8E 9E,0x05BB8 0x05BB9,
179,CFAA~CFAB,패치 슬롯 0136 | 한글 문자 | 내,내,82 D3,79,88 ED,8A D4,0x05BBA 0x05BBB,
180,CFAC~CFAD,패치 슬롯 0137 | 한글 문자 | 는,는,82 E3,106,89 4B,82 CC,0x05BBC 0x05BBD,
181,CFAE~CFAF,패치 슬롯 0138 | 전각 공백 | ␠,␠,81 40,,81 40,62 41,0x05BBE 0x05BBF,
182,CFB0~CFB1,패치 슬롯 0139 | 한글 문자 | 건,건,82 A7,14,88 AC,96 E2,0x05BC0 0x05BC1,
183,CFB2,기존 확인 61~70h 계열 / CAA8[0] 작업슬롯 비활성화,,61,,61,91,0x05BC2,
184,CFB3,기존 확인 41~50h 계열 / CAA8[1] 슬롯 실행,,42,,42,E8,0x05BC3,
185,CFB4~CFB5,패치 슬롯 0140 | 전각 공백 | ␠,␠,81 40,,81 40,82 C5,0x05BC4 0x05BC5,
186,CFB6~CFB7,패치 슬롯 0141 | 한글 문자 | 시,시,89 5A,298,8A 4F,82 B7,0x05BC6 0x05BC7,
187,CFB8~CFB9,패치 슬롯 0142 | 한글 문자 | 간,간,82 A1,3,88 A1,81 42,0x05BC8 0x05BC9,
188,CFBA,기존 확인 61~70h 계열 / CAA8[1] 작업슬롯 비활성화,,62,,62,82,0x05BCA,
189,CFBB,기존 확인 41~50h 계열 / CAA8[0] 슬롯 실행,,41,,41,C7,0x05BCB,
190,CFBC~CFBD,패치 슬롯 0143 | 한글 문자 | 문,문,88 E4,225,89 C3,82 A4,0x05BCC 0x05BCD,
191,CFBE~CFBF,패치 슬롯 0144 | 한글 문자 | 제,제,89 A1,405,8A BB,82 A9,0x05BCE 0x05BCF,
192,CFC0~CFC1,패치 슬롯 0145 | 한글 문자 | 이,이,89 8D,380,8A A2,8D A1,0x05BD0 0x05BD1,
193,CFC2~CFC3,패치 슬롯 0146 | 한글 문자 | 니,니,82 E4,108,89 4D,82 B5,0x05BD2 0x05BD3,
194,CFC4~CFC5,패치 슬롯 0147 | 문장부호 | 、,、,81 41,,81 41,82 CE,0x05BD4 0x05BD5,
195,CFC6~CFC7,패치 슬롯 0148 | 한글 문자 | 조,조,89 A3,409,8A BF,82 E7,0x05BD6 0x05BD7,
196,CFC8~CFC9,패치 슬롯 0149 | 한글 문자 | 금,금,82 BF,53,88 D3,82 AD,0x05BD8 0x05BD9,
197,CFCA~CFCB,패치 슬롯 0150 | 한글 문자 | 만,만,88 D2,202,89 AC,82 A8,0x05BDA 0x05BDB,
198,CFCC~CFCD,패치 슬롯 0151 | 전각 공백 | ␠,␠,81 40,,81 40,91 D2,0x05BDC 0x05BDD,
199,CFCE~CFCF,패치 슬롯 0152 | 한글 문자 | 더,더,82 ED,119,89 58,82 BF,0x05BDE 0x05BDF,
200,CFD0~CFD1,패치 슬롯 0153 | 전각 공백 | ␠,␠,81 40,,81 40,8A E8,0x05BE0 0x05BE1,
201,CFD2~CFD3,패치 슬롯 0154 | 한글 문자 | 기,기,82 C1,55,88 D5,82 A2,0x05BE2 0x05BE3,
202,CFD4~CFD5,패치 슬롯 0155 | 한글 문자 | 다,다,82 E7,111,89 50,82 DC,0x05BE4 0x05BE5,
203,CFD6~CFD7,패치 슬롯 0156 | 한글 문자 | 려,려,88 C1,178,89 94,82 B7,0x05BE6 0x05BE7,
204,CFD8~CFD9,패치 슬롯 0157 | 한글 문자 | 주,주,89 AA,418,8A C8,81 49,0x05BE8 0x05BE9,
205,CFDA~CFDB,패치 슬롯 0158 | 한글 문자 | 십,십,8A 48,302,8A 53,61 63,0x05BEA 0x05BEB,
206,CFDC~CFDD,패치 슬롯 0159 | 한글 문자 | 시,시,89 5A,298,8A 4F,64 16,0x05BEC 0x05BED,
207,CFDE~CFDF,패치 슬롯 0160 | 한글 문자 | 오,오,89 76,344,8A 7D,C0 D3,0x05BEE 0x05BEF,
208,CFE0~CFE1,패치 슬롯 0161 | 문장부호 | ！,！,81 49,,81 49,22 0D,0x05BF0 0x05BF1,
209,CFE2,기존 확인 61~70h 계열 / CAA8[0] 작업슬롯 비활성화,,61,,61,41,0x05BF2,
210,CFE3,기존 확인 61~70h 계열 / CAA8[2] 작업슬롯 비활성화,,63,,63,83,0x05BF3,
211,CFE4,기존 확인 61~70h 계열 / CAA8[3] 작업슬롯 비활성화,,64,,64,5F,0x05BF4,
212,CFE5~CFE7,기존 확인 16h 계열 / 서브스트림 호출·전환 → D3C0,,16 C0 D3,,16 C0 D3,83 8A 83,0x05BF5 0x05BF6 0x05BF7,
213,D3C0~D3C4,기존 확인 0Fh 계열 제어토큰,,0F 01 2D 03 0A,,,,,no raw formula documented for this control row
214,D3C5~D3C7,기존 확인 16h 계열 / 서브스트림 호출·전환 → D450,,16 50 D4,,,,,no raw formula documented for this control row
215,D450~D455,기존 확인 05h 계열 / 영역·좌표 상태 설정·전개,,05 16 86 3A 9E 00,,,,,no raw formula documented for this control row
216,D456~D45A,기존 확인 0Eh 계열 / 화면·버퍼 초기화·전개,,0E 16 20 24 80,,,,,no raw formula documented for this control row
217,D45B,기존 확인 17h 계열 / 서브스트림 복귀,,17,,,,,no raw formula documented for this control row
218,D3C8~D3CA,기존 확인 13h 계열 제어토큰,,13 9C D4,,,,,no raw formula documented for this control row
219,D3CB~D3CE,기존 확인 14h 계열 / 버퍼·영역 처리,,14 00 16 22,,,,,no raw formula documented for this control row
220,D3CF~D3D2,기존 확인 14h 계열 / 버퍼·영역 처리,,14 01 3B 00,,,,,no raw formula documented for this control row
221,D3D3~D3D6,기존 확인 04h 계열 / CAA8 슬롯 포인터 설정,,04 EE D4 41,,,,,no raw formula documented for this control row
222,D3D7~D3DA,기존 확인 04h 계열 / CAA8 슬롯 포인터 설정,,04 F8 D4 42,,,,,no raw formula documented for this control row
223,D3DB~D3DC,기존 확인 25h 계열 / CA1D 입 움직임 효과음 인덱스 설정,,25 31,,,,,no raw formula documented for this control row
224,D3DD,기존 확인 17h 계열 / 서브스트림 복귀,,17,,,,,no raw formula documented for this control row
225,CFE8~CFE9,기존 확인 22h 계열 / A420 직접 호출형 2바이트 제어,,22 0D,,22 0D,58 97,0x05BF8 0x05BF9,
226,CFEA,기존 확인 41~50h 계열 / CAA8[0] 슬롯 실행,,41,,41,6C,0x05BFA,
227,CFEB~CFEC,패치 슬롯 0162 | 한글 문자 | 다,다,82 E7,111,89 50,81 49,0x05BFB 0x05BFC,
228,CFED~CFEE,패치 슬롯 0163 | 한글 문자 | 리,리,88 CC,194,89 A4,81 40,0x05BFD 0x05BFE,
229,CFEF~CFF0,패치 슬롯 0164 | 한글 문자 | 스,스,89 56,293,8A 4A,82 B2,0x05BFF 0x05C00,
230,CFF1~CFF2,패치 슬롯 0165 | 한글 문자 | 님,님,82 E6,110,89 4F,95 F1,0x05C01 0x05C02,
231,CFF3~CFF4,패치 슬롯 0166 | 문장부호 | ！,！,81 49,,81 49,8D 90,0x05C03 0x05C04,
232,CFF5~CFF6,패치 슬롯 0167 | 전각 공백 | ␠,␠,81 40,,81 40,82 C5,0x05C05 0x05C06,
233,CFF7~CFF8,패치 슬롯 0168 | 한글 문자 | 보,보,88 F4,249,89 DB,82 B7,0x05C07 0x05C08,
234,CFF9~CFFA,패치 슬롯 0169 | 한글 문자 | 고,고,82 B1,29,88 BB,81 49,0x05C09 0x05C0A,
235,CFFB~CFFC,패치 슬롯 0170 | 한글 문자 | 드,드,88 A8,140,89 6D,81 40,0x05C0B 0x05C0C,
236,CFFD~CFFE,패치 슬롯 0171 | 한글 문자 | 립,립,88 D0,199,89 A9,83 74,0x05C0D 0x05C0E,
237,CFFF~D000,패치 슬롯 0172 | 한글 문자 | 니,니,82 E4,108,89 4D,83 40,0x05C0F 0x05C20,
238,D001~D002,패치 슬롯 0173 | 한글 문자 | 다,다,82 E7,111,89 50,83 93,0x05C21 0x05C22,
239,D003~D004,패치 슬롯 0174 | 문장부호 | ！,！,81 49,,81 49,83 5E,0x05C23 0x05C24,
240,D005~D006,패치 슬롯 0175 | 전각 공백 | ␠,␠,81 40,,81 40,83 59,0x05C25 0x05C26,
241,D007~D008,패치 슬롯 0176 | 한글 문자 | 판,판,89 D9,501,8B 5E,83 80,0x05C27 0x05C28,
242,D009~D00A,패치 슬롯 0177 | 한글 문자 | 타,타,89 CA,479,8B 48,81 45,0x05C29 0x05C2A,
243,D00B~D00C,패치 슬롯 0178 | 한글 문자 | 즘,즘,89 B1,428,8A D2,83 57,0x05C2B 0x05C2C,
244,D00D~D00E,패치 슬롯 0179 | 전각 공백 | ␠,␠,81 40,,81 40,83 85,0x05C2D 0x05C2E,
245,D00F~D010,패치 슬롯 0180 | 한글 문자 | 주,주,89 AA,418,8A C8,83 47,0x05C2F 0x05C30,
246,D011~D012,패치 슬롯 0181 | 한글 문자 | 얼,얼,89 6D,328,8A 6D,83 8A,0x05C31 0x05C32,
247,D013~D014,패치 슬롯 0182 | 한글 문자 | 리,리,88 CC,194,89 A4,81 5B,0x05C33 0x05C34,
248,D015~D016,패치 슬롯 0183 | 한글 문자 | 는,는,82 E3,106,89 4B,82 CD,0x05C35 0x05C36,
249,D017~D018,패치 슬롯 0184 | 전각 공백 | ␠,␠,81 40,,81 40,81 41,0x05C37 0x05C38,
250,D019~D01A,패치 슬롯 0185 | 한글 문자 | 이,이,89 8D,380,8A A2,82 C7,0x05C39 0x05C3A,
251,D01B~D01C,패치 슬롯 0186 | 한글 문자 | 미,미,88 E7,231,89 C9,82 A4,0x05C3B 0x05C3C,
252,D01D~D01E,패치 슬롯 0187 | 전각 공백 | ␠,␠,81 40,,81 40,82 E2,0x05C3D 0x05C3E,
253,D01F~D020,패치 슬롯 0188 | 한글 문자 | 로,로,88 C5,183,89 99,82 E7,0x05C3F 0x05C40,
254,D021~D022,패치 슬롯 0189 | 한글 문자 | 그,그,82 BD,49,88 CF,82 B7,0x05C41 0x05C42,
255,D023~D024,패치 슬롯 0190 | 한글 문자 | 레,레,88 C0,177,89 93,82 C5,0x05C43 0x05C44,
256,D025~D026,패치 슬롯 0191 | 한글 문자 | 스,스,89 56,293,8A 4A,82 C9,0x05C45 0x05C46,
257,D027~D028,패치 슬롯 0192 | 전각 공백 | ␠,␠,81 40,,81 40,83 8D,0x05C47 0x05C48,
258,D029~D02A,패치 슬롯 0193 | 한글 문자 | 잔,잔,89 95,393,8A AF,83 4F,0x05C49 0x05C4A,
259,D02B~D02C,패치 슬롯 0194 | 한글 문자 | 당,당,82 EB,117,89 56,83 8C,0x05C4B 0x05C4C,
260,D02D~D02E,패치 슬롯 0195 | 한글 문자 | 의,의,89 8C,379,8A A1,83 58,0x05C4D 0x05C4E,
261,D02F~D030,패치 슬롯 0196 | 전각 공백 | ␠,␠,81 40,,81 40,82 CC,0x05C4F 0x05C50,
262,D031~D032,패치 슬롯 0197 | 한글 문자 | 손,손,89 52,285,8A 42,8E 63,0x05C51 0x05C52,
263,D033~D034,패치 슬롯 0198 | 한글 문자 | 에,에,89 70,333,8A 72,93 7D,0x05C53 0x05C54,
264,D035~D036,패치 슬롯 0199 | 전각 공백 | ␠,␠,81 40,,81 40,82 CC,0x05C55 0x05C56,
265,D037~D038,패치 슬롯 0200 | 한글 문자 | 넘,넘,8A 40,88,88 F6,8E E8,0x05C57 0x05C58,
266,D039~D03A,패치 슬롯 0201 | 한글 문자 | 어,어,89 6C,325,8A 6A,82 C9,0x05C59 0x05C5A,
267,D03B~D03C,패치 슬롯 0202 | 한글 문자 | 간,간,82 A1,3,88 A1,93 6E,0x05C5B 0x05C5C,
268,D03D~D03E,패치 슬롯 0203 | 전각 공백 | ␠,␠,81 40,,81 40,82 C1,0x05C5D 0x05C5E,
269,D03F~D040,패치 슬롯 0204 | 한글 문자 | 것,것,82 AA,18,88 B0,82 C4,0x05C5F 0x05C60,
270,D041~D042,패치 슬롯 0205 | 전각 공백 | ␠,␠,81 40,,81 40,82 A2,0x05C61 0x05C62,
271,D043~D044,패치 슬롯 0206 | 한글 문자 | 같,같,82 A4,9,88 A7,82 E9,0x05C63 0x05C64,
272,D045~D046,패치 슬롯 0207 | 한글 문자 | 습,습,89 58,296,8A 4D,82 E0,0x05C65 0x05C66,
273,D047~D048,패치 슬롯 0208 | 한글 문자 | 니,니,82 E4,108,89 4D,82 E6,0x05C67 0x05C68,
274,D049~D04A,패치 슬롯 0209 | 한글 문자 | 다,다,82 E7,111,89 50,82 A4,0x05C69 0x05C6A,
275,D04B~D04C,패치 슬롯 0210 | 문장부호 | ！,！,81 49,,81 49,82 C5,0x05C6B 0x05C6C,
276,D04D,기존 확인 61~70h 계열 / CAA8[0] 작업슬롯 비활성화,,61,,61,82,0x05C6D,
277,D04E~D050,기존 확인 16h 계열 / 서브스트림 호출·전환 → D3DE,,16 DE D3,,16 DE D3,B7 81 49,0x05C6E 0x05C6F 0x05C70,
278,D3DE~D3E2,기존 확인 0Fh 계열 제어토큰,,0F 05 27 03 0B,,,,,no raw formula documented for this control row
279,D3E3~D3E5,기존 확인 16h 계열 / 서브스트림 호출·전환 → D450,,16 50 D4,,,,,no raw formula documented for this control row
280,D450~D455,기존 확인 05h 계열 / 영역·좌표 상태 설정·전개,,05 16 86 3A 9E 00,,,,,no raw formula documented for this control row
281,D456~D45A,기존 확인 0Eh 계열 / 화면·버퍼 초기화·전개,,0E 16 20 24 80,,,,,no raw formula documented for this control row
282,D45B,기존 확인 17h 계열 / 서브스트림 복귀,,17,,,,,no raw formula documented for this control row
283,D3E6~D3E8,기존 확인 13h 계열 제어토큰,,13 7C D4,,,,,no raw formula documented for this control row
284,D3E9~D3EC,기존 확인 14h 계열 / 버퍼·영역 처리,,14 00 16 22,,,,,no raw formula documented for this control row
285,D3ED~D3F0,기존 확인 14h 계열 / 버퍼·영역 처리,,14 01 3B 00,,,,,no raw formula documented for this control row
286,D3F1~D3F4,기존 확인 04h 계열 / CAA8 슬롯 포인터 설정,,04 BC D4 41,,,,,no raw formula documented for this control row
287,D3F5~D3F8,기존 확인 04h 계열 / CAA8 슬롯 포인터 설정,,04 C6 D4 42,,,,,no raw formula documented for this control row
288,D3F9~D3FC,기존 확인 04h 계열 / CAA8 슬롯 포인터 설정,,04 D0 D4 43,,,,,no raw formula documented for this control row
289,D3FD~D400,기존 확인 04h 계열 / CAA8 슬롯 포인터 설정,,04 DA D4 44,,,,,no raw formula documented for this control row
290,D401~D402,기존 확인 25h 계열 / CA1D 입 움직임 효과음 인덱스 설정,,25 2F,,,,,no raw formula documented for this control row
291,D403,기존 확인 17h 계열 / 서브스트림 복귀,,17,,,,,no raw formula documented for this control row
292,D051,기존 확인 41~50h 계열 / CAA8[0] 슬롯 실행,,41,,41,61,0x05C71,
293,D052,기존 확인 41~50h 계열 / CAA8[2] 슬롯 실행,,43,,43,16,0x05C72,
294,D053,기존 확인 41~50h 계열 / CAA8[3] 슬롯 실행,,44,,44,DE,0x05C73,
295,D054~D055,패치 슬롯 0211 | 한글 문자 | 뭐,뭐,88 E6,227,89 C5,D3 41,0x05C74 0x05C75,
296,D056~D057,패치 슬롯 0212 | 한글 문자 | 라,라,88 B6,159,89 81,43 44,0x05C76 0x05C77,
297,D058~D059,패치 슬롯 0213 | 문장부호 | ？,？,81 48,,81 48,82 C8,0x05C78 0x05C79,
298,D05A~D05B,패치 슬롯 0214 | 전각 공백 | ␠,␠,81 40,,81 40,82 C9,0x05C7A 0x05C7B,
299,D05C~D05D,패치 슬롯 0215 | 한글 문자 | 그,그,82 BD,49,88 CF,81 48,0x05C7C 0x05C7D,
300,D05E~D05F,패치 슬롯 0216 | 한글 문자 | 놈,놈,82 DD,97,89 42,81 40,0x05C7E 0x05C7F,
301,D060~D061,패치 슬롯 0217 | 한글 문자 | 들,들,88 AA,144,89 71,83 8D,0x05C80 0x05C81,
302,D062~D063,패치 슬롯 0218 | 한글 문자 | 한,한,89 E4,523,8B 74,83 4F,0x05C82 0x05C83,
303,D064~D065,패치 슬롯 0219 | 한글 문자 | 테,테,8A 51,488,8B 51,83 8C,0x05C84 0x05C85,
304,D066~D067,패치 슬롯 0220 | 문장부호 | ！,！,81 49,,81 49,83 58,0x05C86 0x05C87,
305,D068~D069,패치 슬롯 0221 | 문장부호 | ？,？,81 48,,81 48,82 CC,0x05C88 0x05C89,
306,D06A~D06B,패치 슬롯 0222 | 전각 공백 | ␠,␠,81 40,,81 40,8E 63,0x05C8A 0x05C8B,
307,D06C~D06D,패치 슬롯 0223 | 한글 문자 | 그,그,82 BD,49,88 CF,93 7D,0x05C8C 0x05C8D,
308,D06E~D06F,패치 슬롯 0224 | 한글 문자 | 래,래,88 B9,166,89 88,82 C9,0x05C8E 0x05C8F,
309,D070~D071,패치 슬롯 0225 | 한글 문자 | 서,서,89 49,272,89 F2,81 49,0x05C90 0x05C91,
310,D072~D073,패치 슬롯 0226 | 전각 공백 | ␠,␠,81 40,,81 40,81 48,0x05C92 0x05C93,
311,D074~D075,패치 슬롯 0227 | 한글 문자 | 지,지,89 B3,430,8A D4,81 40,0x05C94 0x05C95,
312,D076~D077,패치 슬롯 0228 | 한글 문자 | 금,금,82 BF,53,88 D3,82 C5,0x05C96 0x05C97,
313,D078~D079,패치 슬롯 0229 | 한글 문자 | 어,어,89 6C,325,8A 6A,81 41,0x05C98 0x05C99,
314,D07A~D07B,패치 슬롯 0230 | 한글 문자 | 디,디,88 AB,145,89 72,82 C7,0x05C9A 0x05C9B,
315,D07C~D07D,패치 슬롯 0231 | 전각 공백 | ␠,␠,81 40,,81 40,82 B1,0x05C9C 0x05C9D,
316,D07E~D07F,패치 슬롯 0232 | 한글 문자 | 있,있,89 92,389,8A AB,82 C9,0x05C9E 0x05C9F,
317,D080~D081,패치 슬롯 0233 | 한글 문자 | 느,느,82 E2,105,89 4A,82 A0,0x05CA0 0x05CA1,
318,D082~D083,패치 슬롯 0234 | 한글 문자 | 냐,냐,82 D5,82,88 F0,82 E9,0x05CA2 0x05CA3,
319,D084~D085,패치 슬롯 0235 | 문장부호 | ？,？,81 48,,81 48,82 CC,0x05CA4 0x05CA5,
320,D086,기존 확인 61~70h 계열 / CAA8[0] 작업슬롯 비활성화,,61,,61,82,0x05CA6,
321,D087,기존 확인 61~70h 계열 / CAA8[2] 작업슬롯 비활성화,,63,,63,BE,0x05CA7,
322,D088,기존 확인 61~70h 계열 / CAA8[3] 작업슬롯 비활성화,,64,,64,81,0x05CA8,
323,D089~D08B,기존 확인 16h 계열 / 서브스트림 호출·전환 → D3C0,,16 C0 D3,,16 C0 D3,48 61 63,0x05CA9 0x05CAA 0x05CAB,
324,D3C0~D3C4,기존 확인 0Fh 계열 제어토큰,,0F 01 2D 03 0A,,,,,no raw formula documented for this control row
325,D3C5~D3C7,기존 확인 16h 계열 / 서브스트림 호출·전환 → D450,,16 50 D4,,,,,no raw formula documented for this control row
326,D450~D455,기존 확인 05h 계열 / 영역·좌표 상태 설정·전개,,05 16 86 3A 9E 00,,,,,no raw formula documented for this control row
327,D456~D45A,기존 확인 0Eh 계열 / 화면·버퍼 초기화·전개,,0E 16 20 24 80,,,,,no raw formula documented for this control row
328,D45B,기존 확인 17h 계열 / 서브스트림 복귀,,17,,,,,no raw formula documented for this control row
329,D3C8~D3CA,기존 확인 13h 계열 제어토큰,,13 9C D4,,,,,no raw formula documented for this control row
330,D3CB~D3CE,기존 확인 14h 계열 / 버퍼·영역 처리,,14 00 16 22,,,,,no raw formula documented for this control row
331,D3CF~D3D2,기존 확인 14h 계열 / 버퍼·영역 처리,,14 01 3B 00,,,,,no raw formula documented for this control row
332,D3D3~D3D6,기존 확인 04h 계열 / CAA8 슬롯 포인터 설정,,04 EE D4 41,,,,,no raw formula documented for this control row
333,D3D7~D3DA,기존 확인 04h 계열 / CAA8 슬롯 포인터 설정,,04 F8 D4 42,,,,,no raw formula documented for this control row
334,D3DB~D3DC,기존 확인 25h 계열 / CA1D 입 움직임 효과음 인덱스 설정,,25 31,,,,,no raw formula documented for this control row
335,D3DD,기존 확인 17h 계열 / 서브스트림 복귀,,17,,,,,no raw formula documented for this control row
336,D08C,기존 확인 41~50h 계열 / CAA8[0] 슬롯 실행,,41,,41,64,0x05CAC,
337,D08D~D08E,패치 슬롯 0236 | 한글 문자 | 로,로,88 C5,183,89 99,16 C0,0x05CAD 0x05CAE,
338,D08F~D090,패치 슬롯 0237 | 한글 문자 | 그,그,82 BD,49,88 CF,D3 41,0x05CAF 0x05CB0,
339,D091~D092,패치 슬롯 0238 | 한글 문자 | 레,레,88 C0,177,89 93,82 A8,0x05CB1 0x05CB2,
340,D093~D094,패치 슬롯 0239 | 한글 문자 | 스,스,89 56,293,8A 4A,82 BB,0x05CB3 0x05CB4,
341,D095~D096,패치 슬롯 0240 | 한글 문자 | 의,의,89 8C,379,8A A1,82 E7,0x05CB5 0x05CB6,
342,D097~D098,패치 슬롯 0241 | 전각 공백 | ␠,␠,81 40,,81 40,82 AD,0x05CB7 0x05CB8,
343,D099~D09A,패치 슬롯 0242 | 한글 문자 | 측,측,8A 50,461,8A F3,81 41,0x05CB9 0x05CBA,
344,D09B~D09C,패치 슬롯 0243 | 한글 문자 | 근,근,89 FC,51,88 D1,83 8D,0x05CBB 0x05CBC,
345,D09D~D09E,패치 슬롯 0244 | 한글 문자 | 이,이,89 8D,380,8A A2,83 4F,0x05CBD 0x05CBE,
346,D09F~D0A0,패치 슬롯 0245 | 한글 문자 | 었,었,89 6F,332,8A 71,83 8C,0x05CBF 0x05CC0,
347,D0A1~D0A2,패치 슬롯 0246 | 한글 문자 | 던,던,82 EE,121,89 5A,83 58,0x05CC1 0x05CC2,
348,D0A3~D0A4,패치 슬롯 0247 | 전각 공백 | ␠,␠,81 40,,81 40,82 CC,0x05CC3 0x05CC4,
349,D0A5~D0A6,패치 슬롯 0248 | 한글 문자 | 가,가,82 9F,1,88 9F,91 A4,0x05CC5 0x05CC6,
350,D0A7~D0A8,패치 슬롯 0249 | 한글 문자 | 이,이,89 8D,380,8A A2,8B DF,0x05CC7 0x05CC8,
351,D0A9~D0AA,패치 슬롯 0250 | 한글 문자 | 아,아,89 60,309,8A 5A,82 C5,0x05CC9 0x05CCA,
352,D0AB~D0AC,패치 슬롯 0251 | 한글 문자 | 스,스,89 56,293,8A 4A,82 A0,0x05CCB 0x05CCC,
353,D0AD~D0AE,패치 슬롯 0252 | 한글 문자 | 의,의,89 8C,379,8A A1,82 C1,0x05CCD 0x05CCE,
354,D0AF~D0B0,패치 슬롯 0253 | 전각 공백 | ␠,␠,81 40,,81 40,82 BD,0x05CCF 0x05CD0,
355,D0B1~D0B2,패치 슬롯 0254 | 한글 문자 | 수,수,89 54,288,8A 45,83 4B,0x05CD1 0x05CD2,
356,D0B3~D0B4,패치 슬롯 0255 | 한글 문자 | 중,중,89 AE,422,8A CC,83 43,0x05CD3 0x05CD4,
357,D0B5~D0B6,패치 슬롯 0256 | 한글 문자 | 에,에,89 70,333,8A 72,83 41,0x05CD5 0x05CD6,
358,D0B7~D0B8,패치 슬롯 0257 | 전각 공백 | ␠,␠,81 40,,81 40,83 58,0x05CD7 0x05CD8,
359,D0B9~D0BA,패치 슬롯 0258 | 한글 문자 | 있,있,89 92,389,8A AB,82 CC,0x05CD9 0x05CDA,
360,D0BB~D0BC,패치 슬롯 0259 | 한글 문자 | 는,는,82 E3,106,89 4B,8E E8,0x05CDB 0x05CDC,
361,D0BD~D0BE,패치 슬롯 0260 | 전각 공백 | ␠,␠,81 40,,81 40,92 86,0x05CDD 0x05CDE,
362,D0BF~D0C0,패치 슬롯 0261 | 한글 문자 | 것,것,82 AA,18,88 B0,82 C9,0x05CDF 0x05CE0,
363,D0C1~D0C2,패치 슬롯 0262 | 한글 문자 | 으,으,89 88,373,8A 9B,82 A0,0x05CE1 0x05CE2,
364,D0C3~D0C4,패치 슬롯 0263 | 한글 문자 | 로,로,88 C5,183,89 99,82 E9,0x05CE3 0x05CE4,
365,D0C5~D0C6,패치 슬롯 0264 | 전각 공백 | ␠,␠,81 40,,81 40,82 E0,0x05CE5 0x05CE6,
366,D0C7~D0C8,패치 슬롯 0265 | 한글 문자 | 파,파,89 D8,500,8B 5D,82 CC,0x05CE7 0x05CE8,
367,D0C9~D0CA,패치 슬롯 0266 | 한글 문자 | 악,악,89 61,310,8A 5B,82 C6,0x05CE9 0x05CEA,
368,D0CB~D0CC,패치 슬롯 0267 | 한글 문자 | 됩,됩,8A 42,134,89 67,8E 76,0x05CEB 0x05CEC,
369,D0CD~D0CE,패치 슬롯 0268 | 한글 문자 | 니,니,82 E4,108,89 4D,82 ED,0x05CED 0x05CEE,
370,D0CF~D0D0,패치 슬롯 0269 | 한글 문자 | 다,다,82 E7,111,89 50,82 EA,0x05CEF 0x05CF0,
371,D0D1~D0D2,패치 슬롯 0270 | 문장부호 | 。,。,81 42,,81 42,82 DC,0x05CF1 0x05CF2,
372,D0D3,기존 확인 61~70h 계열 / CAA8[0] 작업슬롯 비활성화,,61,,61,82,0x05CF3,
373,D0D4~D0D6,기존 확인 16h 계열 / 서브스트림 호출·전환 → D3DE,,16 DE D3,,16 DE D3,B7 81 42,0x05CF4 0x05CF5 0x05CF6,
374,D3DE~D3E2,기존 확인 0Fh 계열 제어토큰,,0F 05 27 03 0B,,,,,no raw formula documented for this control row
375,D3E3~D3E5,기존 확인 16h 계열 / 서브스트림 호출·전환 → D450,,16 50 D4,,,,,no raw formula documented for this control row
376,D450~D455,기존 확인 05h 계열 / 영역·좌표 상태 설정·전개,,05 16 86 3A 9E 00,,,,,no raw formula documented for this control row
377,D456~D45A,기존 확인 0Eh 계열 / 화면·버퍼 초기화·전개,,0E 16 20 24 80,,,,,no raw formula documented for this control row
378,D45B,기존 확인 17h 계열 / 서브스트림 복귀,,17,,,,,no raw formula documented for this control row
379,D3E6~D3E8,기존 확인 13h 계열 제어토큰,,13 7C D4,,,,,no raw formula documented for this control row
380,D3E9~D3EC,기존 확인 14h 계열 / 버퍼·영역 처리,,14 00 16 22,,,,,no raw formula documented for this control row
381,D3ED~D3F0,기존 확인 14h 계열 / 버퍼·영역 처리,,14 01 3B 00,,,,,no raw formula documented for this control row
382,D3F1~D3F4,기존 확인 04h 계열 / CAA8 슬롯 포인터 설정,,04 BC D4 41,,,,,no raw formula documented for this control row
383,D3F5~D3F8,기존 확인 04h 계열 / CAA8 슬롯 포인터 설정,,04 C6 D4 42,,,,,no raw formula documented for this control row
384,D3F9~D3FC,기존 확인 04h 계열 / CAA8 슬롯 포인터 설정,,04 D0 D4 43,,,,,no raw formula documented for this control row
385,D3FD~D400,기존 확인 04h 계열 / CAA8 슬롯 포인터 설정,,04 DA D4 44,,,,,no raw formula documented for this control row
386,D401~D402,기존 확인 25h 계열 / CA1D 입 움직임 효과음 인덱스 설정,,25 2F,,,,,no raw formula documented for this control row
387,D403,기존 확인 17h 계열 / 서브스트림 복귀,,17,,,,,no raw formula documented for this control row
388,D0D7,기존 확인 41~50h 계열 / CAA8[0] 슬롯 실행,,41,,41,61,0x05CF7,
389,D0D8,기존 확인 41~50h 계열 / CAA8[2] 슬롯 실행,,43,,43,16,0x05CF8,
390,D0D9,기존 확인 41~50h 계열 / CAA8[3] 슬롯 실행,,44,,44,DE,0x05CF9,
391,D0DA~D0DB,패치 슬롯 0271 | 한글 문자 | 흥,흥,8A 56,555,8B 95,D3 41,0x05CFA 0x05CFB,
392,D0DC~D0DD,패치 슬롯 0272 | 문장부호 | ！,！,81 49,,81 49,43 44,0x05CFC 0x05CFD,
393,D0DE~D0DF,패치 슬롯 0273 | 전각 공백 | ␠,␠,81 40,,81 40,83 74,0x05CFE 0x05CFF,
394,D0E0~D0E1,패치 슬롯 0274 | 한글 문자 | 가,가,82 9F,1,88 9F,83 93,0x05D00 0x05D01,
395,D0E2~D0E3,패치 슬롯 0275 | 한글 문자 | 이,이,89 8D,380,8A A2,81 49,0x05D02 0x05D03,
396,D0E4~D0E5,패치 슬롯 0276 | 한글 문자 | 아,아,89 60,309,8A 5A,81 40,0x05D04 0x05D05,
397,D0E6,기존 확인 61~70h 계열 / CAA8[0] 작업슬롯 비활성화,,61,,61,83,0x05D06,
398,D0E7,기존 확인 41~50h 계열 / CAA8[1] 슬롯 실행,,42,,42,4B,0x05D07,
399,D0E8~D0E9,패치 슬롯 0277 | 한글 문자 | 스,스,89 56,293,8A 4A,83 43,0x05D08 0x05D09,
400,D0EA~D0EB,패치 슬롯 0278 | 전각 공백 | ␠,␠,81 40,,81 40,83 41,0x05D0A 0x05D0B,
401,D0EC~D0ED,패치 슬롯 0279 | 한글 문자 | 녀,녀,82 DA,92,88 FA,61 42,0x05D0C 0x05D0D,
402,D0EE~D0EF,패치 슬롯 0280 | 한글 문자 | 석,석,89 4A,273,89 F3,83 58,0x05D0E 0x05D0F,
403,D0F0~D0F1,패치 슬롯 0281 | 문장부호 | ・,・,81 45,,81 45,82 DF,0x05D10 0x05D11,
404,D0F2~D0F3,패치 슬롯 0282 | 문장부호 | ・,・,81 45,,81 45,82 AA,0x05D12 0x05D13,
405,D0F4~D0F5,패치 슬롯 0283 | 문장부호 | ・,・,81 45,,81 45,81 45,0x05D14 0x05D15,
406,D0F6,기존 확인 41~50h 계열 / CAA8[0] 슬롯 실행,,41,,41,81,0x05D16,
407,D0F7,기존 확인 61~70h 계열 / CAA8[1] 작업슬롯 비활성화,,62,,62,45,0x05D17,
408,D0F8~D0F9,패치 슬롯 0284 | 전각 공백 | ␠,␠,81 40,,81 40,81 45,0x05D18 0x05D19,
409,D0FA~D0FB,패치 슬롯 0285 | 한글 문자 | 질,질,8A 4E,433,8A D7,41 62,0x05D1A 0x05D1B,
410,D0FC~D0FD,패치 슬롯 0286 | 한글 문자 | 긴,긴,82 C2,56,88 D6,82 B5,0x05D1C 0x05D1D,
411,D0FE~D0FF,패치 슬롯 0287 | 전각 공백 | ␠,␠,81 40,,81 40,82 D4,0x05D1E 0x05D1F,
412,D100~D101,패치 슬롯 0288 | 한글 문자 | 놈,놈,82 DD,97,89 42,82 C6,0x05D20 0x05D21,
413,D102~D103,패치 슬롯 0289 | 한글 문자 | 같,같,82 A4,9,88 A7,82 A2,0x05D22 0x05D23,
414,D104~D105,패치 슬롯 0290 | 한글 문자 | 으,으,89 88,373,8A 9B,93 7A,0x05D24 0x05D25,
415,D106~D107,패치 슬롯 0291 | 한글 문자 | 니,니,82 E4,108,89 4D,81 49,0x05D26 0x05D27,
416,D108~D109,패치 슬롯 0292 | 문장부호 | ！,！,81 49,,81 49,83 81,0x05D28 0x05D29,
417,D10A~D10B,패치 슬롯 0293 | 전각 공백 | ␠,␠,81 40,,81 40,83 4B,0x05D2A 0x05D2B,
418,D10C~D10D,패치 슬롯 0294 | 한글 문자 | 메,메,88 DA,213,89 B7,83 58,0x05D2C 0x05D2D,
419,D10E~D10F,패치 슬롯 0295 | 한글 문자 | 가,가,82 9F,1,88 9F,97 6C,0x05D2E 0x05D2F,
420,D110~D111,패치 슬롯 0296 | 한글 문자 | 스,스,89 56,293,8A 4A,81 41,0x05D30 0x05D31,
421,D112~D113,패치 슬롯 0297 | 한글 문자 | 님,님,82 E6,110,89 4F,82 A2,0x05D32 0x05D33,
422,D114~D115,패치 슬롯 0298 | 문장부호 | 、,、,81 41,,81 41,82 A9,0x05D34 0x05D35,
423,D116~D117,패치 슬롯 0299 | 한글 문자 | 어,어,89 6C,325,8A 6A,82 AA,0x05D36 0x05D37,
424,D118~D119,패치 슬롯 0300 | 한글 문자 | 찌,찌,8A 4F,439,8A DD,92 76,0x05D38 0x05D39,
425,D11A~D11B,패치 슬롯 0301 | 한글 문자 | 할,할,89 E5,524,8B 75,82 B5,0x05D3A 0x05D3B,
426,D11C~D11D,패치 슬롯 0302 | 한글 문자 | 까,까,82 C4,60,88 DA,82 DC,0x05D3C 0x05D3D,
427,D11E~D11F,패치 슬롯 0303 | 한글 문자 | 요,요,89 80,356,8A 8A,82 B5,0x05D3E 0x05D3F,
428,D120~D121,패치 슬롯 0304 | 문장부호 | ？,？,81 48,,81 48,82 E5,0x05D40 0x05D41,
429,D122,기존 확인 61~70h 계열 / CAA8[0] 작업슬롯 비활성화,,61,,61,82,0x05D42,
430,D123,기존 확인 61~70h 계열 / CAA8[2] 작업슬롯 비활성화,,63,,63,A4,0x05D43,
431,D124,기존 확인 61~70h 계열 / CAA8[3] 작업슬롯 비활성화,,64,,64,81,0x05D44,
432,D125~D127,기존 확인 16h 계열 / 서브스트림 호출·전환 → D39E,,16 9E D3,,16 9E D3,48 61 63,0x05D45 0x05D46 0x05D47,
433,D39E~D3A2,기존 확인 0Fh 계열 제어토큰,,0F 01 25 03 0E,,,,,no raw formula documented for this control row
434,D3A3~D3A8,기존 확인 05h 계열 / 영역·좌표 상태 설정·전개,,05 11 92 3E AA 00,,,,,no raw formula documented for this control row
435,D3A9~D3AD,기존 확인 0Eh 계열 / 화면·버퍼 초기화·전개,,0E 11 10 2E A0,,,,,no raw formula documented for this control row
436,D3AE~D3B0,기존 확인 13h 계열 제어토큰,,13 6C D4,,,,,no raw formula documented for this control row
437,D3B1~D3B4,기존 확인 14h 계열 / 버퍼·영역 처리,,14 00 11 16,,,,,no raw formula documented for this control row
438,D3B5~D3B8,기존 확인 14h 계열 / 버퍼·영역 처리,,14 01 40 00,,,,,no raw formula documented for this control row
439,D3B9~D3BC,기존 확인 04h 계열 / CAA8 슬롯 포인터 설정,,04 02 D5 41,,,,,no raw formula documented for this control row
440,D3BD~D3BE,기존 확인 25h 계열 / CA1D 입 움직임 효과음 인덱스 설정,,25 2D,,,,,no raw formula documented for this control row
441,D3BF,기존 확인 17h 계열 / 서브스트림 복귀,,17,,,,,no raw formula documented for this control row
442,D128,기존 확인 41~50h 계열 / CAA8[0] 슬롯 실행,,41,,41,64,0x05D48,
443,D129~D12A,패치 슬롯 0305 | 한글 문자 | 좋,좋,89 A7,414,8A C4,16 9E,0x05D49 0x05D4A,
444,D12B~D12C,패치 슬롯 0306 | 한글 문자 | 다,다,82 E7,111,89 50,D3 41,0x05D4B 0x05D4C,
445,D12D~D12E,패치 슬롯 0307 | 문장부호 | 、,、,81 41,,81 41,82 E6,0x05D4D 0x05D4E,
446,D12F~D130,패치 슬롯 0308 | 한글 문자 | 더,더,82 ED,119,89 58,82 A9,0x05D4F 0x05D50,
447,D131~D132,패치 슬롯 0309 | 한글 문자 | 는,는,82 E3,106,89 4B,82 EB,0x05D51 0x05D52,
448,D133~D134,패치 슬롯 0310 | 전각 공백 | ␠,␠,81 40,,81 40,82 A4,0x05D53 0x05D54,
449,D135~D136,패치 슬롯 0311 | 한글 문자 | 기,기,82 C1,55,88 D5,81 41,0x05D55 0x05D56,
450,D137~D138,패치 슬롯 0312 | 한글 문자 | 다,다,82 E7,111,89 50,82 E0,0x05D57 0x05D58,
451,D139~D13A,패치 슬롯 0313 | 한글 문자 | 릴,릴,88 CE,197,89 A7,82 A4,0x05D59 0x05D5A,
452,D13B~D13C,패치 슬롯 0314 | 전각 공백 | ␠,␠,81 40,,81 40,91 D2,0x05D5B 0x05D5C,
453,D13D~D13E,패치 슬롯 0315 | 한글 문자 | 수,수,89 54,288,8A 45,82 C4,0x05D5D 0x05D5E,
454,D13F~D140,패치 슬롯 0316 | 전각 공백 | ␠,␠,81 40,,81 40,82 F1,0x05D5F 0x05D60,
455,D141~D142,패치 슬롯 0317 | 한글 문자 | 없,없,89 6E,330,8A 6F,81 49,0x05D61 0x05D62,
456,D143~D144,패치 슬롯 0318 | 한글 문자 | 다,다,82 E7,111,89 50,81 40,0x05D63 0x05D64,
457,D145~D146,패치 슬롯 0319 | 문장부호 | ！,！,81 49,,81 49,89 E4,0x05D65 0x05D66,
458,D147~D148,패치 슬롯 0320 | 전각 공백 | ␠,␠,81 40,,81 40,82 AA,0x05D67 0x05D68,
459,D149~D14A,패치 슬롯 0321 | 한글 문자 | 군,군,82 B9,43,88 C9,8C 52,0x05D69 0x05D6A,
460,D14B~D14C,패치 슬롯 0322 | 한글 문자 | 단,단,82 E9,113,89 52,92 63,0x05D6B 0x05D6C,
461,D14D~D14E,패치 슬롯 0323 | 한글 문자 | 을,을,89 8A,376,8A 9E,82 F0,0x05D6D 0x05D6E,
462,D14F~D150,패치 슬롯 0324 | 전각 공백 | ␠,␠,81 40,,81 40,94 68,0x05D6F 0x05D70,
463,D151~D152,패치 슬롯 0325 | 한글 문자 | 진,진,89 B4,432,8A D6,8C AD,0x05D71 0x05D72,
464,D153~D154,패치 슬롯 0326 | 한글 문자 | 격,격,8A 57,22,88 B4,82 B9,0x05D73 0x05D74,
465,D155~D156,패치 슬롯 0327 | 한글 문자 | 시,시,89 5A,298,8A 4F,82 E6,0x05D75 0x05D76,
466,D157~D158,패치 슬롯 0328 | 한글 문자 | 켜,켜,89 C4,469,8A FB,81 49,0x05D77 0x05D78,
467,D159~D15A,패치 슬롯 0329 | 한글 문자 | 라,라,88 B6,159,89 81,83 8D,0x05D79 0x05D7A,
468,D15B~D15C,패치 슬롯 0330 | 문장부호 | ！,！,81 49,,81 49,83 4F,0x05D7B 0x05D7C,
469,D15D~D15E,패치 슬롯 0331 | 전각 공백 | ␠,␠,81 40,,81 40,83 8C,0x05D7D 0x05D7E,
470,D15F~D160,패치 슬롯 0332 | 한글 문자 | 녀,녀,82 DA,92,88 FA,83 58,0x05D7F 0x05D80,
471,D161~D162,패치 슬롯 0333 | 한글 문자 | 석,석,89 4A,273,89 F3,82 CC,0x05D81 0x05D82,
472,D163~D164,패치 슬롯 0334 | 한글 문자 | 들,들,88 AA,144,89 71,8E 63,0x05D83 0x05D84,
473,D165~D166,패치 슬롯 0335 | 한글 문자 | 과,과,82 B4,36,88 C2,93 7D,0x05D85 0x05D86,
474,D167~D168,패치 슬롯 0336 | 한글 문자 | 의,의,89 8C,379,8A A1,82 C7,0x05D87 0x05D88,
475,D169~D16A,패치 슬롯 0337 | 전각 공백 | ␠,␠,81 40,,81 40,82 E0,0x05D89 0x05D8A,
476,D16B~D16C,패치 슬롯 0338 | 한글 문자 | 유,유,89 86,371,8A 99,81 41,0x05D8B 0x05D8C,
477,D16D~D16E,패치 슬롯 0339 | 한글 문자 | 희,희,89 F6,556,8B 96,97 56,0x05D8D 0x05D8E,
478,D16F~D170,패치 슬롯 0340 | 한글 문자 | 도,도,82 F1,125,89 5E,82 D1,0x05D8F 0x05D90,
479,D171~D172,패치 슬롯 0341 | 전각 공백 | ␠,␠,81 40,,81 40,82 CD,0x05D91 0x05D92,
480,D173~D174,패치 슬롯 0342 | 한글 문자 | 이,이,89 8D,380,8A A2,8F 49,0x05D93 0x05D94,
481,D175~D176,패치 슬롯 0343 | 한글 문자 | 제,제,89 A1,405,8A BB,82 E8,0x05D95 0x05D96,
482,D177~D178,패치 슬롯 0344 | 전각 공백 | ␠,␠,81 40,,81 40,82 BE,0x05D97 0x05D98,
483,D179~D17A,패치 슬롯 0345 | 한글 문자 | 끝,끝,82 CC,72,88 E6,81 49,0x05D99 0x05D9A,
484,D17B~D17C,패치 슬롯 0346 | 한글 문자 | 이,이,89 8D,380,8A A2,61 16,0x05D9B 0x05D9C,
485,D17D~D17E,패치 슬롯 0347 | 한글 문자 | 다,다,82 E7,111,89 50,67 D3,0x05D9D 0x05D9E,
486,D17F~D180,패치 슬롯 0348 | 문장부호 | ！,！,81 49,,81 49,25 2C,0x05D9F 0x05DA0,
487,D181,기존 확인 61~70h 계열 / CAA8[0] 작업슬롯 비활성화,,61,,61,41,0x05DA1,
488,D182~D184,기존 확인 16h 계열 / 서브스트림 호출·전환 → D367,,16 67 D3,,16 67 D3,83 94 83,0x05DA2 0x05DA3 0x05DA4,
489,D367~D36B,기존 확인 0Fh 계열 제어토큰,,0F 01 2F 03 10,,,,,no raw formula documented for this control row
490,D36C~D36E,기존 확인 1Eh 계열 / 간접 CALL 083C→0F12,,1E 3C 08,,,,,no raw formula documented for this control row
491,D36F~D371,기존 확인 16h 계열 / 서브스트림 호출·전환 → D37E,,16 7E D3,,,,,no raw formula documented for this control row
492,D37E~D383,기존 확인 05h 계열 / 영역·좌표 상태 설정·전개,,05 04 86 4C 9E 00,,,,,no raw formula documented for this control row
493,D384,기존 확인 17h 계열 / 서브스트림 복귀,,17,,,,,no raw formula documented for this control row
494,D372~D376,기존 확인 0Eh 계열 / 화면·버퍼 초기화·전개,,0E 04 20 48 80,,,,,no raw formula documented for this control row
495,D377~D37A,기존 확인 14h 계열 / 버퍼·영역 처리,,14 00 04 22,,,,,no raw formula documented for this control row
496,D37B~D37D,기존 확인 09h 계열 / 실행 위치 전환 → D424,,09 24 D4,,,,,no raw formula documented for this control row
497,D424~D426,기존 확인 13h 계열 제어토큰,,13 AC D4,,,,,no raw formula documented for this control row
498,D427~D42A,기존 확인 14h 계열 / 버퍼·영역 처리,,14 01 00 00,,,,,no raw formula documented for this control row
499,D42B~D42E,기존 확인 04h 계열 / CAA8 슬롯 포인터 설정,,04 0C D5 41,,,,,no raw formula documented for this control row
500,D42F~D432,기존 확인 04h 계열 / CAA8 슬롯 포인터 설정,,04 16 D5 42,,,,,no raw formula documented for this control row
501,D433~D436,기존 확인 04h 계열 / CAA8 슬롯 포인터 설정,,04 20 D5 43,,,,,no raw formula documented for this control row
502,D437~D43A,기존 확인 04h 계열 / CAA8 슬롯 포인터 설정,,04 2A D5 44,,,,,no raw formula documented for this control row
503,D43B~D43E,기존 확인 04h 계열 / CAA8 슬롯 포인터 설정,,04 34 D5 45,,,,,no raw formula documented for this control row
504,D43F~D442,기존 확인 04h 계열 / CAA8 슬롯 포인터 설정,,04 3E D5 46,,,,,no raw formula documented for this control row
505,D443~D446,기존 확인 04h 계열 / CAA8 슬롯 포인터 설정,,04 48 D5 47,,,,,no raw formula documented for this control row
506,D447~D44A,기존 확인 04h 계열 / CAA8 슬롯 포인터 설정,,04 52 D5 48,,,,,no raw formula documented for this control row
507,D44B~D44E,기존 확인 04h 계열 / CAA8 슬롯 포인터 설정,,04 5C D5 49,,,,,no raw formula documented for this control row
508,D44F,기존 확인 17h 계열 / 서브스트림 복귀,,17,,,,,no raw formula documented for this control row
509,D185~D186,기존 확인 25h 계열 / CA1D 입 움직임 효과음 인덱스 설정,,25 2C,,25 2C,40 83,0x05DA5 0x05DA6,
510,D187,기존 확인 41~50h 계열 / CAA8[0] 슬롯 실행,,41,,41,8A,0x05DA7,
511,D188~D189,패치 슬롯 0349 | 한글 문자 | 바,바,88 E9,234,89 CC,83 41,0x05DA8 0x05DA9,
512,D18A~D18B,패치 슬롯 0350 | 한글 문자 | 리,리,88 CC,194,89 A4,97 6C,0x05DAA 0x05DAB,
513,D18C~D18D,패치 슬롯 0351 | 한글 문자 | 아,아,89 60,309,8A 5A,81 42,0x05DAC 0x05DAD,
514,D18E~D18F,패치 슬롯 0352 | 한글 문자 | 님,님,82 E6,110,89 4F,82 A8,0x05DAE 0x05DAF,
515,D190~D191,패치 슬롯 0353 | 문장부호 | 、,、,81 41,,81 41,8B 43,0x05DB0 0x05DB1,
516,D192~D193,패치 슬롯 0354 | 한글 문자 | 심,심,8A 47,301,8A 52,8E 9D,0x05DB2 0x05DB3,
517,D194~D195,패치 슬롯 0355 | 한글 문자 | 정,정,89 A0,404,8A BA,82 CD,0x05DB4 0x05DB5,
518,D196~D197,패치 슬롯 0356 | 한글 문자 | 은,은,89 89,375,8A 9D,95 AA,0x05DB6 0x05DB7,
519,D198~D199,패치 슬롯 0357 | 전각 공백 | ␠,␠,81 40,,81 40,82 E8,0x05DB8 0x05DB9,
520,D19A~D19B,패치 슬롯 0358 | 한글 문자 | 이,이,89 8D,380,8A A2,82 DC,0x05DBA 0x05DBB,
521,D19C~D19D,패치 슬롯 0359 | 한글 문자 | 해,해,89 E8,528,8B 79,82 B7,0x05DBC 0x05DBD,
522,D19E~D19F,패치 슬롯 0360 | 한글 문자 | 하,하,89 E2,521,8B 72,82 AA,0x05DBE 0x05DBF,
523,D1A0~D1A1,패치 슬롯 0361 | 한글 문자 | 지,지,89 B3,430,8A D4,81 41,0x05DC0 0x05DC1,
524,D1A2~D1A3,패치 슬롯 0362 | 한글 문자 | 만,만,88 D2,202,89 AC,8C 88,0x05DC2 0x05DC3,
525,D1A4~D1A5,패치 슬롯 0363 | 전각 공백 | ␠,␠,81 40,,81 40,82 B5,0x05DC4 0x05DC5,
526,D1A6~D1A7,패치 슬롯 0364 | 한글 문자 | 절,절,89 9E,402,8A B8,82 C4,0x05DC6 0x05DC7,
527,D1A8~D1A9,패치 슬롯 0365 | 한글 문자 | 대,대,82 EC,118,89 57,97 44,0x05DC8 0x05DC9,
528,D1AA~D1AB,패치 슬롯 0366 | 전각 공백 | ␠,␠,81 40,,81 40,8E 71,0x05DCA 0x05DCB,
529,D1AC~D1AD,패치 슬롯 0367 | 한글 문자 | 유,유,89 86,371,8A 99,82 C9,0x05DCC 0x05DCD,
530,D1AE~D1AF,패치 슬롯 0368 | 한글 문자 | 코,코,89 C5,470,8A FC,98 62,0x05DCE 0x05DCF,
531,D1B0~D1B1,패치 슬롯 0369 | 한글 문자 | 에,에,89 70,333,8A 72,82 B5,0x05DD0 0x05DD1,
532,D1B2~D1B3,패치 슬롯 0370 | 한글 문자 | 게,게,82 AB,19,88 B1,82 A9,0x05DD2 0x05DD3,
533,D1B4~D1B5,패치 슬롯 0371 | 전각 공백 | ␠,␠,81 40,,81 40,82 AF,0x05DD4 0x05DD5,
534,D1B6~D1B7,패치 슬롯 0372 | 한글 문자 | 말,말,88 D3,203,89 AD,82 C4,0x05DD6 0x05DD7,
535,D1B8~D1B9,패치 슬롯 0373 | 한글 문자 | 을,을,89 8A,376,8A 9E,82 CD,0x05DD8 0x05DD9,
536,D1BA~D1BB,패치 슬롯 0374 | 전각 공백 | ␠,␠,81 40,,81 40,82 C8,0x05DDA 0x05DDB,
537,D1BC~D1BD,패치 슬롯 0375 | 한글 문자 | 걸,걸,82 A8,15,88 AD,82 E8,0x05DDC 0x05DDD,
538,D1BE~D1BF,패치 슬롯 0376 | 한글 문자 | 어,어,89 6C,325,8A 6A,82 DC,0x05DDE 0x05DDF,
539,D1C0~D1C1,패치 슬롯 0377 | 한글 문자 | 서,서,89 49,272,89 F2,82 B9,0x05DE0 0x05DE1,
540,D1C2~D1C3,패치 슬롯 0378 | 전각 공백 | ␠,␠,81 40,,81 40,82 F1,0x05DE2 0x05DE3,
541,D1C4~D1C5,패치 슬롯 0379 | 한글 문자 | 안,안,89 62,311,8A 5C,81 42,0x05DE4 0x05DE5,
542,D1C6~D1C7,패치 슬롯 0380 | 한글 문자 | 됩,됩,8A 42,134,89 67,81 40,0x05DE6 0x05DE7,
543,D1C8~D1C9,패치 슬롯 0381 | 한글 문자 | 니,니,82 E4,108,89 4D,8D A1,0x05DE8 0x05DE9,
544,D1CA~D1CB,패치 슬롯 0382 | 한글 문자 | 다,다,82 E7,111,89 50,98 62,0x05DEA 0x05DEB,
545,D1CC~D1CD,패치 슬롯 0383 | 문장부호 | 。,。,81 42,,81 42,82 B5,0x05DEC 0x05DED,
546,D1CE~D1CF,패치 슬롯 0384 | 한글 문자 | 지,지,89 B3,430,8A D4,82 A9,0x05DEE 0x05DEF,
547,D1D0~D1D1,패치 슬롯 0385 | 한글 문자 | 금,금,82 BF,53,88 D3,82 AF,0x05DF0 0x05DF1,
548,D1D2~D1D3,패치 슬롯 0386 | 전각 공백 | ␠,␠,81 40,,81 40,82 E9,0x05DF2 0x05DF3,
549,D1D4~D1D5,패치 슬롯 0387 | 한글 문자 | 대,대,82 EC,118,89 57,82 B1,0x05DF4 0x05DF5,
550,D1D6~D1D7,패치 슬롯 0388 | 한글 문자 | 답,답,8A 41,116,89 55,82 C6,0x05DF6 0x05DF7,
551,D1D8~D1D9,패치 슬롯 0389 | 한글 문자 | 하,하,89 E2,521,8B 72,82 CD,0x05DF8 0x05DF9,
552,D1DA~D1DB,패치 슬롯 0390 | 한글 문자 | 는,는,82 E3,106,89 4B,81 41,0x05DFA 0x05DFB,
553,D1DC~D1DD,패치 슬롯 0391 | 전각 공백 | ␠,␠,81 40,,81 40,83 94,0x05DFC 0x05DFD,
554,D1DE~D1DF,패치 슬롯 0392 | 한글 문자 | 순,순,8A 46,289,8A 46,83 40,0x05DFE 0x05DFF,
555,D1E0~D1E1,패치 슬롯 0393 | 한글 문자 | 간,간,82 A1,3,88 A1,83 8A,0x05E00 0x05E01,
556,D1E2~D1E3,패치 슬롯 0394 | 문장부호 | 、,、,81 41,,81 41,83 41,0x05E02 0x05E03,
557,D1E4~D1E5,패치 슬롯 0395 | 한글 문자 | 목,목,88 E0,219,89 BD,97 6C,0x05E04 0x05E05,
558,D1E6~D1E7,패치 슬롯 0396 | 한글 문자 | 숨,숨,89 55,290,8A 47,81 41,0x05E06 0x05E07,
559,D1E8~D1E9,패치 슬롯 0397 | 한글 문자 | 을,을,89 8A,376,8A 9E,82 A0,0x05E08 0x05E09,
560,D1EA~D1EB,패치 슬롯 0398 | 전각 공백 | ␠,␠,81 40,,81 40,82 C8,0x05E0A 0x05E0B,
561,D1EC~D1ED,패치 슬롯 0399 | 한글 문자 | 잃,잃,8A 4B,385,8A A7,82 BD,0x05E0C 0x05E0D,
562,D1EE~D1EF,패치 슬롯 0400 | 한글 문자 | 게,게,82 AB,19,88 B1,82 CC,0x05E0E 0x05E0F,
563,D1F0~D1F1,패치 슬롯 0401 | 전각 공백 | ␠,␠,81 40,,81 40,8E 80,0x05E10 0x05E11,
564,D1F2~D1F3,패치 슬롯 0402 | 한글 문자 | 됩,됩,8A 42,134,89 67,82 F0,0x05E12 0x05E13,
565,D1F4~D1F5,패치 슬롯 0403 | 한글 문자 | 니,니,82 E4,108,89 4D,88 D3,0x05E14 0x05E15,
566,D1F6~D1F7,패치 슬롯 0404 | 한글 문자 | 다,다,82 E7,111,89 50,96 A1,0x05E16 0x05E17,
567,D1F8~D1F9,패치 슬롯 0405 | 문장부호 | 。,。,81 42,,81 42,82 B5,0x05E18 0x05E19,
568,D1FA~D1FB,패치 슬롯 0406 | 한글 문자 | 전,전,89 9D,401,8A B7,82 DC,0x05E1A 0x05E1B,
569,D1FC~D1FD,패치 슬롯 0407 | 한글 문자 | 하,하,89 E2,521,8B 72,82 B7,0x05E1C 0x05E1D,
570,D1FE~D1FF,패치 슬롯 0408 | 한글 문자 | 의,의,89 8C,379,8A A1,81 42,0x05E1E 0x05E1F,
571,D200~D201,패치 슬롯 0409 | 전각 공백 | ␠,␠,81 40,,81 40,82 A0,0x05E20 0x05E21,
572,D202~D203,패치 슬롯 0410 | 한글 문자 | 죽,죽,89 AB,419,8A C9,82 C8,0x05E22 0x05E23,
573,D204~D205,패치 슬롯 0411 | 한글 문자 | 음,음,89 8B,377,8A 9F,82 BD,0x05E24 0x05E25,
574,D206~D207,패치 슬롯 0412 | 한글 문자 | 은,은,89 89,375,8A 9D,82 CC,0x05E26 0x05E27,
575,D208~D209,패치 슬롯 0413 | 전각 공백 | ␠,␠,81 40,,81 40,8E 80,0x05E28 0x05E29,
576,D20A~D20B,패치 슬롯 0414 | 한글 문자 | 곧,곧,89 FB,32,88 BE,82 CD,0x05E2A 0x05E2B,
577,D20C~D20D,패치 슬롯 0415 | 전각 공백 | ␠,␠,81 40,,81 40,81 41,0x05E2C 0x05E2D,
578,D20E~D20F,패치 슬롯 0416 | 한글 문자 | 유,유,89 86,371,8A 99,97 44,0x05E2E 0x05E2F,
579,D210~D211,패치 슬롯 0417 | 한글 문자 | 코,코,89 C5,470,8A FC,8E 71,0x05E30 0x05E31,
580,D212~D213,패치 슬롯 0418 | 전각 공백 | ␠,␠,81 40,,81 40,82 CC,0x05E32 0x05E33,
581,D214~D215,패치 슬롯 0419 | 한글 문자 | 뿐,뿐,89 42,264,89 EA,8E 80,0x05E34 0x05E35,
582,D216~D217,패치 슬롯 0420 | 한글 문자 | 만,만,88 D2,202,89 AC,82 C6,0x05E36 0x05E37,
583,D218~D219,패치 슬롯 0421 | 한글 문자 | 아,아,89 60,309,8A 5A,81 41,0x05E38 0x05E39,
584,D21A~D21B,패치 슬롯 0422 | 한글 문자 | 니,니,82 E4,108,89 4D,83 94,0x05E3A 0x05E3B,
585,D21C~D21D,패치 슬롯 0423 | 한글 문자 | 라,라,88 B6,159,89 81,83 40,0x05E3C 0x05E3D,
586,D21E~D21F,패치 슬롯 0424 | 전각 공백 | ␠,␠,81 40,,81 40,83 6A,0x05E3E 0x05E3F,
587,D220~D221,패치 슬롯 0425 | 한글 문자 | 바,바,88 E9,234,89 CC,83 65,0x05E40 0x05E41,
588,D222~D223,패치 슬롯 0426 | 한글 문자 | 니,니,82 E4,108,89 4D,83 42,0x05E42 0x05E43,
589,D224~D225,패치 슬롯 0427 | 한글 문자 | 티,티,89 D7,498,8B 5B,82 C6,0x05E44 0x05E45,
590,D226~D227,패치 슬롯 0428 | 문장부호 | 、,、,81 41,,81 41,83 8A,0x05E46 0x05E47,
591,D228~D229,패치 슬롯 0429 | 한글 문자 | 리,리,88 CC,194,89 A4,83 41,0x05E48 0x05E49,
592,D22A~D22B,패치 슬롯 0430 | 한글 문자 | 얼,얼,89 6D,328,8A 6D,83 8A,0x05E4A 0x05E4B,
593,D22C~D22D,패치 슬롯 0431 | 한글 문자 | 리,리,88 CC,194,89 A4,83 65,0x05E4C 0x05E4D,
594,D22E~D22F,패치 슬롯 0432 | 한글 문자 | 티,티,89 D7,498,8B 5B,83 42,0x05E4E 0x05E4F,
595,D230~D231,패치 슬롯 0433 | 한글 문자 | 의,의,89 8C,379,8A A1,82 CC,0x05E50 0x05E51,
596,D232~D233,패치 슬롯 0434 | 전각 공백 | ␠,␠,81 40,,81 40,94 6A,0x05E52 0x05E53,
597,D234~D235,패치 슬롯 0435 | 한글 문자 | 멸,멸,88 DD,216,89 BA,89 F3,0x05E54 0x05E55,
598,D236~D237,패치 슬롯 0436 | 한글 문자 | 망,망,88 D6,206,89 B0,82 F0,0x05E56 0x05E57,
599,D238~D239,패치 슬롯 0437 | 한글 문자 | 을,을,89 8A,376,8A 9E,88 D3,0x05E58 0x05E59,
600,D23A~D23B,패치 슬롯 0438 | 전각 공백 | ␠,␠,81 40,,81 40,96 A1,0x05E5A 0x05E5B,
601,D23C~D23D,패치 슬롯 0439 | 한글 문자 | 뜻,뜻,88 B5,158,89 80,82 B5,0x05E5C 0x05E5D,
602,D23E~D23F,패치 슬롯 0440 | 한글 문자 | 합,합,8A 53,526,8B 77,82 DC,0x05E5E 0x05E5F,
603,D240~D241,패치 슬롯 0441 | 한글 문자 | 니,니,82 E4,108,89 4D,82 B7,0x05E60 0x05E61,
604,D242~D243,패치 슬롯 0442 | 한글 문자 | 다,다,82 E7,111,89 50,81 42,0x05E62 0x05E63,
605,D244~D245,패치 슬롯 0443 | 문장부호 | 。,。,81 42,,81 42,83 81,0x05E64 0x05E65,
606,D246~D247,패치 슬롯 0444 | 한글 문자 | 메,메,88 DA,213,89 B7,83 4B,0x05E66 0x05E67,
607,D248~D249,패치 슬롯 0445 | 한글 문자 | 가,가,82 9F,1,88 9F,83 58,0x05E68 0x05E69,
608,D24A~D24B,패치 슬롯 0446 | 한글 문자 | 스,스,89 56,293,8A 4A,82 CC,0x05E6A 0x05E6B,
609,D24C~D24D,패치 슬롯 0447 | 한글 문자 | 의,의,89 8C,379,8A A1,88 AB,0x05E6C 0x05E6D,
610,D24E~D24F,패치 슬롯 0448 | 전각 공백 | ␠,␠,81 40,,81 40,8A E9,0x05E6E 0x05E6F,
611,D250~D251,패치 슬롯 0449 | 한글 문자 | 계,계,82 B0,28,88 BA,82 DD,0x05E70 0x05E71,
612,D252~D253,패치 슬롯 0450 | 한글 문자 | 략,략,8A 43,169,89 8B,82 C9,0x05E72 0x05E73,
613,D254~D255,패치 슬롯 0451 | 한글 문자 | 에,에,89 70,333,8A 72,8F E6,0x05E74 0x05E75,
614,D256~D257,패치 슬롯 0452 | 전각 공백 | ␠,␠,81 40,,81 40,82 C1,0x05E76 0x05E77,
615,D258~D259,패치 슬롯 0453 | 한글 문자 | 넘,넘,8A 40,88,88 F6,82 C4,0x05E78 0x05E79,
616,D25A~D25B,패치 슬롯 0454 | 한글 문자 | 어,어,89 6C,325,8A 6A,82 CD,0x05E7A 0x05E7B,
617,D25C~D25D,패치 슬롯 0455 | 한글 문자 | 가,가,82 9F,1,88 9F,82 C8,0x05E7C 0x05E7D,
618,D25E~D25F,패치 슬롯 0456 | 한글 문자 | 서,서,89 49,272,89 F2,82 E8,0x05E7E 0x05E7F,
619,D260~D261,패치 슬롯 0457 | 한글 문자 | 는,는,82 E3,106,89 4B,82 DC,0x05E80 0x05E81,
620,D262~D263,패치 슬롯 0458 | 전각 공백 | ␠,␠,81 40,,81 40,82 B9,0x05E82 0x05E83,
621,D264~D265,패치 슬롯 0459 | 한글 문자 | 안,안,89 62,311,8A 5C,82 F1,0x05E84 0x05E85,
622,D266~D267,패치 슬롯 0460 | 전각 공백 | ␠,␠,81 40,,81 40,81 42,0x05E86 0x05E87,
623,D268~D269,패치 슬롯 0461 | 한글 문자 | 됩,됩,8A 42,134,89 67,61 16,0x05E88 0x05E89,
624,D26A~D26B,패치 슬롯 0462 | 한글 문자 | 니,니,82 E4,108,89 4D,7E D3,0x05E8A 0x05E8B,
625,D26C~D26D,패치 슬롯 0463 | 한글 문자 | 다,다,82 E7,111,89 50,43 83,0x05E8C 0x05E8D,
626,D26E~D26F,패치 슬롯 0464 | 문장부호 | 。,。,81 42,,81 42,94 83,0x05E8E 0x05E8F,
627,D270,기존 확인 61~70h 계열 / CAA8[0] 작업슬롯 비활성화,,61,,61,40,0x05E90,
628,D271~D273,기존 확인 16h 계열 / 서브스트림 호출·전환 → D37E,,16 7E D3,,16 7E D3,83 8A 83,0x05E91 0x05E92 0x05E93,
629,D37E~D383,기존 확인 05h 계열 / 영역·좌표 상태 설정·전개,,05 04 86 4C 9E 00,,,,,no raw formula documented for this control row
630,D384,기존 확인 17h 계열 / 서브스트림 복귀,,17,,,,,no raw formula documented for this control row
631,D274,기존 확인 41~50h 계열 / CAA8[2] 슬롯 실행,,43,,43,41,0x05E94,
632,D275~D276,패치 슬롯 0465 | 한글 문자 | 현,현,89 EC,537,8B 83,97 6C,0x05E95 0x05E96,
633,D277~D278,패치 슬롯 0466 | 한글 문자 | 재,재,89 9A,398,8A B4,81 41,0x05E97 0x05E98,
634,D279~D27A,패치 슬롯 0467 | 전각 공백 | ␠,␠,81 40,,81 40,82 BD,0x05E99 0x05E9A,
635,D27B~D27C,패치 슬롯 0468 | 한글 문자 | 베,베,88 F2,247,89 D9,82 BE,0x05E9B 0x05E9C,
636,D27D~D27E,패치 슬롯 0469 | 한글 문자 | 칸,칸,89 C2,466,8A F8,8D A1,0x05E9D 0x05E9E,
637,D27F~D280,패치 슬롯 0470 | 한글 문자 | 타,타,89 CA,479,8B 48,81 41,0x05E9F 0x05EA0,
638,D281~D282,패치 슬롯 0471 | 한글 문자 | 포,포,89 DC,508,8B 65,83 94,0x05EA1 0x05EA2,
639,D283~D284,패치 슬롯 0472 | 한글 문자 | 에,에,89 70,333,8A 72,83 46,0x05EA3 0x05EA4,
640,D285~D286,패치 슬롯 0473 | 전각 공백 | ␠,␠,81 40,,81 40,83 4A,0x05EA5 0x05EA6,
641,D287~D288,패치 슬롯 0474 | 한글 문자 | 대,대,82 EC,118,89 57,83 93,0x05EA7 0x05EA8,
642,D289~D28A,패치 슬롯 0475 | 한글 문자 | 한,한,89 E4,523,8B 74,83 5E,0x05EA9 0x05EAA,
643,D28B~D28C,패치 슬롯 0476 | 전각 공백 | ␠,␠,81 40,,81 40,96 43,0x05EAB 0x05EAC,
644,D28D~D28E,패치 슬롯 0477 | 한글 문자 | 방,방,88 EE,240,89 D2,82 F0,0x05EAD 0x05EAE,
645,D28F~D290,패치 슬롯 0478 | 한글 문자 | 어,어,89 6C,325,8A 6A,96 68,0x05EAF 0x05EB0,
646,D291~D292,패치 슬롯 0479 | 전각 공백 | ␠,␠,81 40,,81 40,8C E4,0x05EB1 0x05EB2,
647,D293~D294,패치 슬롯 0480 | 한글 문자 | 시,시,89 5A,298,8A 4F,82 B7,0x05EB3 0x05EB4,
648,D295~D296,패치 슬롯 0481 | 한글 문자 | 스,스,89 56,293,8A 4A,82 E9,0x05EB5 0x05EB6,
649,D297~D298,패치 슬롯 0482 | 한글 문자 | 템,템,8A 52,491,8B 54,83 56,0x05EB7 0x05EB8,
650,D299~D29A,패치 슬롯 0483 | 한글 문자 | 의,의,89 8C,379,8A A1,83 58,0x05EB9 0x05EBA,
651,D29B~D29C,패치 슬롯 0484 | 전각 공백 | ␠,␠,81 40,,81 40,83 65,0x05EBB 0x05EBC,
652,D29D~D29E,패치 슬롯 0485 | 한글 문자 | 마,마,88 D1,200,89 AA,83 80,0x05EBD 0x05EBE,
653,D29F~D2A0,패치 슬롯 0486 | 한글 문자 | 지,지,89 B3,430,8A D4,82 F0,0x05EBF 0x05EC0,
654,D2A1~D2A2,패치 슬롯 0487 | 한글 문자 | 막,막,8A 44,201,89 AB,8E 8E,0x05EC1 0x05EC2,
655,D2A3~D2A4,패치 슬롯 0488 | 전각 공백 | ␠,␠,81 40,,81 40,93 AE,0x05EC3 0x05EC4,
656,D2A5~D2A6,패치 슬롯 0489 | 한글 문자 | 미,미,88 E7,231,89 C9,82 B3,0x05EC5 0x05EC6,
657,D2A7~D2A8,패치 슬롯 0490 | 한글 문자 | 세,세,89 4E,278,89 F8,82 B9,0x05EC7 0x05EC8,
658,D2A9~D2AA,패치 슬롯 0491 | 전각 공백 | ␠,␠,81 40,,81 40,81 41,0x05EC9 0x05ECA,
659,D2AB~D2AC,패치 슬롯 0492 | 한글 문자 | 조,조,89 A3,409,8A BF,8D C5,0x05ECB 0x05ECC,
660,D2AD~D2AE,패치 슬롯 0493 | 한글 문자 | 정,정,89 A0,404,8A BA,8F 49,0x05ECD 0x05ECE,
661,D2AF~D2B0,패치 슬롯 0494 | 한글 문자 | 을,을,89 8A,376,8A 9E,92 69,0x05ECF 0x05ED0,
662,D2B1~D2B2,패치 슬롯 0495 | 전각 공백 | ␠,␠,81 40,,81 40,8A 4B,0x05ED1 0x05ED2,
663,D2B3~D2B4,패치 슬롯 0496 | 한글 문자 | 진,진,89 B4,432,8A D6,82 CC,0x05ED3 0x05ED4,
664,D2B5~D2B6,패치 슬롯 0497 | 한글 문자 | 행,행,8A 54,530,8B 7B,94 F7,0x05ED5 0x05ED6,
665,D2B7~D2B8,패치 슬롯 0498 | 전각 공백 | ␠,␠,81 40,,81 40,92 B2,0x05ED7 0x05ED8,
666,D2B9~D2BA,패치 슬롯 0499 | 한글 문자 | 중,중,89 AE,422,8A CC,90 AE,0x05ED9 0x05EDA,
667,D2BB~D2BC,패치 슬롯 0500 | 한글 문자 | 이,이,89 8D,380,8A A2,82 F0,0x05EDB 0x05EDC,
668,D2BD~D2BE,패치 슬롯 0501 | 한글 문자 | 니,니,82 E4,108,89 4D,8D 73,0x05EDD 0x05EDE,
669,D2BF~D2C0,패치 슬롯 0502 | 문장부호 | 、,、,81 41,,81 41,82 C8,0x05EDF 0x05EE0,
670,D2C1~D2C2,패치 슬롯 0503 | 한글 문자 | 조,조,89 A3,409,8A BF,82 C1,0x05EE1 0x05EE2,
671,D2C3~D2C4,패치 슬롯 0504 | 한글 문자 | 금,금,82 BF,53,88 D3,82 C4,0x05EE3 0x05EE4,
672,D2C5~D2C6,패치 슬롯 0505 | 한글 문자 | 만,만,88 D2,202,89 AC,82 A8,0x05EE5 0x05EE6,
673,D2C7~D2C8,패치 슬롯 0506 | 전각 공백 | ␠,␠,81 40,,81 40,82 E8,0x05EE7 0x05EE8,
674,D2C9~D2CA,패치 슬롯 0507 | 한글 문자 | 기,기,82 C1,55,88 D5,82 DC,0x05EE9 0x05EEA,
675,D2CB~D2CC,패치 슬롯 0508 | 한글 문자 | 다,다,82 E7,111,89 50,82 B7,0x05EEB 0x05EEC,
676,D2CD~D2CE,패치 슬롯 0509 | 한글 문자 | 려,려,88 C1,178,89 94,81 42,0x05EED 0x05EEE,
677,D2CF~D2D0,패치 슬롯 0510 | 한글 문자 | 주,주,89 AA,418,8A C8,82 E0,0x05EEF 0x05EF0,
678,D2D1~D2D2,패치 슬롯 0511 | 한글 문자 | 십,십,8A 48,302,8A 53,82 A4,0x05EF1 0x05EF2,
679,D2D3~D2D4,패치 슬롯 0512 | 한글 문자 | 시,시,89 5A,298,8A 4F,82 B5,0x05EF3 0x05EF4,
680,D2D5~D2D6,패치 슬롯 0513 | 한글 문자 | 오,오,89 76,344,8A 7D,82 CE,0x05EF5 0x05EF6,
681,D2D7~D2D8,패치 슬롯 0514 | 문장부호 | 。,。,81 42,,81 42,82 E7,0x05EF7 0x05EF8,
682,D2D9,기존 확인 61~70h 계열 / CAA8[2] 작업슬롯 비활성화,,63,,63,82,0x05EF9,
683,D2DA~D2DC,기존 확인 16h 계열 / 서브스트림 호출·전환 → D37E,,16 7E D3,,16 7E D3,AD 82 A8,0x05EFA 0x05EFB 0x05EFC,
684,D37E~D383,기존 확인 05h 계열 / 영역·좌표 상태 설정·전개,,05 04 86 4C 9E 00,,,,,no raw formula documented for this control row
685,D384,기존 확인 17h 계열 / 서브스트림 복귀,,17,,,,,no raw formula documented for this control row
686,D2DD~D2DE,기존 확인 25h 계열 / CA1D 입 움직임 효과음 인덱스 설정,,25 2E,,25 2E,91 D2,0x05EFD 0x05EFE,
687,D2DF,기존 확인 41~50h 계열 / CAA8[1] 슬롯 실행,,42,,42,82,0x05EFF,
688,D2E0~D2E1,패치 슬롯 0515 | 문장부호 | ・,・,81 45,,81 45,BF 89,0x05F00 0x05F01,
689,D2E2~D2E3,패치 슬롯 0516 | 문장부호 | ・,・,81 45,,81 45,BA 82,0x05F02 0x05F03,
690,D2E4~D2E5,패치 슬롯 0517 | 문장부호 | ・,・,81 45,,81 45,B3 82,0x05F04 0x05F05,
691,D2E6~D2E7,패치 슬롯 0518 | 전각 공백 | ␠,␠,81 40,,81 40,A2 81,0x05F06 0x05F07,
692,D2E8~D2E9,패치 슬롯 0519 | 한글 문자 | 알,알,89 65,314,8A 5F,42 63,0x05F08 0x05F09,
693,D2EA~D2EB,패치 슬롯 0520 | 한글 문자 | 고,고,82 B1,29,88 BB,16 7E,0x05F0A 0x05F0B,
694,D2EC~D2ED,패치 슬롯 0521 | 전각 공백 | ␠,␠,81 40,,81 40,D3 25,0x05F0C 0x05F0D,
695,D2EE~D2EF,패치 슬롯 0522 | 한글 문자 | 있,있,89 92,389,8A AB,2E 42,0x05F0E 0x05F0F,
696,D2F0~D2F1,패치 슬롯 0523 | 한글 문자 | 습,습,89 58,296,8A 4D,81 45,0x05F10 0x05F11,
697,D2F2~D2F3,패치 슬롯 0524 | 한글 문자 | 니,니,82 E4,108,89 4D,81 45,0x05F12 0x05F13,
698,D2F4~D2F5,패치 슬롯 0525 | 한글 문자 | 다,다,82 E7,111,89 50,81 45,0x05F14 0x05F15,
699,D2F6~D2F7,패치 슬롯 0526 | 문장부호 | 。,。,81 42,,81 42,95 AA,0x05F16 0x05F17,
700,D2F8~D2F9,패치 슬롯 0527 | 한글 문자 | 조,조,89 A3,409,8A BF,82 C1,0x05F18 0x05F19,
701,D2FA~D2FB,패치 슬롯 0528 | 한글 문자 | 정,정,89 A0,404,8A BA,82 C4,0x05F1A 0x05F1B,
702,D2FC~D2FD,패치 슬롯 0529 | 한글 문자 | 을,을,89 8A,376,8A 9E,82 A2,0x05F1C 0x05F1D,
703,D2FE~D2FF,패치 슬롯 0530 | 전각 공백 | ␠,␠,81 40,,81 40,82 DC,0x05F1E 0x05F1F,
704,D300~D301,패치 슬롯 0531 | 한글 문자 | 서,서,89 49,272,89 F2,82 B7,0x05F20 0x05F21,
705,D302~D303,패치 슬롯 0532 | 한글 문자 | 둘,둘,88 A6,136,89 69,81 42,0x05F22 0x05F23,
706,D304~D305,패치 슬롯 0533 | 한글 문자 | 러,러,88 BB,170,89 8C,92 B2,0x05F24 0x05F25,
707,D306~D307,패치 슬롯 0534 | 한글 문자 | 주,주,89 AA,418,8A C8,90 AE,0x05F26 0x05F27,
708,D308~D309,패치 슬롯 0535 | 한글 문자 | 세,세,89 4E,278,89 F8,82 F0,0x05F28 0x05F29,
709,D30A~D30B,패치 슬롯 0536 | 한글 문자 | 요,요,89 80,356,8A 8A,8B 7D,0x05F2A 0x05F2B,
710,D30C~D30D,패치 슬롯 0537 | 문장부호 | 。,。,81 42,,81 42,82 A2,0x05F2C 0x05F2D,
711,D30E,기존 확인 61~70h 계열 / CAA8[1] 작업슬롯 비활성화,,62,,62,82,0x05F2E,
712,D30F~D310,기존 확인 25h 계열 / CA1D 입 움직임 효과음 인덱스 설정,,25 2B,,25 2B,C5 89,0x05F2F 0x05F30,
713,D311~D312,기존 확인 1Ah 계열 / CG 전환 제어,,1A 00,,1A 00,BA 82,0x05F31 0x05F32,
714,D313~D314,패치 슬롯 0538 | 한글 문자 | 유,유,89 86,371,8A 99,B3 82,0x05F33 0x05F34,
715,D315~D316,패치 슬롯 0539 | 한글 문자 | 코,코,89 C5,470,8A FC,A2 81,0x05F35 0x05F36,
716,D317~D318,패치 슬롯 0540 | 문장부호 | 、,、,81 41,,81 41,42 62,0x05F37 0x05F38,
717,D319~D31A,패치 슬롯 0541 | 한글 문자 | 힘,힘,89 F8,558,8B 98,25 2B,0x05F39 0x05F3A,
718,D31B~D31C,패치 슬롯 0542 | 한글 문자 | 내,내,82 D3,79,88 ED,1A 00,0x05F3B 0x05F3C,
719,D31D~D31E,패치 슬롯 0543 | 한글 문자 | 세,세,89 4E,278,89 F8,97 44,0x05F3D 0x05F3E,
720,D31F~D320,패치 슬롯 0544 | 한글 문자 | 요,요,89 80,356,8A 8A,8E 71,0x05F3F 0x05F40,
721,D321~D322,패치 슬롯 0545 | 문장부호 | 。,。,81 42,,81 42,81 41,0x05F41 0x05F42,
722,D323~D324,패치 슬롯 0546 | 한글 문자 | 당,당,82 EB,117,89 56,82 AA,0x05F43 0x05F44,
723,D325~D326,패치 슬롯 0547 | 한글 문자 | 신,신,89 5B,299,8A 50,82 F1,0x05F45 0x05F46,
724,D327~D328,패치 슬롯 0548 | 한글 문자 | 이,이,89 8D,380,8A A2,82 CE,0x05F47 0x05F48,
725,D329~D32A,패치 슬롯 0549 | 한글 문자 | 라,라,88 B6,159,89 81,82 C1,0x05F49 0x05F4A,
726,D32B~D32C,패치 슬롯 0550 | 한글 문자 | 면,면,88 DC,215,89 B9,82 C4,0x05F4B 0x05F4C,
727,D32D~D32E,패치 슬롯 0551 | 한글 문자 | 반,반,88 EA,236,89 CE,81 42,0x05F4D 0x05F4E,
728,D32F~D330,패치 슬롯 0552 | 한글 문자 | 드,드,88 A8,140,89 6D,82 A0,0x05F4F 0x05F50,
729,D331~D332,패치 슬롯 0553 | 한글 문자 | 시,시,89 5A,298,8A 4F,82 C8,0x05F51 0x05F52,
730,D333~D334,패치 슬롯 0554 | 전각 공백 | ␠,␠,81 40,,81 40,82 BD,0x05F53 0x05F54,
731,D335~D336,패치 슬롯 0555 | 한글 문자 | 끝,끝,82 CC,72,88 E6,82 C8,0x05F55 0x05F56,
732,D337~D338,패치 슬롯 0556 | 한글 문자 | 까,까,82 C4,60,88 DA,82 E7,0x05F57 0x05F58,
733,D339~D33A,패치 슬롯 0557 | 한글 문자 | 지,지,89 B3,430,8A D4,82 AB,0x05F59 0x05F5A,
734,D33B~D33C,패치 슬롯 0558 | 전각 공백 | ␠,␠,81 40,,81 40,82 C1,0x05F5B 0x05F5C,
735,D33D~D33E,패치 슬롯 0559 | 한글 문자 | 이,이,89 8D,380,8A A2,82 C6,0x05F5D 0x05F5E,
736,D33F~D340,패치 슬롯 0560 | 한글 문자 | 겨,겨,89 F9,21,88 B3,90 ED,0x05F5F 0x05F60,
737,D341~D342,패치 슬롯 0561 | 한글 문자 | 낼,낼,82 D4,80,88 EE,82 A2,0x05F61 0x05F62,
738,D343~D344,패치 슬롯 0562 | 전각 공백 | ␠,␠,81 40,,81 40,94 B2,0x05F63 0x05F64,
739,D345~D346,패치 슬롯 0563 | 한글 문자 | 수,수,89 54,288,8A 45,82 AD,0x05F65 0x05F66,
740,D347~D348,패치 슬롯 0564 | 전각 공백 | ␠,␠,81 40,,81 40,82 B1,0x05F67 0x05F68,
741,D349~D34A,패치 슬롯 0565 | 한글 문자 | 있,있,89 92,389,8A AB,82 C6,0x05F69 0x05F6A,
742,D34B~D34C,패치 슬롯 0566 | 한글 문자 | 을,을,89 8A,376,8A 9E,82 AA,0x05F6B 0x05F6C,
743,D34D~D34E,패치 슬롯 0567 | 전각 공백 | ␠,␠,81 40,,81 40,82 C5,0x05F6D 0x05F6E,
744,D34F~D350,패치 슬롯 0568 | 한글 문자 | 거,거,82 A6,12,88 AA,82 AB,0x05F6F 0x05F70,
745,D351~D352,패치 슬롯 0569 | 한글 문자 | 예,예,8A 49,343,8A 7C,82 E9,0x05F71 0x05F72,
746,D353~D354,패치 슬롯 0570 | 한글 문자 | 요,요,89 80,356,8A 8A,82 CD,0x05F73 0x05F74,
747,D355~D356,패치 슬롯 0571 | 문장부호 | ・,・,81 45,,81 45,82 B8,0x05F75 0x05F76,
748,D357~D358,패치 슬롯 0572 | 문장부호 | ・,・,81 45,,81 45,81 45,0x05F77 0x05F78,
749,D359~D35A,패치 슬롯 0573 | 문장부호 | ・,・,81 45,,81 45,81 45,0x05F79 0x05F7A,
750,D35B~D35C,패치 슬롯 0574 | 문장부호 | 。,。,81 42,,81 42,81 45,0x05F7B 0x05F7C,
751,D35D~D35E,패치 슬롯 0575 | 전각 공백 | ␠,␠,81 40,,81 40,81 42,0x05F7D 0x05F7E,
752,D35F~D360,기존 확인 1Ah 계열 제어토큰,,1A FF,,1A FF,81 40,0x05F7F 0x05F80,
753,D361,기존 확인 26h 계열 / ACT 2 본류 종료,,26,,26,1A,0x05F81,
754,D362,documented zero tail,,00,,00,FF,0x05F82,
754,D363,documented zero tail,,00,,00,26,0x05F83,
