document,document_sha256,table_number,row_number,cells_json
Valis2_DiskC_FINAL_PATCH_RECORD_COMPACT_2026-08-11.docx,c5ab3d52e10c75f810d20f3296fe0bb332ac49c9c6f1c9c698c7358235fa5a80,1,1,"[""완료 상태"", ""Disk C 패치 완료 / 사용자 런타임 정상 확인""]"
Valis2_DiskC_FINAL_PATCH_RECORD_COMPACT_2026-08-11.docx,c5ab3d52e10c75f810d20f3296fe0bb332ac49c9c6f1c9c698c7358235fa5a80,1,2,"[""원본 D88"", ""Mugen Senshi Valis II (Disk C)(3).d88""]"
Valis2_DiskC_FINAL_PATCH_RECORD_COMPACT_2026-08-11.docx,c5ab3d52e10c75f810d20f3296fe0bb332ac49c9c6f1c9c698c7358235fa5a80,1,3,"[""최종 D88"", ""Mugen_Senshi_Valis_II_Disk_C_KOR_SYSTEM_TEXT_0558_DYNAMIC_SLOT_FIXED_2026-08-11.d88""]"
Valis2_DiskC_FINAL_PATCH_RECORD_COMPACT_2026-08-11.docx,c5ab3d52e10c75f810d20f3296fe0bb332ac49c9c6f1c9c698c7358235fa5a80,1,4,"[""최종 SHA-256"", ""44d83993595af657f0c5f6fcff2af622a83587676776664efdf03ea4fd54ecee""]"
Valis2_DiskC_FINAL_PATCH_RECORD_COMPACT_2026-08-11.docx,c5ab3d52e10c75f810d20f3296fe0bb332ac49c9c6f1c9c698c7358235fa5a80,2,1,"[""ID"", ""raw 범위"", ""원문 B"", ""한글 B"", ""후단 00"", ""최종 한글 문자열""]"
Valis2_DiskC_FINAL_PATCH_RECORD_COMPACT_2026-08-11.docx,c5ab3d52e10c75f810d20f3296fe0bb332ac49c9c6f1c9c698c7358235fa5a80,2,2,"[""C1-1"", ""0x0A80~0x0AB4"", ""53"", ""53"", ""0"", ""＊ＤＩＳＫ␠ＥＲＲＯＲ＊[0D][0D]ＤＩＳＫ␠Ａ를␠확인하고、[00]""]"
Valis2_DiskC_FINAL_PATCH_RECORD_COMPACT_2026-08-11.docx,c5ab3d52e10c75f810d20f3296fe0bb332ac49c9c6f1c9c698c7358235fa5a80,2,3,"[""C1-2"", ""0x0AB5~0x0ADE"", ""42"", ""40"", ""2"", ""ＤＩＳＫ␠Ａ를␠ＤＲＩＶＥ␠１[0D]에␠넣고[00]""]"
Valis2_DiskC_FINAL_PATCH_RECORD_COMPACT_2026-08-11.docx,c5ab3d52e10c75f810d20f3296fe0bb332ac49c9c6f1c9c698c7358235fa5a80,2,4,"[""C1-3"", ""0x0ADF~0x0B04"", ""38"", ""36"", ""2"", ""ＲＥＴＵＲＮ␠ＫＥＹ를[0D]눌러주세요。[00]""]"
Valis2_DiskC_FINAL_PATCH_RECORD_COMPACT_2026-08-11.docx,c5ab3d52e10c75f810d20f3296fe0bb332ac49c9c6f1c9c698c7358235fa5a80,2,5,"[""C2-1"", ""0x144A~0x146A"", ""33"", ""33"", ""0"", ""이␠디스크는␠부팅되지␠않습니다[00]""]"
Valis2_DiskC_FINAL_PATCH_RECORD_COMPACT_2026-08-11.docx,c5ab3d52e10c75f810d20f3296fe0bb332ac49c9c6f1c9c698c7358235fa5a80,2,6,"[""C2-2"", ""0x146B~0x14B6"", ""76"", ""58"", ""18"", ""저장데이타␠수정[0D]Ｉ：무적[0D]Ｖ：비주얼␠스킵[0D]Ｇ：게임␠스킵[00]""]"
Valis2_DiskC_FINAL_PATCH_RECORD_COMPACT_2026-08-11.docx,c5ab3d52e10c75f810d20f3296fe0bb332ac49c9c6f1c9c698c7358235fa5a80,2,7,"[""C2-3"", ""0x14B7~0x14DB"", ""37"", ""29"", ""8"", ""리셋␠후␠불러오기를␠하세요[00]""]"
Valis2_DiskC_FINAL_PATCH_RECORD_COMPACT_2026-08-11.docx,c5ab3d52e10c75f810d20f3296fe0bb332ac49c9c6f1c9c698c7358235fa5a80,3,1,"[""항목"", ""원본"", ""패치 후"", ""처리""]"
Valis2_DiskC_FINAL_PATCH_RECORD_COMPACT_2026-08-11.docx,c5ab3d52e10c75f810d20f3296fe0bb332ac49c9c6f1c9c698c7358235fa5a80,3,2,"[""동적 숫자 슬롯 RAM"", ""06A4"", ""06A2"", ""2바이트 전진""]"
Valis2_DiskC_FINAL_PATCH_RECORD_COMPACT_2026-08-11.docx,c5ab3d52e10c75f810d20f3296fe0bb332ac49c9c6f1c9c698c7358235fa5a80,3,3,"[""동적 숫자 슬롯 D88 raw"", ""0x0AD4"", ""0x0AD2"", ""2바이트 전진""]"
Valis2_DiskC_FINAL_PATCH_RECORD_COMPACT_2026-08-11.docx,c5ab3d52e10c75f810d20f3296fe0bb332ac49c9c6f1c9c698c7358235fa5a80,3,4,"[""store 명령 raw 0x0A6A"", ""32 A4 06"", ""32 A2 06"", ""LD (06A4),A → LD (06A2),A""]"
Valis2_DiskC_FINAL_PATCH_RECORD_COMPACT_2026-08-11.docx,c5ab3d52e10c75f810d20f3296fe0bb332ac49c9c6f1c9c698c7358235fa5a80,3,5,"[""C1-1 동적 DRIVE 문자"", ""0675"", ""0675"", ""위치 변화 없음""]"
Valis2_DiskC_FINAL_PATCH_RECORD_COMPACT_2026-08-11.docx,c5ab3d52e10c75f810d20f3296fe0bb332ac49c9c6f1c9c698c7358235fa5a80,3,6,"[""C1-2 동적 DRIVE 문자"", ""0690"", ""0690"", ""위치 변화 없음""]"
Valis2_DiskC_FINAL_PATCH_RECORD_COMPACT_2026-08-11.docx,c5ab3d52e10c75f810d20f3296fe0bb332ac49c9c6f1c9c698c7358235fa5a80,4,1,"[""순번"", ""음절"", ""토큰"", ""JIS"", ""KANJI 접근"", ""ROM 슬롯""]"
Valis2_DiskC_FINAL_PATCH_RECORD_COMPACT_2026-08-11.docx,c5ab3d52e10c75f810d20f3296fe0bb332ac49c9c6f1c9c698c7358235fa5a80,4,2,"[""556"", ""팅"", ""E8 7B"", ""6F5C"", ""9FC0"", ""0x13F80~0x13F9F""]"
Valis2_DiskC_FINAL_PATCH_RECORD_COMPACT_2026-08-11.docx,c5ab3d52e10c75f810d20f3296fe0bb332ac49c9c6f1c9c698c7358235fa5a80,4,3,"[""557"", ""킵"", ""E8 7C"", ""6F5D"", ""9FD0"", ""0x13FA0~0x13FBF""]"
Valis2_DiskC_FINAL_PATCH_RECORD_COMPACT_2026-08-11.docx,c5ab3d52e10c75f810d20f3296fe0bb332ac49c9c6f1c9c698c7358235fa5a80,4,4,"[""558"", ""셋"", ""E8 7D"", ""6F5E"", ""9FE0"", ""0x13FC0~0x13FDF""]"
Valis2_DiskC_FINAL_PATCH_RECORD_COMPACT_2026-08-11.docx,c5ab3d52e10c75f810d20f3296fe0bb332ac49c9c6f1c9c698c7358235fa5a80,5,1,"[""패치 항목"", ""적용 내용""]"
Valis2_DiskC_FINAL_PATCH_RECORD_COMPACT_2026-08-11.docx,c5ab3d52e10c75f810d20f3296fe0bb332ac49c9c6f1c9c698c7358235fa5a80,5,2,"[""C1-1"", ""0x0A80~0x0AB4 전체 사용. 번역 53B로 원문 범위와 동일.""]"
Valis2_DiskC_FINAL_PATCH_RECORD_COMPACT_2026-08-11.docx,c5ab3d52e10c75f810d20f3296fe0bb332ac49c9c6f1c9c698c7358235fa5a80,5,3,"[""C1-2"", ""0x0AB5부터 40B 기록 후 남은 2B를 00 초기화. 동적 숫자 슬롯 06A4→06A2 및 store 주소 수정.""]"
Valis2_DiskC_FINAL_PATCH_RECORD_COMPACT_2026-08-11.docx,c5ab3d52e10c75f810d20f3296fe0bb332ac49c9c6f1c9c698c7358235fa5a80,5,4,"[""C1-3"", ""0x0ADF부터 36B 기록 후 남은 2B를 00 초기화.""]"
Valis2_DiskC_FINAL_PATCH_RECORD_COMPACT_2026-08-11.docx,c5ab3d52e10c75f810d20f3296fe0bb332ac49c9c6f1c9c698c7358235fa5a80,5,5,"[""C2-1"", ""0x144A~0x146A 전체 사용. 번역 33B로 원문 범위와 동일.""]"
Valis2_DiskC_FINAL_PATCH_RECORD_COMPACT_2026-08-11.docx,c5ab3d52e10c75f810d20f3296fe0bb332ac49c9c6f1c9c698c7358235fa5a80,5,6,"[""C2-2"", ""0x146B부터 58B 기록 후 남은 18B를 00 초기화.""]"
Valis2_DiskC_FINAL_PATCH_RECORD_COMPACT_2026-08-11.docx,c5ab3d52e10c75f810d20f3296fe0bb332ac49c9c6f1c9c698c7358235fa5a80,5,7,"[""C2-3"", ""0x14B7부터 29B 기록 후 남은 8B를 00 초기화.""]"
Valis2_DiskC_FINAL_PATCH_RECORD_COMPACT_2026-08-11.docx,c5ab3d52e10c75f810d20f3296fe0bb332ac49c9c6f1c9c698c7358235fa5a80,6,1,"[""구분"", ""값""]"
Valis2_DiskC_FINAL_PATCH_RECORD_COMPACT_2026-08-11.docx,c5ab3d52e10c75f810d20f3296fe0bb332ac49c9c6f1c9c698c7358235fa5a80,6,2,"[""원본 Disk C SHA-256"", ""396f79df59d3263b801126943d03f0c63b232a52a6256a0994254d83031fabda""]"
Valis2_DiskC_FINAL_PATCH_RECORD_COMPACT_2026-08-11.docx,c5ab3d52e10c75f810d20f3296fe0bb332ac49c9c6f1c9c698c7358235fa5a80,6,3,"[""최종 패치 D88 SHA-256"", ""44d83993595af657f0c5f6fcff2af622a83587676776664efdf03ea4fd54ecee""]"
Valis2_DiskC_FINAL_PATCH_RECORD_COMPACT_2026-08-11.docx,c5ab3d52e10c75f810d20f3296fe0bb332ac49c9c6f1c9c698c7358235fa5a80,6,4,"[""정적 검증"", ""문자열 길이/후단 00/동적 슬롯 수정/섹터 헤더 비변경 확인""]"
Valis2_DiskC_FINAL_PATCH_RECORD_COMPACT_2026-08-11.docx,c5ab3d52e10c75f810d20f3296fe0bb332ac49c9c6f1c9c698c7358235fa5a80,6,5,"[""런타임 검증"", ""사용자 에뮬레이터 테스트에서 정상 패치 확인""]"
Valis2_DiskC_FINAL_PATCH_RECORD_COMPACT_2026-08-11.docx,c5ab3d52e10c75f810d20f3296fe0bb332ac49c9c6f1c9c698c7358235fa5a80,6,6,"[""최종 상태"", ""Disk C 패치 완료""]"
