source_table,source_row,ram_structure,source_text,control_structure,target_text,raw_patch_offset,old_hex,new_hex,status,source_file,evidence_detail
music_titles,1,C7FC=01 [작곡자]C7FD~C808 [제목]C809=00 [종료],光の中の麗子,앞 01: 작곡자 인덱스본문 0D: 없음뒤 00: 종료토큰,빛속의␠레이코,,,,direct_translation_and_runtime_success_recorded; exact per-row bytes absent,Music/Valis2_MusicMode_Analysis_2026-08-10_DISK_WARNING_PATCH_RUNTIME_SUCCESS.docx,"Direct table 7: title row; final text rebuild is stated in document, but per-row target byte sequence and per-record raw offsets are not printed."
music_titles,2,C80A=01 [작곡자]C80B~C824 [제목]C825=00 [종료],Ｖｉｒｇｉｎ␠Ｃｒｉｓｉｓ,앞 01: 작곡자 인덱스본문 0D: 없음뒤 00: 종료토큰,Ｖｉｒｇｉｎ␠Ｃｒｉｓｉｓ,,,,direct_translation_and_runtime_success_recorded; exact per-row bytes absent,Music/Valis2_MusicMode_Analysis_2026-08-10_DISK_WARNING_PATCH_RUNTIME_SUCCESS.docx,"Direct table 7: title row; final text rebuild is stated in document, but per-row target byte sequence and per-record raw offsets are not printed."
music_titles,3,C826=00 [작곡자]C827~C846 [제목]C847=00 [종료],ＳＡＣＲＥＤ␠ＳＡＣＲＩＦＩＣＥ,앞 00: 작곡자 인덱스본문 0D: 없음뒤 00: 종료토큰,ＳＡＣＲＥＤ␠ＳＡＣＲＩＦＩＣＥ,,,,direct_translation_and_runtime_success_recorded; exact per-row bytes absent,Music/Valis2_MusicMode_Analysis_2026-08-10_DISK_WARNING_PATCH_RUNTIME_SUCCESS.docx,"Direct table 7: title row; final text rebuild is stated in document, but per-row target byte sequence and per-record raw offsets are not printed."
music_titles,4,C848=01 [작곡자]C849~C85C [제목]C85D=00 [종료],パールモントＷｉｎｋ,앞 01: 작곡자 인덱스본문 0D: 없음뒤 00: 종료토큰,펄몬트␠윙크,,,,direct_translation_and_runtime_success_recorded; exact per-row bytes absent,Music/Valis2_MusicMode_Analysis_2026-08-10_DISK_WARNING_PATCH_RUNTIME_SUCCESS.docx,"Direct table 7: title row; final text rebuild is stated in document, but per-row target byte sequence and per-record raw offsets are not printed."
music_titles,5,C85E=00 [작곡자]C85F~C872 [제목]C873=00 [종료],ＰＩＮＣＨ␠ＺＯＮＥ,앞 00: 작곡자 인덱스본문 0D: 없음뒤 00: 종료토큰,ＰＩＮＣＨ␠ＺＯＮＥ,,,,direct_translation_and_runtime_success_recorded; exact per-row bytes absent,Music/Valis2_MusicMode_Analysis_2026-08-10_DISK_WARNING_PATCH_RUNTIME_SUCCESS.docx,"Direct table 7: title row; final text rebuild is stated in document, but per-row target byte sequence and per-record raw offsets are not printed."
music_titles,6,C874=01 [작곡자]C875~C88C [제목]C88D=00 [종료],Ｙｕｋｏ␠Ｍｙ␠Ｌｏｖｅ,앞 01: 작곡자 인덱스본문 0D: 없음뒤 00: 종료토큰,Ｙｕｋｏ␠Ｍｙ␠Ｌｏｖｅ,,,,direct_translation_and_runtime_success_recorded; exact per-row bytes absent,Music/Valis2_MusicMode_Analysis_2026-08-10_DISK_WARNING_PATCH_RUNTIME_SUCCESS.docx,"Direct table 7: title row; final text rebuild is stated in document, but per-row target byte sequence and per-record raw offsets are not printed."
music_titles,7,C88E=00 [작곡자]C88F~C898 [제목]C899=00 [종료],呪いの巡礼,앞 00: 작곡자 인덱스본문 0D: 없음뒤 00: 종료토큰,저주의␠순례,,,,direct_translation_and_runtime_success_recorded; exact per-row bytes absent,Music/Valis2_MusicMode_Analysis_2026-08-10_DISK_WARNING_PATCH_RUNTIME_SUCCESS.docx,"Direct table 7: title row; final text rebuild is stated in document, but per-row target byte sequence and per-record raw offsets are not printed."
music_titles,8,C89A=00 [작곡자]C89B~C8B6 [제목]C8B7=00 [종료],ＥＮＤＬＥＳＳ␠ＢＡＴＴＬＥ,앞 00: 작곡자 인덱스본문 0D: 없음뒤 00: 종료토큰,ＥＮＤＬＥＳＳ␠ＢＡＴＴＬＥ,,,,direct_translation_and_runtime_success_recorded; exact per-row bytes absent,Music/Valis2_MusicMode_Analysis_2026-08-10_DISK_WARNING_PATCH_RUNTIME_SUCCESS.docx,"Direct table 7: title row; final text rebuild is stated in document, but per-row target byte sequence and per-record raw offsets are not printed."
music_titles,9,C8B8=00 [작곡자]C8B9~C8C4 [제목]C8C5=00 [종료],Ｐａｖａｎｅ,앞 00: 작곡자 인덱스본문 0D: 없음뒤 00: 종료토큰,파반느,,,,direct_translation_and_runtime_success_recorded; exact per-row bytes absent,Music/Valis2_MusicMode_Analysis_2026-08-10_DISK_WARNING_PATCH_RUNTIME_SUCCESS.docx,"Direct table 7: title row; final text rebuild is stated in document, but per-row target byte sequence and per-record raw offsets are not printed."
music_titles,10,C8C6=01 [작곡자]C8C7~C8D0 [제목]C8D1=00 [종료],ＶＡＬＩＡ,앞 01: 작곡자 인덱스본문 0D: 없음뒤 00: 종료토큰,바리아,,,,direct_translation_and_runtime_success_recorded; exact per-row bytes absent,Music/Valis2_MusicMode_Analysis_2026-08-10_DISK_WARNING_PATCH_RUNTIME_SUCCESS.docx,"Direct table 7: title row; final text rebuild is stated in document, but per-row target byte sequence and per-record raw offsets are not printed."
music_titles,11,C8D2=01 [작곡자]C8D3~C8DE [제목]C8DF=00 [종료],ＶＡＮＩＴＹ,앞 01: 작곡자 인덱스본문 0D: 없음뒤 00: 종료토큰,바니티,,,,direct_translation_and_runtime_success_recorded; exact per-row bytes absent,Music/Valis2_MusicMode_Analysis_2026-08-10_DISK_WARNING_PATCH_RUNTIME_SUCCESS.docx,"Direct table 7: title row; final text rebuild is stated in document, but per-row target byte sequence and per-record raw offsets are not printed."
music_titles,12,C8E0=00 [작곡자]C8E1~C8F4 [제목]C8F5=00 [종료],ＶＡＣＡＮＴＹ．Ｔ１,앞 00: 작곡자 인덱스본문 0D: 없음뒤 00: 종료토큰,ＶＡＣＡＮＴＹ．Ｔ１,,,,direct_translation_and_runtime_success_recorded; exact per-row bytes absent,Music/Valis2_MusicMode_Analysis_2026-08-10_DISK_WARNING_PATCH_RUNTIME_SUCCESS.docx,"Direct table 7: title row; final text rebuild is stated in document, but per-row target byte sequence and per-record raw offsets are not printed."
music_titles,13,C8F6=00 [작곡자]C8F7~C90A [제목]C90B=00 [종료],ＶＡＣＡＮＴＹ．Ｔ２,앞 00: 작곡자 인덱스본문 0D: 없음뒤 00: 종료토큰,ＶＡＣＡＮＴＹ．Ｔ２,,,,direct_translation_and_runtime_success_recorded; exact per-row bytes absent,Music/Valis2_MusicMode_Analysis_2026-08-10_DISK_WARNING_PATCH_RUNTIME_SUCCESS.docx,"Direct table 7: title row; final text rebuild is stated in document, but per-row target byte sequence and per-record raw offsets are not printed."
music_titles,14,C90C=00 [작곡자]C90D~C920 [제목]C921=00 [종료],ＶＡＣＡＮＴＹ．Ｔ３,앞 00: 작곡자 인덱스본문 0D: 없음뒤 00: 종료토큰,ＶＡＣＡＮＴＹ．Ｔ３,,,,direct_translation_and_runtime_success_recorded; exact per-row bytes absent,Music/Valis2_MusicMode_Analysis_2026-08-10_DISK_WARNING_PATCH_RUNTIME_SUCCESS.docx,"Direct table 7: title row; final text rebuild is stated in document, but per-row target byte sequence and per-record raw offsets are not printed."
music_titles,15,C922=00 [작곡자]C923~C936 [제목]C937=00 [종료],ＶＡＣＡＮＴＹ．Ｔ４,앞 00: 작곡자 인덱스본문 0D: 없음뒤 00: 종료토큰,ＶＡＣＡＮＴＹ．Ｔ４,,,,direct_translation_and_runtime_success_recorded; exact per-row bytes absent,Music/Valis2_MusicMode_Analysis_2026-08-10_DISK_WARNING_PATCH_RUNTIME_SUCCESS.docx,"Direct table 7: title row; final text rebuild is stated in document, but per-row target byte sequence and per-record raw offsets are not printed."
music_titles,16,C938=00 [작곡자]C939~C94C [제목]C94D=00 [종료],ＶＡＣＡＮＴＹ．Ｔ５,앞 00: 작곡자 인덱스본문 0D: 없음뒤 00: 종료토큰,ＶＡＣＡＮＴＹ．Ｔ５,,,,direct_translation_and_runtime_success_recorded; exact per-row bytes absent,Music/Valis2_MusicMode_Analysis_2026-08-10_DISK_WARNING_PATCH_RUNTIME_SUCCESS.docx,"Direct table 7: title row; final text rebuild is stated in document, but per-row target byte sequence and per-record raw offsets are not printed."
music_titles,17,C94E=00 [작곡자]C94F~C962 [제목]C963=00 [종료],ＶＡＣＡＮＴＹ．Ｔ６,앞 00: 작곡자 인덱스본문 0D: 없음뒤 00: 종료토큰,ＶＡＣＡＮＴＹ．Ｔ６,,,,direct_translation_and_runtime_success_recorded; exact per-row bytes absent,Music/Valis2_MusicMode_Analysis_2026-08-10_DISK_WARNING_PATCH_RUNTIME_SUCCESS.docx,"Direct table 7: title row; final text rebuild is stated in document, but per-row target byte sequence and per-record raw offsets are not printed."
music_titles,18,C964=00 [작곡자]C965~C974 [제목]C975=00 [종료],Ｙｕｕｋｏ．．．,앞 00: 작곡자 인덱스본문 0D: 없음뒤 00: 종료토큰,유코．．．,,,,direct_translation_and_runtime_success_recorded; exact per-row bytes absent,Music/Valis2_MusicMode_Analysis_2026-08-10_DISK_WARNING_PATCH_RUNTIME_SUCCESS.docx,"Direct table 7: title row; final text rebuild is stated in document, but per-row target byte sequence and per-record raw offsets are not printed."
music_titles,19,C976=02 [작곡자]C977~C99C [제목]C99D=00 [종료],Ｓｅｎｔｉｍｅｎｔａｌ␠Ｓｏｌｄｉｅｒ,앞 02: 작곡자 인덱스본문 0D: 없음뒤 00: 종료토큰,Ｓｅｎｔｉｍｅｎｔａｌ␠Ｓｏｌｄｉｅｒ,,,,direct_translation_and_runtime_success_recorded; exact per-row bytes absent,Music/Valis2_MusicMode_Analysis_2026-08-10_DISK_WARNING_PATCH_RUNTIME_SUCCESS.docx,"Direct table 7: title row; final text rebuild is stated in document, but per-row target byte sequence and per-record raw offsets are not printed."
music_titles,20,C99E=00 [작곡자]C99F~C9B2 [제목]C9B3=00 [종료],Ｐｒｅｄｉｃｔｉｏｎ,앞 00: 작곡자 인덱스본문 0D: 없음뒤 00: 종료토큰,Ｐｒｅｄｉｃｔｉｏｎ,,,,direct_translation_and_runtime_success_recorded; exact per-row bytes absent,Music/Valis2_MusicMode_Analysis_2026-08-10_DISK_WARNING_PATCH_RUNTIME_SUCCESS.docx,"Direct table 7: title row; final text rebuild is stated in document, but per-row target byte sequence and per-record raw offsets are not printed."
music_titles,21,C9B4=00 [작곡자]C9B5~C9C6 [제목]C9C7=00 [종료],Ｍｉｒａｇｅの星座,앞 00: 작곡자 인덱스본문 0D: 없음뒤 00: 종료토큰,Ｍｉｒａｇｅ의␠성좌,,,,direct_translation_and_runtime_success_recorded; exact per-row bytes absent,Music/Valis2_MusicMode_Analysis_2026-08-10_DISK_WARNING_PATCH_RUNTIME_SUCCESS.docx,"Direct table 7: title row; final text rebuild is stated in document, but per-row target byte sequence and per-record raw offsets are not printed."
music_titles,22,C9C8=01 [작곡자]C9C9~C9F4 [제목]C9F5=00 [종료],Ｒｏｃｋ’ｎ␠Ｒｏｌｌ␠ＣＩＮＤＥＲＥＬＬＡ,앞 01: 작곡자 인덱스본문 0D: 없음뒤 00: 종료토큰,Ｒｏｃｋ’ｎ␠Ｒｏｌｌ␠ＣＩＮＤＥＲＥＬＬＡ,,,,direct_translation_and_runtime_success_recorded; exact per-row bytes absent,Music/Valis2_MusicMode_Analysis_2026-08-10_DISK_WARNING_PATCH_RUNTIME_SUCCESS.docx,"Direct table 7: title row; final text rebuild is stated in document, but per-row target byte sequence and per-record raw offsets are not printed."
music_titles,23,C9F6=00 [작곡자]C9F7~CA1C [제목]CA1D=00 [종료],悲しみのＷｈｉｔｅＤａｙ．．．優子より,앞 00: 작곡자 인덱스본문 0D: 없음뒤 00: 종료토큰,슬픔의␠화이트데이．．．␠유코␠올림,,,,direct_translation_and_runtime_success_recorded; exact per-row bytes absent,Music/Valis2_MusicMode_Analysis_2026-08-10_DISK_WARNING_PATCH_RUNTIME_SUCCESS.docx,"Direct table 7: title row; final text rebuild is stated in document, but per-row target byte sequence and per-record raw offsets are not printed."
music_titles,24,CA1E=01 [작곡자]CA1F~CA46 [제목]CA47=00 [종료],Ｗｈｉｔｅ␠Ｍｅｓｓａｇｅ～麗子のテーマ,앞 01: 작곡자 인덱스본문 0D: 없음뒤 00: 종료토큰,Ｗｈｉｔｅ␠Ｍｅｓｓａｇｅ～레이코␠테마,,,,direct_translation_and_runtime_success_recorded; exact per-row bytes absent,Music/Valis2_MusicMode_Analysis_2026-08-10_DISK_WARNING_PATCH_RUNTIME_SUCCESS.docx,"Direct table 7: title row; final text rebuild is stated in document, but per-row target byte sequence and per-record raw offsets are not printed."
music_titles,25,CA48=01 [작곡자]CA49~CA6C [제목]CA6D=00 [종료],Ｗｈｉｔｅ␠Ｍｅｓｓａｇｅ～麗子の愛,앞 01: 작곡자 인덱스본문 0D: 없음뒤 00: 종료토큰,Ｗｈｉｔｅ␠Ｍｅｓｓａｇｅ～레이코의␠사랑,,,,direct_translation_and_runtime_success_recorded; exact per-row bytes absent,Music/Valis2_MusicMode_Analysis_2026-08-10_DISK_WARNING_PATCH_RUNTIME_SUCCESS.docx,"Direct table 7: title row; final text rebuild is stated in document, but per-row target byte sequence and per-record raw offsets are not printed."
music_titles,26,CA6E=02 [작곡자]CA6F~CA8A [제목]CA8B=00 [종료],涙の子守唄␠～Ｂｅｆｏｒｅ～,앞 02: 작곡자 인덱스본문 0D: 없음뒤 00: 종료토큰,눈물의␠자장가～Ｂｅｆｏｒｅ～,,,,direct_translation_and_runtime_success_recorded; exact per-row bytes absent,Music/Valis2_MusicMode_Analysis_2026-08-10_DISK_WARNING_PATCH_RUNTIME_SUCCESS.docx,"Direct table 7: title row; final text rebuild is stated in document, but per-row target byte sequence and per-record raw offsets are not printed."
music_titles,27,CA8C=02 [작곡자]CA8D~CAA6 [제목]CAA7=00 [종료],涙の子守唄␠～Ａｆｔｅｒ～,앞 02: 작곡자 인덱스본문 0D: 없음뒤 00: 종료토큰,눈물의␠자장가～Ａｆｔｅｒ～,,,,direct_translation_and_runtime_success_recorded; exact per-row bytes absent,Music/Valis2_MusicMode_Analysis_2026-08-10_DISK_WARNING_PATCH_RUNTIME_SUCCESS.docx,"Direct table 7: title row; final text rebuild is stated in document, but per-row target byte sequence and per-record raw offsets are not printed."
music_titles,28,CAA8=02 [작곡자]CAA9~CAD0 [제목]CAD1=00 [종료],Ａｇａｉｎｓｔ␠Ｂｌａｃｋ␠Ｓｈａｄｏｗ,앞 02: 작곡자 인덱스본문 0D: 없음뒤 00: 종료토큰,Ａｇａｉｎｓｔ␠Ｂｌａｃｋ␠Ｓｈａｄｏｗ,,,,direct_translation_and_runtime_success_recorded; exact per-row bytes absent,Music/Valis2_MusicMode_Analysis_2026-08-10_DISK_WARNING_PATCH_RUNTIME_SUCCESS.docx,"Direct table 7: title row; final text rebuild is stated in document, but per-row target byte sequence and per-record raw offsets are not printed."
music_titles,29,CAD2=02 [작곡자]CAD3~CAF0 [제목]CAF1=00 [종료],Ｔｅａｒｓ␠ｉｎ␠Ｂａｔｔｌｅ,앞 02: 작곡자 인덱스본문 0D: 없음뒤 00: 종료토큰,Ｔｅａｒｓ␠ｉｎ␠Ｂａｔｔｌｅ,,,,direct_translation_and_runtime_success_recorded; exact per-row bytes absent,Music/Valis2_MusicMode_Analysis_2026-08-10_DISK_WARNING_PATCH_RUNTIME_SUCCESS.docx,"Direct table 7: title row; final text rebuild is stated in document, but per-row target byte sequence and per-record raw offsets are not printed."
music_titles,30,CAF2=02 [작곡자]CAF3~CAFA [제목]CAFB=00 [종료],魔の波動,앞 02: 작곡자 인덱스본문 0D: 없음뒤 00: 종료토큰,마의␠파동,,,,direct_translation_and_runtime_success_recorded; exact per-row bytes absent,Music/Valis2_MusicMode_Analysis_2026-08-10_DISK_WARNING_PATCH_RUNTIME_SUCCESS.docx,"Direct table 7: title row; final text rebuild is stated in document, but per-row target byte sequence and per-record raw offsets are not printed."
music_titles,31,CAFC=00 [작곡자]CAFD~CB06 [제목]CB07=00 [종료],ＭＥＧＡＳ,앞 00: 작곡자 인덱스본문 0D: 없음뒤 00: 종료토큰,ＭＥＧＡＳ,,,,direct_translation_and_runtime_success_recorded; exact per-row bytes absent,Music/Valis2_MusicMode_Analysis_2026-08-10_DISK_WARNING_PATCH_RUNTIME_SUCCESS.docx,"Direct table 7: title row; final text rebuild is stated in document, but per-row target byte sequence and per-record raw offsets are not printed."
music_titles,32,CB08=01 [작곡자]CB09~CB18 [제목]CB19=00 [종료],月夜のオルゴール,앞 01: 작곡자 인덱스본문 0D: 없음뒤 00: 종료토큰,달밤의␠오르골,,,,direct_translation_and_runtime_success_recorded; exact per-row bytes absent,Music/Valis2_MusicMode_Analysis_2026-08-10_DISK_WARNING_PATCH_RUNTIME_SUCCESS.docx,"Direct table 7: title row; final text rebuild is stated in document, but per-row target byte sequence and per-record raw offsets are not printed."
music_titles,33,CB1A=01 [작곡자]CB1B~CB2E [제목]CB2F=00 [종료],Ｅｖｅｒ␠Ｇｒｅｅｎ,앞 01: 작곡자 인덱스본문 0D: 없음뒤 00: 종료토큰,Ｅｖｅｒ␠Ｇｒｅｅｎ,,,,direct_translation_and_runtime_success_recorded; exact per-row bytes absent,Music/Valis2_MusicMode_Analysis_2026-08-10_DISK_WARNING_PATCH_RUNTIME_SUCCESS.docx,"Direct table 7: title row; final text rebuild is stated in document, but per-row target byte sequence and per-record raw offsets are not printed."
composer_label_and_names,1,CB51~CB54 [문자]CB55=00 [종료],作曲,본문 0D: 없음뒤 00: 종료토큰,작곡,,,,direct_translation_and_runtime_success_recorded; exact per-row bytes absent,Music/Valis2_MusicMode_Analysis_2026-08-10_DISK_WARNING_PATCH_RUNTIME_SUCCESS.docx,Direct table 8: fixed label/name translation; code callsite byte changes are printed separately below in README.
composer_label_and_names,2,C7DA~C7DB → CB30 [포인터]CB30~CB39 [이름]CB3A=00 [종료],小川␠史生,인덱스 00 선택본문 0D: 없음뒤 00: 종료토큰,오가와␠시노부,,,,direct_translation_and_runtime_success_recorded; exact per-row bytes absent,Music/Valis2_MusicMode_Analysis_2026-08-10_DISK_WARNING_PATCH_RUNTIME_SUCCESS.docx,Direct table 8: fixed label/name translation; code callsite byte changes are printed separately below in README.
composer_label_and_names,3,C7DC~C7DD → CB3B [포인터]CB3B~CB44 [이름]CB45=00 [종료],佐藤␠天平,인덱스 01 선택본문 0D: 없음뒤 00: 종료토큰,사토␠텐페이,,,,direct_translation_and_runtime_success_recorded; exact per-row bytes absent,Music/Valis2_MusicMode_Analysis_2026-08-10_DISK_WARNING_PATCH_RUNTIME_SUCCESS.docx,Direct table 8: fixed label/name translation; code callsite byte changes are printed separately below in README.
composer_label_and_names,4,C7DE~C7DF → CB46 [포인터]CB46~CB4F [이름]CB50=00 [종료],梶原␠正裕,인덱스 02 선택본문 0D: 없음뒤 00: 종료토큰,카지하라␠마사히로,,,,direct_translation_and_runtime_success_recorded; exact per-row bytes absent,Music/Valis2_MusicMode_Analysis_2026-08-10_DISK_WARNING_PATCH_RUNTIME_SUCCESS.docx,Direct table 8: fixed label/name translation; code callsite byte changes are printed separately below in README.
