block_id,line_id,source_ram_range,source_raw_range,output_ram_range,source_text,target_text,control_and_dynamic_slots,old_hex,new_hex,status,source_file,map_reference
0/0/8,0/0/8-1,065F~0676,0xA8F~0xAA6,065F~0676,＊ＤＩＳＫ　ＥＲＲＯＲ＊,＊ＤＩＳＫ　ＥＲＲＯＲ＊,0D 0D; ,,,direct source/translation/layout and user runtime success; target bytes not printed,Music/Valis2_MusicMode_Analysis_2026-08-10_DISK_WARNING_PATCH_RUNTIME_SUCCESS.docx,"See disk-G__music-warning__character-byte-comparison.csv; tokens are character-map references, not a reconstructed byte block."
0/0/8,0/0/8-2,0679~0692,0xAA9~0xAC2,0679~0692,ＤＩＳＫ　Ａ　を確認して、,ＤＩＳＫ　Ａ를 확인하고、,00; ,,,direct source/translation/layout and user runtime success; target bytes not printed,Music/Valis2_MusicMode_Analysis_2026-08-10_DISK_WARNING_PATCH_RUNTIME_SUCCESS.docx,"See disk-G__music-warning__character-byte-comparison.csv; tokens are character-map references, not a reconstructed byte block."
0/0/8,0/0/8-3,0694~06B3,0xAC4~0xAE3,0694~06B1,ＤＩＳＫ　Ａ　を　ＤＲＩＶＥ　１,ＤＩＳＫ　Ａ를 ＤＲＩＶＥ　１,0D; 069F 동적 DISK 문자 두 번째 바이트 유지 / DRIVE 번호 슬롯은 06B3→06B1,,,direct source/translation/layout and user runtime success; target bytes not printed,Music/Valis2_MusicMode_Analysis_2026-08-10_DISK_WARNING_PATCH_RUNTIME_SUCCESS.docx,"See disk-G__music-warning__character-byte-comparison.csv; tokens are character-map references, not a reconstructed byte block."
0/0/8,0/0/8-4,06B5~06BC,0xAE5~0xAEC,06B3~06BA,に入れて,에 넣고,00; ,,,direct source/translation/layout and user runtime success; target bytes not printed,Music/Valis2_MusicMode_Analysis_2026-08-10_DISK_WARNING_PATCH_RUNTIME_SUCCESS.docx,"See disk-G__music-warning__character-byte-comparison.csv; tokens are character-map references, not a reconstructed byte block."
0/0/8,0/0/8-5,06BE~06D3,0xAEE~0xB03,06BC~06D1,ＲＥＴＵＲＮ　ＫＥＹを,ＲＥＴＵＲＮ　ＫＥＹ를,0D; 재패킹으로 시작 주소 06BE→06BC,,,direct source/translation/layout and user runtime success; target bytes not printed,Music/Valis2_MusicMode_Analysis_2026-08-10_DISK_WARNING_PATCH_RUNTIME_SUCCESS.docx,"See disk-G__music-warning__character-byte-comparison.csv; tokens are character-map references, not a reconstructed byte block."
0/0/8,0/0/8-6,06D5~06E2,0xB05~0xB12,06D3~06DE,押して下さい。,눌러주세요。,00; ,,,direct source/translation/layout and user runtime success; target bytes not printed,Music/Valis2_MusicMode_Analysis_2026-08-10_DISK_WARNING_PATCH_RUNTIME_SUCCESS.docx,"See disk-G__music-warning__character-byte-comparison.csv; tokens are character-map references, not a reconstructed byte block."
39/0/5,39/0/5-1,0613~062A,0x64026~0x6403D,,＊ＤＩＳＫ　ＥＲＲＯＲ＊,＊ＤＩＳＫ　ＥＲＲＯＲ＊,0D 0D,,,direct source/translation and user runtime success; target bytes not printed,Music/Valis2_MusicMode_Analysis_2026-08-10_DISK_WARNING_PATCH_RUNTIME_SUCCESS.docx,"See disk-G__music-warning__character-byte-comparison.csv; tokens are character-map references, not a reconstructed byte block."
39/0/5,39/0/5-2,062D~0640,0x64040~0x64053,,ＤＩＳＫを確認して、,ＤＩＳＫ를 확인하고、,0D,,,direct source/translation and user runtime success; target bytes not printed,Music/Valis2_MusicMode_Analysis_2026-08-10_DISK_WARNING_PATCH_RUNTIME_SUCCESS.docx,"See disk-G__music-warning__character-byte-comparison.csv; tokens are character-map references, not a reconstructed byte block."
39/0/5,39/0/5-3,0642~0657,0x64055~0x6406A,,ＲＥＴＵＲＮ　ＫＥＹを,ＲＥＴＵＲＮ　ＫＥＹ를,0D,,,direct source/translation and user runtime success; target bytes not printed,Music/Valis2_MusicMode_Analysis_2026-08-10_DISK_WARNING_PATCH_RUNTIME_SUCCESS.docx,"See disk-G__music-warning__character-byte-comparison.csv; tokens are character-map references, not a reconstructed byte block."
39/0/5,39/0/5-4,0659~0666,0x6406C~0x64079,,押して下さい。,눌러주세요。,00,,,direct source/translation and user runtime success; target bytes not printed,Music/Valis2_MusicMode_Analysis_2026-08-10_DISK_WARNING_PATCH_RUNTIME_SUCCESS.docx,"See disk-G__music-warning__character-byte-comparison.csv; tokens are character-map references, not a reconstructed byte block."
39/0/5,39/0/5-5,0668~0687,0x6407B~0x6409A,,ＤＩＳＫ　Ａ　を　ＤＲＩＶＥ　２,ＤＩＳＫ　Ａ 를　ＤＲＩＶＥ　２,"0D / 0668 직접 진입(LD DE,0668) / 0673 동적 Ａ(LD (0673),A) / 0687의 ２는 고정",,,direct source/translation and user runtime success; target bytes not printed,Music/Valis2_MusicMode_Analysis_2026-08-10_DISK_WARNING_PATCH_RUNTIME_SUCCESS.docx,"See disk-G__music-warning__character-byte-comparison.csv; tokens are character-map references, not a reconstructed byte block."
39/0/5,39/0/5-6,0689~06A8,0x6409C~0x640BB,,に入れて　ＲＥＴＵＲＮ　ＫＥＹを,에 넣고 ＲＥＴＵＲＮ　ＫＥＹを,0D,,,direct source/translation and user runtime success; target bytes not printed,Music/Valis2_MusicMode_Analysis_2026-08-10_DISK_WARNING_PATCH_RUNTIME_SUCCESS.docx,"See disk-G__music-warning__character-byte-comparison.csv; tokens are character-map references, not a reconstructed byte block."
39/0/5,39/0/5-7,06AA~06B7,0x640BD~0x640CA,,押して下さい。,눌러주세요。,00,,,direct source/translation and user runtime success; target bytes not printed,Music/Valis2_MusicMode_Analysis_2026-08-10_DISK_WARNING_PATCH_RUNTIME_SUCCESS.docx,"See disk-G__music-warning__character-byte-comparison.csv; tokens are character-map references, not a reconstructed byte block."
