line_id,source_doc_table,character,codepoint,output_byte_offset_in_line,bytes_hex,encoding_basis,current_map_row,target_character,component,output_raw_offset,direct_source_line_bytes_hex
F1-1,3 / 6,＊,U+FF0A,0,81 96,CP932,,＊,F1,0x00A3B,81 96 82 63 82 68 82 72 82 6A 81 40 82 64 82 71 82 71 82 6E 82 71 81 96
F1-1,3 / 6,Ｄ,U+FF24,2,82 63,CP932,,Ｄ,F1,0x00A3D,81 96 82 63 82 68 82 72 82 6A 81 40 82 64 82 71 82 71 82 6E 82 71 81 96
F1-1,3 / 6,Ｉ,U+FF29,4,82 68,CP932,,Ｉ,F1,0x00A3F,81 96 82 63 82 68 82 72 82 6A 81 40 82 64 82 71 82 71 82 6E 82 71 81 96
F1-1,3 / 6,Ｓ,U+FF33,6,82 72,CP932,,Ｓ,F1,0x00A41,81 96 82 63 82 68 82 72 82 6A 81 40 82 64 82 71 82 71 82 6E 82 71 81 96
F1-1,3 / 6,Ｋ,U+FF2B,8,82 6A,CP932,,Ｋ,F1,0x00A43,81 96 82 63 82 68 82 72 82 6A 81 40 82 64 82 71 82 71 82 6E 82 71 81 96
F1-1,3 / 6,　,U+3000,10,81 40,PC-88 space token,PC-88 fullwidth space,　,F1,0x00A45,81 96 82 63 82 68 82 72 82 6A 81 40 82 64 82 71 82 71 82 6E 82 71 81 96
F1-1,3 / 6,Ｅ,U+FF25,12,82 64,CP932,,Ｅ,F1,0x00A47,81 96 82 63 82 68 82 72 82 6A 81 40 82 64 82 71 82 71 82 6E 82 71 81 96
F1-1,3 / 6,Ｒ,U+FF32,14,82 71,CP932,,Ｒ,F1,0x00A49,81 96 82 63 82 68 82 72 82 6A 81 40 82 64 82 71 82 71 82 6E 82 71 81 96
F1-1,3 / 6,Ｒ,U+FF32,16,82 71,CP932,,Ｒ,F1,0x00A4B,81 96 82 63 82 68 82 72 82 6A 81 40 82 64 82 71 82 71 82 6E 82 71 81 96
F1-1,3 / 6,Ｏ,U+FF2F,18,82 6E,CP932,,Ｏ,F1,0x00A4D,81 96 82 63 82 68 82 72 82 6A 81 40 82 64 82 71 82 71 82 6E 82 71 81 96
F1-1,3 / 6,Ｒ,U+FF32,20,82 71,CP932,,Ｒ,F1,0x00A4F,81 96 82 63 82 68 82 72 82 6A 81 40 82 64 82 71 82 71 82 6E 82 71 81 96
F1-1,3 / 6,＊,U+FF0A,22,81 96,CP932,,＊,F1,0x00A51,81 96 82 63 82 68 82 72 82 6A 81 40 82 64 82 71 82 71 82 6E 82 71 81 96
F1-2,3 / 6,Ｄ,U+FF24,0,82 63,CP932,,Ｄ,F1,0x00A55,82 63 82 68 82 72 82 6A 82 F0 8A 6D 94 46 82 B5 82 C4 81 41
F1-2,3 / 6,Ｉ,U+FF29,2,82 68,CP932,,Ｉ,F1,0x00A57,82 63 82 68 82 72 82 6A 82 F0 8A 6D 94 46 82 B5 82 C4 81 41
F1-2,3 / 6,Ｓ,U+FF33,4,82 72,CP932,,Ｓ,F1,0x00A59,82 63 82 68 82 72 82 6A 82 F0 8A 6D 94 46 82 B5 82 C4 81 41
F1-2,3 / 6,Ｋ,U+FF2B,6,82 6A,CP932,,Ｋ,F1,0x00A5B,82 63 82 68 82 72 82 6A 82 F0 8A 6D 94 46 82 B5 82 C4 81 41
F1-2,3 / 6,를,U+B97C,8,89 A2,hangul.csv,192,를,F1,0x00A5D,82 63 82 68 82 72 82 6A 82 F0 8A 6D 94 46 82 B5 82 C4 81 41
F1-2,3 / 6, ,U+0020,10,81 40,PC-88 space token,PC-88 fullwidth space, ,F1,0x00A5F,82 63 82 68 82 72 82 6A 82 F0 8A 6D 94 46 82 B5 82 C4 81 41
F1-2,3 / 6,확,U+D655,12,8B 8C,hangul.csv,546,확,F1,0x00A61,82 63 82 68 82 72 82 6A 82 F0 8A 6D 94 46 82 B5 82 C4 81 41
F1-2,3 / 6,인,U+C778,14,8A A4,hangul.csv,382,인,F1,0x00A63,82 63 82 68 82 72 82 6A 82 F0 8A 6D 94 46 82 B5 82 C4 81 41
F1-2,3 / 6,하,U+D558,16,8B 72,hangul.csv,521,하,F1,0x00A65,82 63 82 68 82 72 82 6A 82 F0 8A 6D 94 46 82 B5 82 C4 81 41
F1-2,3 / 6,고,U+ACE0,18,88 BB,hangul.csv,29,고,F1,0x00A67,82 63 82 68 82 72 82 6A 82 F0 8A 6D 94 46 82 B5 82 C4 81 41
F1-2,3 / 6,、,U+3001,20,81 41,CP932,,、,F1,0x00A69,82 63 82 68 82 72 82 6A 82 F0 8A 6D 94 46 82 B5 82 C4 81 41
F1-3,3 / 6,Ｒ,U+FF32,0,82 71,CP932,,Ｒ,F1,0x00A6C,82 71 82 64 82 73 82 74 82 71 82 6D 81 40 82 6A 82 64 82 78 82 F0
F1-3,3 / 6,Ｅ,U+FF25,2,82 64,CP932,,Ｅ,F1,0x00A6E,82 71 82 64 82 73 82 74 82 71 82 6D 81 40 82 6A 82 64 82 78 82 F0
F1-3,3 / 6,Ｔ,U+FF34,4,82 73,CP932,,Ｔ,F1,0x00A70,82 71 82 64 82 73 82 74 82 71 82 6D 81 40 82 6A 82 64 82 78 82 F0
F1-3,3 / 6,Ｕ,U+FF35,6,82 74,CP932,,Ｕ,F1,0x00A72,82 71 82 64 82 73 82 74 82 71 82 6D 81 40 82 6A 82 64 82 78 82 F0
F1-3,3 / 6,Ｒ,U+FF32,8,82 71,CP932,,Ｒ,F1,0x00A74,82 71 82 64 82 73 82 74 82 71 82 6D 81 40 82 6A 82 64 82 78 82 F0
F1-3,3 / 6,Ｎ,U+FF2E,10,82 6D,CP932,,Ｎ,F1,0x00A76,82 71 82 64 82 73 82 74 82 71 82 6D 81 40 82 6A 82 64 82 78 82 F0
F1-3,3 / 6,　,U+3000,12,81 40,PC-88 space token,PC-88 fullwidth space,　,F1,0x00A78,82 71 82 64 82 73 82 74 82 71 82 6D 81 40 82 6A 82 64 82 78 82 F0
F1-3,3 / 6,Ｋ,U+FF2B,14,82 6A,CP932,,Ｋ,F1,0x00A7A,82 71 82 64 82 73 82 74 82 71 82 6D 81 40 82 6A 82 64 82 78 82 F0
F1-3,3 / 6,Ｅ,U+FF25,16,82 64,CP932,,Ｅ,F1,0x00A7C,82 71 82 64 82 73 82 74 82 71 82 6D 81 40 82 6A 82 64 82 78 82 F0
F1-3,3 / 6,Ｙ,U+FF39,18,82 78,CP932,,Ｙ,F1,0x00A7E,82 71 82 64 82 73 82 74 82 71 82 6D 81 40 82 6A 82 64 82 78 82 F0
F1-3,3 / 6,를,U+B97C,20,89 A2,hangul.csv,192,를,F1,0x00A80,82 71 82 64 82 73 82 74 82 71 82 6D 81 40 82 6A 82 64 82 78 82 F0
F1-4,3 / 6,눌,U+B20C,0,89 49,hangul.csv,104,눌,F1,0x00A83,89 9F 82 B5 82 C4 89 BA 82 B3 82 A2 81 42
F1-4,3 / 6,러,U+B7EC,2,89 8C,hangul.csv,170,러,F1,0x00A85,89 9F 82 B5 82 C4 89 BA 82 B3 82 A2 81 42
F1-4,3 / 6,주,U+C8FC,4,8A C8,hangul.csv,418,주,F1,0x00A87,89 9F 82 B5 82 C4 89 BA 82 B3 82 A2 81 42
F1-4,3 / 6,세,U+C138,6,89 F8,hangul.csv,278,세,F1,0x00A89,89 9F 82 B5 82 C4 89 BA 82 B3 82 A2 81 42
F1-4,3 / 6,요,U+C694,8,8A 8A,hangul.csv,356,요,F1,0x00A8B,89 9F 82 B5 82 C4 89 BA 82 B3 82 A2 81 42
F1-4,3 / 6,。,U+3002,10,81 42,CP932,,。,F1,0x00A8D,89 9F 82 B5 82 C4 89 BA 82 B3 82 A2 81 42
F2-1,3 / 6,Ｄ,U+FF24,0,82 63,CP932,,Ｄ,F2,0x00A90,82 63 82 68 82 72 82 6A 81 40 82 60 81 40 82 F0 81 40 82 63 82 71 82 68 82 75 82 64 81 40 82 51
F2-1,3 / 6,Ｉ,U+FF29,2,82 68,CP932,,Ｉ,F2,0x00A92,82 63 82 68 82 72 82 6A 81 40 82 60 81 40 82 F0 81 40 82 63 82 71 82 68 82 75 82 64 81 40 82 51
F2-1,3 / 6,Ｓ,U+FF33,4,82 72,CP932,,Ｓ,F2,0x00A94,82 63 82 68 82 72 82 6A 81 40 82 60 81 40 82 F0 81 40 82 63 82 71 82 68 82 75 82 64 81 40 82 51
F2-1,3 / 6,Ｋ,U+FF2B,6,82 6A,CP932,,Ｋ,F2,0x00A96,82 63 82 68 82 72 82 6A 81 40 82 60 81 40 82 F0 81 40 82 63 82 71 82 68 82 75 82 64 81 40 82 51
F2-1,3 / 6,　,U+3000,8,81 40,PC-88 space token,PC-88 fullwidth space,　,F2,0x00A98,82 63 82 68 82 72 82 6A 81 40 82 60 81 40 82 F0 81 40 82 63 82 71 82 68 82 75 82 64 81 40 82 51
F2-1,3 / 6,Ａ,U+FF21,10,82 60,CP932,,Ａ,F2,0x00A9A,82 63 82 68 82 72 82 6A 81 40 82 60 81 40 82 F0 81 40 82 63 82 71 82 68 82 75 82 64 81 40 82 51
F2-1,3 / 6,를,U+B97C,12,89 A2,hangul.csv,192,를,F2,0x00A9C,82 63 82 68 82 72 82 6A 81 40 82 60 81 40 82 F0 81 40 82 63 82 71 82 68 82 75 82 64 81 40 82 51
F2-1,3 / 6,　,U+3000,14,81 40,PC-88 space token,PC-88 fullwidth space,　,F2,0x00A9E,82 63 82 68 82 72 82 6A 81 40 82 60 81 40 82 F0 81 40 82 63 82 71 82 68 82 75 82 64 81 40 82 51
F2-1,3 / 6,Ｄ,U+FF24,16,82 63,CP932,,Ｄ,F2,0x00AA0,82 63 82 68 82 72 82 6A 81 40 82 60 81 40 82 F0 81 40 82 63 82 71 82 68 82 75 82 64 81 40 82 51
F2-1,3 / 6,Ｒ,U+FF32,18,82 71,CP932,,Ｒ,F2,0x00AA2,82 63 82 68 82 72 82 6A 81 40 82 60 81 40 82 F0 81 40 82 63 82 71 82 68 82 75 82 64 81 40 82 51
F2-1,3 / 6,Ｉ,U+FF29,20,82 68,CP932,,Ｉ,F2,0x00AA4,82 63 82 68 82 72 82 6A 81 40 82 60 81 40 82 F0 81 40 82 63 82 71 82 68 82 75 82 64 81 40 82 51
F2-1,3 / 6,Ｖ,U+FF36,22,82 75,CP932,,Ｖ,F2,0x00AA6,82 63 82 68 82 72 82 6A 81 40 82 60 81 40 82 F0 81 40 82 63 82 71 82 68 82 75 82 64 81 40 82 51
F2-1,3 / 6,Ｅ,U+FF25,24,82 64,CP932,,Ｅ,F2,0x00AA8,82 63 82 68 82 72 82 6A 81 40 82 60 81 40 82 F0 81 40 82 63 82 71 82 68 82 75 82 64 81 40 82 51
F2-1,3 / 6,　,U+3000,26,81 40,PC-88 space token,PC-88 fullwidth space,　,F2,0x00AAA,82 63 82 68 82 72 82 6A 81 40 82 60 81 40 82 F0 81 40 82 63 82 71 82 68 82 75 82 64 81 40 82 51
F2-1,3 / 6,２,U+FF12,28,82 51,CP932,,２,F2,0x00AAC,82 63 82 68 82 72 82 6A 81 40 82 60 81 40 82 F0 81 40 82 63 82 71 82 68 82 75 82 64 81 40 82 51
F2-2,3 / 6,에,U+C5D0,0,8A 72,hangul.csv,333,에,F2,0x00AAF,82 C9 93 FC 82 EA 82 C4 81 40 82 71 82 64 82 73 82 74 82 71 82 6D 81 40 82 6A 82 64 82 78 82 F0
F2-2,3 / 6,　,U+3000,2,81 40,PC-88 space token,PC-88 fullwidth space,　,F2,0x00AB1,82 C9 93 FC 82 EA 82 C4 81 40 82 71 82 64 82 73 82 74 82 71 82 6D 81 40 82 6A 82 64 82 78 82 F0
F2-2,3 / 6,넣,U+B123,4,88 F7,hangul.csv,89,넣,F2,0x00AB3,82 C9 93 FC 82 EA 82 C4 81 40 82 71 82 64 82 73 82 74 82 71 82 6D 81 40 82 6A 82 64 82 78 82 F0
F2-2,3 / 6,고,U+ACE0,6,88 BB,hangul.csv,29,고,F2,0x00AB5,82 C9 93 FC 82 EA 82 C4 81 40 82 71 82 64 82 73 82 74 82 71 82 6D 81 40 82 6A 82 64 82 78 82 F0
F2-2,3 / 6,　,U+3000,8,81 40,PC-88 space token,PC-88 fullwidth space,　,F2,0x00AB7,82 C9 93 FC 82 EA 82 C4 81 40 82 71 82 64 82 73 82 74 82 71 82 6D 81 40 82 6A 82 64 82 78 82 F0
F2-2,3 / 6,Ｒ,U+FF32,10,82 71,CP932,,Ｒ,F2,0x00AB9,82 C9 93 FC 82 EA 82 C4 81 40 82 71 82 64 82 73 82 74 82 71 82 6D 81 40 82 6A 82 64 82 78 82 F0
F2-2,3 / 6,Ｅ,U+FF25,12,82 64,CP932,,Ｅ,F2,0x00ABB,82 C9 93 FC 82 EA 82 C4 81 40 82 71 82 64 82 73 82 74 82 71 82 6D 81 40 82 6A 82 64 82 78 82 F0
F2-2,3 / 6,Ｔ,U+FF34,14,82 73,CP932,,Ｔ,F2,0x00ABD,82 C9 93 FC 82 EA 82 C4 81 40 82 71 82 64 82 73 82 74 82 71 82 6D 81 40 82 6A 82 64 82 78 82 F0
F2-2,3 / 6,Ｕ,U+FF35,16,82 74,CP932,,Ｕ,F2,0x00ABF,82 C9 93 FC 82 EA 82 C4 81 40 82 71 82 64 82 73 82 74 82 71 82 6D 81 40 82 6A 82 64 82 78 82 F0
F2-2,3 / 6,Ｒ,U+FF32,18,82 71,CP932,,Ｒ,F2,0x00AC1,82 C9 93 FC 82 EA 82 C4 81 40 82 71 82 64 82 73 82 74 82 71 82 6D 81 40 82 6A 82 64 82 78 82 F0
F2-2,3 / 6,Ｎ,U+FF2E,20,82 6D,CP932,,Ｎ,F2,0x00AC3,82 C9 93 FC 82 EA 82 C4 81 40 82 71 82 64 82 73 82 74 82 71 82 6D 81 40 82 6A 82 64 82 78 82 F0
F2-2,3 / 6,　,U+3000,22,81 40,PC-88 space token,PC-88 fullwidth space,　,F2,0x00AC5,82 C9 93 FC 82 EA 82 C4 81 40 82 71 82 64 82 73 82 74 82 71 82 6D 81 40 82 6A 82 64 82 78 82 F0
F2-2,3 / 6,Ｋ,U+FF2B,24,82 6A,CP932,,Ｋ,F2,0x00AC7,82 C9 93 FC 82 EA 82 C4 81 40 82 71 82 64 82 73 82 74 82 71 82 6D 81 40 82 6A 82 64 82 78 82 F0
F2-2,3 / 6,Ｅ,U+FF25,26,82 64,CP932,,Ｅ,F2,0x00AC9,82 C9 93 FC 82 EA 82 C4 81 40 82 71 82 64 82 73 82 74 82 71 82 6D 81 40 82 6A 82 64 82 78 82 F0
F2-2,3 / 6,Ｙ,U+FF39,28,82 78,CP932,,Ｙ,F2,0x00ACB,82 C9 93 FC 82 EA 82 C4 81 40 82 71 82 64 82 73 82 74 82 71 82 6D 81 40 82 6A 82 64 82 78 82 F0
F2-2,3 / 6,を,U+3092,30,82 F0,CP932,,を,F2,0x00ACD,82 C9 93 FC 82 EA 82 C4 81 40 82 71 82 64 82 73 82 74 82 71 82 6D 81 40 82 6A 82 64 82 78 82 F0
F2-3,3 / 6,눌,U+B20C,0,89 49,hangul.csv,104,눌,F2,0x00AD0,89 9F 82 B5 82 C4 89 BA 82 B3 82 A2 81 42
F2-3,3 / 6,러,U+B7EC,2,89 8C,hangul.csv,170,러,F2,0x00AD2,89 9F 82 B5 82 C4 89 BA 82 B3 82 A2 81 42
F2-3,3 / 6,주,U+C8FC,4,8A C8,hangul.csv,418,주,F2,0x00AD4,89 9F 82 B5 82 C4 89 BA 82 B3 82 A2 81 42
F2-3,3 / 6,세,U+C138,6,89 F8,hangul.csv,278,세,F2,0x00AD6,89 9F 82 B5 82 C4 89 BA 82 B3 82 A2 81 42
F2-3,3 / 6,요,U+C694,8,8A 8A,hangul.csv,356,요,F2,0x00AD8,89 9F 82 B5 82 C4 89 BA 82 B3 82 A2 81 42
