worktable_kind,source_table,source_row,target_character_position,target_character,current_map_row_index,current_map_token_hex,rom_offset_start,map_csv_sha256,source_file
music,music_titles,1,1,빛,261,89 E7,0x1C920,124f75195c9def000faf440f2a1bf1708277a0188e1737166246cf7c1b19d7ff,Music/Valis2_MusicMode_Analysis_2026-08-10_DISK_WARNING_PATCH_RUNTIME_SUCCESS.docx
music,music_titles,1,2,속,284,8A 41,0x0CC40,124f75195c9def000faf440f2a1bf1708277a0188e1737166246cf7c1b19d7ff,Music/Valis2_MusicMode_Analysis_2026-08-10_DISK_WARNING_PATCH_RUNTIME_SUCCESS.docx
music,music_titles,1,3,의,379,8A A1,0x0D060,124f75195c9def000faf440f2a1bf1708277a0188e1737166246cf7c1b19d7ff,Music/Valis2_MusicMode_Analysis_2026-08-10_DISK_WARNING_PATCH_RUNTIME_SUCCESS.docx
music,music_titles,1,5,레,177,89 93,0x1C660,124f75195c9def000faf440f2a1bf1708277a0188e1737166246cf7c1b19d7ff,Music/Valis2_MusicMode_Analysis_2026-08-10_DISK_WARNING_PATCH_RUNTIME_SUCCESS.docx
music,music_titles,1,6,이,380,8A A2,0x0D080,124f75195c9def000faf440f2a1bf1708277a0188e1737166246cf7c1b19d7ff,Music/Valis2_MusicMode_Analysis_2026-08-10_DISK_WARNING_PATCH_RUNTIME_SUCCESS.docx
music,music_titles,1,7,코,470,8A FC,0x1D3C0,124f75195c9def000faf440f2a1bf1708277a0188e1737166246cf7c1b19d7ff,Music/Valis2_MusicMode_Analysis_2026-08-10_DISK_WARNING_PATCH_RUNTIME_SUCCESS.docx
music,music_titles,4,1,펄,504,8B 61,0x15440,124f75195c9def000faf440f2a1bf1708277a0188e1737166246cf7c1b19d7ff,Music/Valis2_MusicMode_Analysis_2026-08-10_DISK_WARNING_PATCH_RUNTIME_SUCCESS.docx
music,music_titles,4,2,몬,220,89 BE,0x14800,124f75195c9def000faf440f2a1bf1708277a0188e1737166246cf7c1b19d7ff,Music/Valis2_MusicMode_Analysis_2026-08-10_DISK_WARNING_PATCH_RUNTIME_SUCCESS.docx
music,music_titles,4,3,트,496,8B 59,0x0D740,124f75195c9def000faf440f2a1bf1708277a0188e1737166246cf7c1b19d7ff,Music/Valis2_MusicMode_Analysis_2026-08-10_DISK_WARNING_PATCH_RUNTIME_SUCCESS.docx
music,music_titles,4,5,윙,370,8A 98,0x1CF00,124f75195c9def000faf440f2a1bf1708277a0188e1737166246cf7c1b19d7ff,Music/Valis2_MusicMode_Analysis_2026-08-10_DISK_WARNING_PATCH_RUNTIME_SUCCESS.docx
music,music_titles,4,6,크,473,8B 42,0x0D460,124f75195c9def000faf440f2a1bf1708277a0188e1737166246cf7c1b19d7ff,Music/Valis2_MusicMode_Analysis_2026-08-10_DISK_WARNING_PATCH_RUNTIME_SUCCESS.docx
music,music_titles,7,1,저,399,8A B5,0x0D2E0,124f75195c9def000faf440f2a1bf1708277a0188e1737166246cf7c1b19d7ff,Music/Valis2_MusicMode_Analysis_2026-08-10_DISK_WARNING_PATCH_RUNTIME_SUCCESS.docx
music,music_titles,7,2,주,418,8A C8,0x15140,124f75195c9def000faf440f2a1bf1708277a0188e1737166246cf7c1b19d7ff,Music/Valis2_MusicMode_Analysis_2026-08-10_DISK_WARNING_PATCH_RUNTIME_SUCCESS.docx
music,music_titles,7,3,의,379,8A A1,0x0D060,124f75195c9def000faf440f2a1bf1708277a0188e1737166246cf7c1b19d7ff,Music/Valis2_MusicMode_Analysis_2026-08-10_DISK_WARNING_PATCH_RUNTIME_SUCCESS.docx
music,music_titles,7,5,순,289,8A 46,0x0CCE0,124f75195c9def000faf440f2a1bf1708277a0188e1737166246cf7c1b19d7ff,Music/Valis2_MusicMode_Analysis_2026-08-10_DISK_WARNING_PATCH_RUNTIME_SUCCESS.docx
music,music_titles,7,6,례,182,89 98,0x1C700,124f75195c9def000faf440f2a1bf1708277a0188e1737166246cf7c1b19d7ff,Music/Valis2_MusicMode_Analysis_2026-08-10_DISK_WARNING_PATCH_RUNTIME_SUCCESS.docx
music,music_titles,9,1,파,500,8B 5D,0x0D7C0,124f75195c9def000faf440f2a1bf1708277a0188e1737166246cf7c1b19d7ff,Music/Valis2_MusicMode_Analysis_2026-08-10_DISK_WARNING_PATCH_RUNTIME_SUCCESS.docx
music,music_titles,9,2,반,236,89 CE,0x14A00,124f75195c9def000faf440f2a1bf1708277a0188e1737166246cf7c1b19d7ff,Music/Valis2_MusicMode_Analysis_2026-08-10_DISK_WARNING_PATCH_RUNTIME_SUCCESS.docx
music,music_titles,9,3,느,105,89 4A,0x0C560,124f75195c9def000faf440f2a1bf1708277a0188e1737166246cf7c1b19d7ff,Music/Valis2_MusicMode_Analysis_2026-08-10_DISK_WARNING_PATCH_RUNTIME_SUCCESS.docx
music,music_titles,10,1,바,234,89 CC,0x149C0,124f75195c9def000faf440f2a1bf1708277a0188e1737166246cf7c1b19d7ff,Music/Valis2_MusicMode_Analysis_2026-08-10_DISK_WARNING_PATCH_RUNTIME_SUCCESS.docx
music,music_titles,10,2,리,194,89 A4,0x0C8C0,124f75195c9def000faf440f2a1bf1708277a0188e1737166246cf7c1b19d7ff,Music/Valis2_MusicMode_Analysis_2026-08-10_DISK_WARNING_PATCH_RUNTIME_SUCCESS.docx
music,music_titles,10,3,아,309,8A 5A,0x0CF60,124f75195c9def000faf440f2a1bf1708277a0188e1737166246cf7c1b19d7ff,Music/Valis2_MusicMode_Analysis_2026-08-10_DISK_WARNING_PATCH_RUNTIME_SUCCESS.docx
music,music_titles,11,1,바,234,89 CC,0x149C0,124f75195c9def000faf440f2a1bf1708277a0188e1737166246cf7c1b19d7ff,Music/Valis2_MusicMode_Analysis_2026-08-10_DISK_WARNING_PATCH_RUNTIME_SUCCESS.docx
music,music_titles,11,2,니,108,89 4D,0x0C5C0,124f75195c9def000faf440f2a1bf1708277a0188e1737166246cf7c1b19d7ff,Music/Valis2_MusicMode_Analysis_2026-08-10_DISK_WARNING_PATCH_RUNTIME_SUCCESS.docx
music,music_titles,11,3,티,498,8B 5B,0x0D780,124f75195c9def000faf440f2a1bf1708277a0188e1737166246cf7c1b19d7ff,Music/Valis2_MusicMode_Analysis_2026-08-10_DISK_WARNING_PATCH_RUNTIME_SUCCESS.docx
music,music_titles,18,1,유,371,8A 99,0x1CF20,124f75195c9def000faf440f2a1bf1708277a0188e1737166246cf7c1b19d7ff,Music/Valis2_MusicMode_Analysis_2026-08-10_DISK_WARNING_PATCH_RUNTIME_SUCCESS.docx
music,music_titles,18,2,코,470,8A FC,0x1D3C0,124f75195c9def000faf440f2a1bf1708277a0188e1737166246cf7c1b19d7ff,Music/Valis2_MusicMode_Analysis_2026-08-10_DISK_WARNING_PATCH_RUNTIME_SUCCESS.docx
music,music_titles,21,7,의,379,8A A1,0x0D060,124f75195c9def000faf440f2a1bf1708277a0188e1737166246cf7c1b19d7ff,Music/Valis2_MusicMode_Analysis_2026-08-10_DISK_WARNING_PATCH_RUNTIME_SUCCESS.docx
music,music_titles,21,9,성,277,89 F7,0x1CB20,124f75195c9def000faf440f2a1bf1708277a0188e1737166246cf7c1b19d7ff,Music/Valis2_MusicMode_Analysis_2026-08-10_DISK_WARNING_PATCH_RUNTIME_SUCCESS.docx
music,music_titles,21,10,좌,415,8A C5,0x150E0,124f75195c9def000faf440f2a1bf1708277a0188e1737166246cf7c1b19d7ff,Music/Valis2_MusicMode_Analysis_2026-08-10_DISK_WARNING_PATCH_RUNTIME_SUCCESS.docx
music,music_titles,23,1,슬,295,8A 4C,0x0CDA0,124f75195c9def000faf440f2a1bf1708277a0188e1737166246cf7c1b19d7ff,Music/Valis2_MusicMode_Analysis_2026-08-10_DISK_WARNING_PATCH_RUNTIME_SUCCESS.docx
music,music_titles,23,2,픔,517,8B 6E,0x155E0,124f75195c9def000faf440f2a1bf1708277a0188e1737166246cf7c1b19d7ff,Music/Valis2_MusicMode_Analysis_2026-08-10_DISK_WARNING_PATCH_RUNTIME_SUCCESS.docx
music,music_titles,23,3,의,379,8A A1,0x0D060,124f75195c9def000faf440f2a1bf1708277a0188e1737166246cf7c1b19d7ff,Music/Valis2_MusicMode_Analysis_2026-08-10_DISK_WARNING_PATCH_RUNTIME_SUCCESS.docx
music,music_titles,23,5,화,545,8B 8B,0x1D560,124f75195c9def000faf440f2a1bf1708277a0188e1737166246cf7c1b19d7ff,Music/Valis2_MusicMode_Analysis_2026-08-10_DISK_WARNING_PATCH_RUNTIME_SUCCESS.docx
music,music_titles,23,6,이,380,8A A2,0x0D080,124f75195c9def000faf440f2a1bf1708277a0188e1737166246cf7c1b19d7ff,Music/Valis2_MusicMode_Analysis_2026-08-10_DISK_WARNING_PATCH_RUNTIME_SUCCESS.docx
music,music_titles,23,7,트,496,8B 59,0x0D740,124f75195c9def000faf440f2a1bf1708277a0188e1737166246cf7c1b19d7ff,Music/Valis2_MusicMode_Analysis_2026-08-10_DISK_WARNING_PATCH_RUNTIME_SUCCESS.docx
music,music_titles,23,8,데,124,89 5D,0x0C7C0,124f75195c9def000faf440f2a1bf1708277a0188e1737166246cf7c1b19d7ff,Music/Valis2_MusicMode_Analysis_2026-08-10_DISK_WARNING_PATCH_RUNTIME_SUCCESS.docx
music,music_titles,23,9,이,380,8A A2,0x0D080,124f75195c9def000faf440f2a1bf1708277a0188e1737166246cf7c1b19d7ff,Music/Valis2_MusicMode_Analysis_2026-08-10_DISK_WARNING_PATCH_RUNTIME_SUCCESS.docx
music,music_titles,23,14,유,371,8A 99,0x1CF20,124f75195c9def000faf440f2a1bf1708277a0188e1737166246cf7c1b19d7ff,Music/Valis2_MusicMode_Analysis_2026-08-10_DISK_WARNING_PATCH_RUNTIME_SUCCESS.docx
music,music_titles,23,15,코,470,8A FC,0x1D3C0,124f75195c9def000faf440f2a1bf1708277a0188e1737166246cf7c1b19d7ff,Music/Valis2_MusicMode_Analysis_2026-08-10_DISK_WARNING_PATCH_RUNTIME_SUCCESS.docx
music,music_titles,23,17,올,347,8A 81,0x1CC20,124f75195c9def000faf440f2a1bf1708277a0188e1737166246cf7c1b19d7ff,Music/Valis2_MusicMode_Analysis_2026-08-10_DISK_WARNING_PATCH_RUNTIME_SUCCESS.docx
music,music_titles,23,18,림,198,89 A8,0x0C940,124f75195c9def000faf440f2a1bf1708277a0188e1737166246cf7c1b19d7ff,Music/Valis2_MusicMode_Analysis_2026-08-10_DISK_WARNING_PATCH_RUNTIME_SUCCESS.docx
music,music_titles,24,15,레,177,89 93,0x1C660,124f75195c9def000faf440f2a1bf1708277a0188e1737166246cf7c1b19d7ff,Music/Valis2_MusicMode_Analysis_2026-08-10_DISK_WARNING_PATCH_RUNTIME_SUCCESS.docx
music,music_titles,24,16,이,380,8A A2,0x0D080,124f75195c9def000faf440f2a1bf1708277a0188e1737166246cf7c1b19d7ff,Music/Valis2_MusicMode_Analysis_2026-08-10_DISK_WARNING_PATCH_RUNTIME_SUCCESS.docx
music,music_titles,24,17,코,470,8A FC,0x1D3C0,124f75195c9def000faf440f2a1bf1708277a0188e1737166246cf7c1b19d7ff,Music/Valis2_MusicMode_Analysis_2026-08-10_DISK_WARNING_PATCH_RUNTIME_SUCCESS.docx
music,music_titles,24,19,테,488,8B 51,0x0D640,124f75195c9def000faf440f2a1bf1708277a0188e1737166246cf7c1b19d7ff,Music/Valis2_MusicMode_Analysis_2026-08-10_DISK_WARNING_PATCH_RUNTIME_SUCCESS.docx
music,music_titles,24,20,마,200,89 AA,0x0C980,124f75195c9def000faf440f2a1bf1708277a0188e1737166246cf7c1b19d7ff,Music/Valis2_MusicMode_Analysis_2026-08-10_DISK_WARNING_PATCH_RUNTIME_SUCCESS.docx
music,music_titles,25,15,레,177,89 93,0x1C660,124f75195c9def000faf440f2a1bf1708277a0188e1737166246cf7c1b19d7ff,Music/Valis2_MusicMode_Analysis_2026-08-10_DISK_WARNING_PATCH_RUNTIME_SUCCESS.docx
music,music_titles,25,16,이,380,8A A2,0x0D080,124f75195c9def000faf440f2a1bf1708277a0188e1737166246cf7c1b19d7ff,Music/Valis2_MusicMode_Analysis_2026-08-10_DISK_WARNING_PATCH_RUNTIME_SUCCESS.docx
music,music_titles,25,17,코,470,8A FC,0x1D3C0,124f75195c9def000faf440f2a1bf1708277a0188e1737166246cf7c1b19d7ff,Music/Valis2_MusicMode_Analysis_2026-08-10_DISK_WARNING_PATCH_RUNTIME_SUCCESS.docx
music,music_titles,25,18,의,379,8A A1,0x0D060,124f75195c9def000faf440f2a1bf1708277a0188e1737166246cf7c1b19d7ff,Music/Valis2_MusicMode_Analysis_2026-08-10_DISK_WARNING_PATCH_RUNTIME_SUCCESS.docx
music,music_titles,25,20,사,265,89 EB,0x1C9A0,124f75195c9def000faf440f2a1bf1708277a0188e1737166246cf7c1b19d7ff,Music/Valis2_MusicMode_Analysis_2026-08-10_DISK_WARNING_PATCH_RUNTIME_SUCCESS.docx
music,music_titles,25,21,랑,165,89 87,0x1C4E0,124f75195c9def000faf440f2a1bf1708277a0188e1737166246cf7c1b19d7ff,Music/Valis2_MusicMode_Analysis_2026-08-10_DISK_WARNING_PATCH_RUNTIME_SUCCESS.docx
music,music_titles,26,1,눈,103,89 48,0x0C520,124f75195c9def000faf440f2a1bf1708277a0188e1737166246cf7c1b19d7ff,Music/Valis2_MusicMode_Analysis_2026-08-10_DISK_WARNING_PATCH_RUNTIME_SUCCESS.docx
music,music_titles,26,2,물,226,89 C4,0x148C0,124f75195c9def000faf440f2a1bf1708277a0188e1737166246cf7c1b19d7ff,Music/Valis2_MusicMode_Analysis_2026-08-10_DISK_WARNING_PATCH_RUNTIME_SUCCESS.docx
music,music_titles,26,3,의,379,8A A1,0x0D060,124f75195c9def000faf440f2a1bf1708277a0188e1737166246cf7c1b19d7ff,Music/Valis2_MusicMode_Analysis_2026-08-10_DISK_WARNING_PATCH_RUNTIME_SUCCESS.docx
music,music_titles,26,5,자,391,8A AD,0x0D1E0,124f75195c9def000faf440f2a1bf1708277a0188e1737166246cf7c1b19d7ff,Music/Valis2_MusicMode_Analysis_2026-08-10_DISK_WARNING_PATCH_RUNTIME_SUCCESS.docx
music,music_titles,26,6,장,397,8A B3,0x0D2A0,124f75195c9def000faf440f2a1bf1708277a0188e1737166246cf7c1b19d7ff,Music/Valis2_MusicMode_Analysis_2026-08-10_DISK_WARNING_PATCH_RUNTIME_SUCCESS.docx
music,music_titles,26,7,가,1,88 9F,0x0C020,124f75195c9def000faf440f2a1bf1708277a0188e1737166246cf7c1b19d7ff,Music/Valis2_MusicMode_Analysis_2026-08-10_DISK_WARNING_PATCH_RUNTIME_SUCCESS.docx
music,music_titles,27,1,눈,103,89 48,0x0C520,124f75195c9def000faf440f2a1bf1708277a0188e1737166246cf7c1b19d7ff,Music/Valis2_MusicMode_Analysis_2026-08-10_DISK_WARNING_PATCH_RUNTIME_SUCCESS.docx
music,music_titles,27,2,물,226,89 C4,0x148C0,124f75195c9def000faf440f2a1bf1708277a0188e1737166246cf7c1b19d7ff,Music/Valis2_MusicMode_Analysis_2026-08-10_DISK_WARNING_PATCH_RUNTIME_SUCCESS.docx
music,music_titles,27,3,의,379,8A A1,0x0D060,124f75195c9def000faf440f2a1bf1708277a0188e1737166246cf7c1b19d7ff,Music/Valis2_MusicMode_Analysis_2026-08-10_DISK_WARNING_PATCH_RUNTIME_SUCCESS.docx
music,music_titles,27,5,자,391,8A AD,0x0D1E0,124f75195c9def000faf440f2a1bf1708277a0188e1737166246cf7c1b19d7ff,Music/Valis2_MusicMode_Analysis_2026-08-10_DISK_WARNING_PATCH_RUNTIME_SUCCESS.docx
music,music_titles,27,6,장,397,8A B3,0x0D2A0,124f75195c9def000faf440f2a1bf1708277a0188e1737166246cf7c1b19d7ff,Music/Valis2_MusicMode_Analysis_2026-08-10_DISK_WARNING_PATCH_RUNTIME_SUCCESS.docx
music,music_titles,27,7,가,1,88 9F,0x0C020,124f75195c9def000faf440f2a1bf1708277a0188e1737166246cf7c1b19d7ff,Music/Valis2_MusicMode_Analysis_2026-08-10_DISK_WARNING_PATCH_RUNTIME_SUCCESS.docx
music,music_titles,30,1,마,200,89 AA,0x0C980,124f75195c9def000faf440f2a1bf1708277a0188e1737166246cf7c1b19d7ff,Music/Valis2_MusicMode_Analysis_2026-08-10_DISK_WARNING_PATCH_RUNTIME_SUCCESS.docx
music,music_titles,30,2,의,379,8A A1,0x0D060,124f75195c9def000faf440f2a1bf1708277a0188e1737166246cf7c1b19d7ff,Music/Valis2_MusicMode_Analysis_2026-08-10_DISK_WARNING_PATCH_RUNTIME_SUCCESS.docx
music,music_titles,30,4,파,500,8B 5D,0x0D7C0,124f75195c9def000faf440f2a1bf1708277a0188e1737166246cf7c1b19d7ff,Music/Valis2_MusicMode_Analysis_2026-08-10_DISK_WARNING_PATCH_RUNTIME_SUCCESS.docx
music,music_titles,30,5,동,128,89 61,0x14440,124f75195c9def000faf440f2a1bf1708277a0188e1737166246cf7c1b19d7ff,Music/Valis2_MusicMode_Analysis_2026-08-10_DISK_WARNING_PATCH_RUNTIME_SUCCESS.docx
music,music_titles,32,1,달,114,89 53,0x0C680,124f75195c9def000faf440f2a1bf1708277a0188e1737166246cf7c1b19d7ff,Music/Valis2_MusicMode_Analysis_2026-08-10_DISK_WARNING_PATCH_RUNTIME_SUCCESS.docx
music,music_titles,32,2,밤,239,89 D1,0x14A60,124f75195c9def000faf440f2a1bf1708277a0188e1737166246cf7c1b19d7ff,Music/Valis2_MusicMode_Analysis_2026-08-10_DISK_WARNING_PATCH_RUNTIME_SUCCESS.docx
music,music_titles,32,3,의,379,8A A1,0x0D060,124f75195c9def000faf440f2a1bf1708277a0188e1737166246cf7c1b19d7ff,Music/Valis2_MusicMode_Analysis_2026-08-10_DISK_WARNING_PATCH_RUNTIME_SUCCESS.docx
music,music_titles,32,5,오,344,8A 7D,0x14FC0,124f75195c9def000faf440f2a1bf1708277a0188e1737166246cf7c1b19d7ff,Music/Valis2_MusicMode_Analysis_2026-08-10_DISK_WARNING_PATCH_RUNTIME_SUCCESS.docx
music,music_titles,32,6,르,190,89 A0,0x0C840,124f75195c9def000faf440f2a1bf1708277a0188e1737166246cf7c1b19d7ff,Music/Valis2_MusicMode_Analysis_2026-08-10_DISK_WARNING_PATCH_RUNTIME_SUCCESS.docx
music,music_titles,32,7,골,33,88 BF,0x14020,124f75195c9def000faf440f2a1bf1708277a0188e1737166246cf7c1b19d7ff,Music/Valis2_MusicMode_Analysis_2026-08-10_DISK_WARNING_PATCH_RUNTIME_SUCCESS.docx
music,composer_label_and_names,1,1,작,392,8A AE,0x0D200,124f75195c9def000faf440f2a1bf1708277a0188e1737166246cf7c1b19d7ff,Music/Valis2_MusicMode_Analysis_2026-08-10_DISK_WARNING_PATCH_RUNTIME_SUCCESS.docx
music,composer_label_and_names,1,2,곡,30,88 BC,0x0C3C0,124f75195c9def000faf440f2a1bf1708277a0188e1737166246cf7c1b19d7ff,Music/Valis2_MusicMode_Analysis_2026-08-10_DISK_WARNING_PATCH_RUNTIME_SUCCESS.docx
music,composer_label_and_names,2,1,오,344,8A 7D,0x14FC0,124f75195c9def000faf440f2a1bf1708277a0188e1737166246cf7c1b19d7ff,Music/Valis2_MusicMode_Analysis_2026-08-10_DISK_WARNING_PATCH_RUNTIME_SUCCESS.docx
music,composer_label_and_names,2,2,가,1,88 9F,0x0C020,124f75195c9def000faf440f2a1bf1708277a0188e1737166246cf7c1b19d7ff,Music/Valis2_MusicMode_Analysis_2026-08-10_DISK_WARNING_PATCH_RUNTIME_SUCCESS.docx
music,composer_label_and_names,2,3,와,349,8A 83,0x1CC60,124f75195c9def000faf440f2a1bf1708277a0188e1737166246cf7c1b19d7ff,Music/Valis2_MusicMode_Analysis_2026-08-10_DISK_WARNING_PATCH_RUNTIME_SUCCESS.docx
music,composer_label_and_names,2,5,시,298,8A 4F,0x0CE00,124f75195c9def000faf440f2a1bf1708277a0188e1737166246cf7c1b19d7ff,Music/Valis2_MusicMode_Analysis_2026-08-10_DISK_WARNING_PATCH_RUNTIME_SUCCESS.docx
music,composer_label_and_names,2,6,노,95,89 40,0x0C420,124f75195c9def000faf440f2a1bf1708277a0188e1737166246cf7c1b19d7ff,Music/Valis2_MusicMode_Analysis_2026-08-10_DISK_WARNING_PATCH_RUNTIME_SUCCESS.docx
music,composer_label_and_names,2,7,부,255,89 E1,0x1C860,124f75195c9def000faf440f2a1bf1708277a0188e1737166246cf7c1b19d7ff,Music/Valis2_MusicMode_Analysis_2026-08-10_DISK_WARNING_PATCH_RUNTIME_SUCCESS.docx
music,composer_label_and_names,3,1,사,265,89 EB,0x1C9A0,124f75195c9def000faf440f2a1bf1708277a0188e1737166246cf7c1b19d7ff,Music/Valis2_MusicMode_Analysis_2026-08-10_DISK_WARNING_PATCH_RUNTIME_SUCCESS.docx
music,composer_label_and_names,3,2,토,493,8B 56,0x0D6E0,124f75195c9def000faf440f2a1bf1708277a0188e1737166246cf7c1b19d7ff,Music/Valis2_MusicMode_Analysis_2026-08-10_DISK_WARNING_PATCH_RUNTIME_SUCCESS.docx
music,composer_label_and_names,3,4,텐,489,8B 52,0x0D660,124f75195c9def000faf440f2a1bf1708277a0188e1737166246cf7c1b19d7ff,Music/Valis2_MusicMode_Analysis_2026-08-10_DISK_WARNING_PATCH_RUNTIME_SUCCESS.docx
music,composer_label_and_names,3,5,페,505,8B 62,0x15460,124f75195c9def000faf440f2a1bf1708277a0188e1737166246cf7c1b19d7ff,Music/Valis2_MusicMode_Analysis_2026-08-10_DISK_WARNING_PATCH_RUNTIME_SUCCESS.docx
music,composer_label_and_names,3,6,이,380,8A A2,0x0D080,124f75195c9def000faf440f2a1bf1708277a0188e1737166246cf7c1b19d7ff,Music/Valis2_MusicMode_Analysis_2026-08-10_DISK_WARNING_PATCH_RUNTIME_SUCCESS.docx
music,composer_label_and_names,4,1,카,465,8A F7,0x1D320,124f75195c9def000faf440f2a1bf1708277a0188e1737166246cf7c1b19d7ff,Music/Valis2_MusicMode_Analysis_2026-08-10_DISK_WARNING_PATCH_RUNTIME_SUCCESS.docx
music,composer_label_and_names,4,2,지,430,8A D4,0x152C0,124f75195c9def000faf440f2a1bf1708277a0188e1737166246cf7c1b19d7ff,Music/Valis2_MusicMode_Analysis_2026-08-10_DISK_WARNING_PATCH_RUNTIME_SUCCESS.docx
music,composer_label_and_names,4,3,하,521,8B 72,0x15660,124f75195c9def000faf440f2a1bf1708277a0188e1737166246cf7c1b19d7ff,Music/Valis2_MusicMode_Analysis_2026-08-10_DISK_WARNING_PATCH_RUNTIME_SUCCESS.docx
music,composer_label_and_names,4,4,라,159,89 81,0x1C420,124f75195c9def000faf440f2a1bf1708277a0188e1737166246cf7c1b19d7ff,Music/Valis2_MusicMode_Analysis_2026-08-10_DISK_WARNING_PATCH_RUNTIME_SUCCESS.docx
music,composer_label_and_names,4,6,마,200,89 AA,0x0C980,124f75195c9def000faf440f2a1bf1708277a0188e1737166246cf7c1b19d7ff,Music/Valis2_MusicMode_Analysis_2026-08-10_DISK_WARNING_PATCH_RUNTIME_SUCCESS.docx
music,composer_label_and_names,4,7,사,265,89 EB,0x1C9A0,124f75195c9def000faf440f2a1bf1708277a0188e1737166246cf7c1b19d7ff,Music/Valis2_MusicMode_Analysis_2026-08-10_DISK_WARNING_PATCH_RUNTIME_SUCCESS.docx
music,composer_label_and_names,4,8,히,557,8B 97,0x1D6E0,124f75195c9def000faf440f2a1bf1708277a0188e1737166246cf7c1b19d7ff,Music/Valis2_MusicMode_Analysis_2026-08-10_DISK_WARNING_PATCH_RUNTIME_SUCCESS.docx
music,composer_label_and_names,4,9,로,183,89 99,0x1C720,124f75195c9def000faf440f2a1bf1708277a0188e1737166246cf7c1b19d7ff,Music/Valis2_MusicMode_Analysis_2026-08-10_DISK_WARNING_PATCH_RUNTIME_SUCCESS.docx
warning,0/0/8,0/0/8-2,7,를,192,89 A2,0x0C880,124f75195c9def000faf440f2a1bf1708277a0188e1737166246cf7c1b19d7ff,Music/Valis2_MusicMode_Analysis_2026-08-10_DISK_WARNING_PATCH_RUNTIME_SUCCESS.docx
warning,0/0/8,0/0/8-2,9,확,546,8B 8C,0x1D580,124f75195c9def000faf440f2a1bf1708277a0188e1737166246cf7c1b19d7ff,Music/Valis2_MusicMode_Analysis_2026-08-10_DISK_WARNING_PATCH_RUNTIME_SUCCESS.docx
warning,0/0/8,0/0/8-2,10,인,382,8A A4,0x0D0C0,124f75195c9def000faf440f2a1bf1708277a0188e1737166246cf7c1b19d7ff,Music/Valis2_MusicMode_Analysis_2026-08-10_DISK_WARNING_PATCH_RUNTIME_SUCCESS.docx
warning,0/0/8,0/0/8-2,11,하,521,8B 72,0x15660,124f75195c9def000faf440f2a1bf1708277a0188e1737166246cf7c1b19d7ff,Music/Valis2_MusicMode_Analysis_2026-08-10_DISK_WARNING_PATCH_RUNTIME_SUCCESS.docx
warning,0/0/8,0/0/8-2,12,고,29,88 BB,0x0C3A0,124f75195c9def000faf440f2a1bf1708277a0188e1737166246cf7c1b19d7ff,Music/Valis2_MusicMode_Analysis_2026-08-10_DISK_WARNING_PATCH_RUNTIME_SUCCESS.docx
warning,0/0/8,0/0/8-3,7,를,192,89 A2,0x0C880,124f75195c9def000faf440f2a1bf1708277a0188e1737166246cf7c1b19d7ff,Music/Valis2_MusicMode_Analysis_2026-08-10_DISK_WARNING_PATCH_RUNTIME_SUCCESS.docx
warning,0/0/8,0/0/8-4,1,에,333,8A 72,0x14E60,124f75195c9def000faf440f2a1bf1708277a0188e1737166246cf7c1b19d7ff,Music/Valis2_MusicMode_Analysis_2026-08-10_DISK_WARNING_PATCH_RUNTIME_SUCCESS.docx
warning,0/0/8,0/0/8-4,3,넣,89,88 F7,0x1C320,124f75195c9def000faf440f2a1bf1708277a0188e1737166246cf7c1b19d7ff,Music/Valis2_MusicMode_Analysis_2026-08-10_DISK_WARNING_PATCH_RUNTIME_SUCCESS.docx
warning,0/0/8,0/0/8-4,4,고,29,88 BB,0x0C3A0,124f75195c9def000faf440f2a1bf1708277a0188e1737166246cf7c1b19d7ff,Music/Valis2_MusicMode_Analysis_2026-08-10_DISK_WARNING_PATCH_RUNTIME_SUCCESS.docx
warning,0/0/8,0/0/8-5,11,를,192,89 A2,0x0C880,124f75195c9def000faf440f2a1bf1708277a0188e1737166246cf7c1b19d7ff,Music/Valis2_MusicMode_Analysis_2026-08-10_DISK_WARNING_PATCH_RUNTIME_SUCCESS.docx
warning,0/0/8,0/0/8-6,1,눌,104,89 49,0x0C540,124f75195c9def000faf440f2a1bf1708277a0188e1737166246cf7c1b19d7ff,Music/Valis2_MusicMode_Analysis_2026-08-10_DISK_WARNING_PATCH_RUNTIME_SUCCESS.docx
warning,0/0/8,0/0/8-6,2,러,170,89 8C,0x1C580,124f75195c9def000faf440f2a1bf1708277a0188e1737166246cf7c1b19d7ff,Music/Valis2_MusicMode_Analysis_2026-08-10_DISK_WARNING_PATCH_RUNTIME_SUCCESS.docx
warning,0/0/8,0/0/8-6,3,주,418,8A C8,0x15140,124f75195c9def000faf440f2a1bf1708277a0188e1737166246cf7c1b19d7ff,Music/Valis2_MusicMode_Analysis_2026-08-10_DISK_WARNING_PATCH_RUNTIME_SUCCESS.docx
warning,0/0/8,0/0/8-6,4,세,278,89 F8,0x1CB40,124f75195c9def000faf440f2a1bf1708277a0188e1737166246cf7c1b19d7ff,Music/Valis2_MusicMode_Analysis_2026-08-10_DISK_WARNING_PATCH_RUNTIME_SUCCESS.docx
warning,0/0/8,0/0/8-6,5,요,356,8A 8A,0x1CD40,124f75195c9def000faf440f2a1bf1708277a0188e1737166246cf7c1b19d7ff,Music/Valis2_MusicMode_Analysis_2026-08-10_DISK_WARNING_PATCH_RUNTIME_SUCCESS.docx
warning,39/0/5,39/0/5-2,5,를,192,89 A2,0x0C880,124f75195c9def000faf440f2a1bf1708277a0188e1737166246cf7c1b19d7ff,Music/Valis2_MusicMode_Analysis_2026-08-10_DISK_WARNING_PATCH_RUNTIME_SUCCESS.docx
warning,39/0/5,39/0/5-2,7,확,546,8B 8C,0x1D580,124f75195c9def000faf440f2a1bf1708277a0188e1737166246cf7c1b19d7ff,Music/Valis2_MusicMode_Analysis_2026-08-10_DISK_WARNING_PATCH_RUNTIME_SUCCESS.docx
warning,39/0/5,39/0/5-2,8,인,382,8A A4,0x0D0C0,124f75195c9def000faf440f2a1bf1708277a0188e1737166246cf7c1b19d7ff,Music/Valis2_MusicMode_Analysis_2026-08-10_DISK_WARNING_PATCH_RUNTIME_SUCCESS.docx
warning,39/0/5,39/0/5-2,9,하,521,8B 72,0x15660,124f75195c9def000faf440f2a1bf1708277a0188e1737166246cf7c1b19d7ff,Music/Valis2_MusicMode_Analysis_2026-08-10_DISK_WARNING_PATCH_RUNTIME_SUCCESS.docx
warning,39/0/5,39/0/5-2,10,고,29,88 BB,0x0C3A0,124f75195c9def000faf440f2a1bf1708277a0188e1737166246cf7c1b19d7ff,Music/Valis2_MusicMode_Analysis_2026-08-10_DISK_WARNING_PATCH_RUNTIME_SUCCESS.docx
warning,39/0/5,39/0/5-3,11,를,192,89 A2,0x0C880,124f75195c9def000faf440f2a1bf1708277a0188e1737166246cf7c1b19d7ff,Music/Valis2_MusicMode_Analysis_2026-08-10_DISK_WARNING_PATCH_RUNTIME_SUCCESS.docx
warning,39/0/5,39/0/5-4,1,눌,104,89 49,0x0C540,124f75195c9def000faf440f2a1bf1708277a0188e1737166246cf7c1b19d7ff,Music/Valis2_MusicMode_Analysis_2026-08-10_DISK_WARNING_PATCH_RUNTIME_SUCCESS.docx
warning,39/0/5,39/0/5-4,2,러,170,89 8C,0x1C580,124f75195c9def000faf440f2a1bf1708277a0188e1737166246cf7c1b19d7ff,Music/Valis2_MusicMode_Analysis_2026-08-10_DISK_WARNING_PATCH_RUNTIME_SUCCESS.docx
warning,39/0/5,39/0/5-4,3,주,418,8A C8,0x15140,124f75195c9def000faf440f2a1bf1708277a0188e1737166246cf7c1b19d7ff,Music/Valis2_MusicMode_Analysis_2026-08-10_DISK_WARNING_PATCH_RUNTIME_SUCCESS.docx
warning,39/0/5,39/0/5-4,4,세,278,89 F8,0x1CB40,124f75195c9def000faf440f2a1bf1708277a0188e1737166246cf7c1b19d7ff,Music/Valis2_MusicMode_Analysis_2026-08-10_DISK_WARNING_PATCH_RUNTIME_SUCCESS.docx
warning,39/0/5,39/0/5-4,5,요,356,8A 8A,0x1CD40,124f75195c9def000faf440f2a1bf1708277a0188e1737166246cf7c1b19d7ff,Music/Valis2_MusicMode_Analysis_2026-08-10_DISK_WARNING_PATCH_RUNTIME_SUCCESS.docx
warning,39/0/5,39/0/5-5,8,를,192,89 A2,0x0C880,124f75195c9def000faf440f2a1bf1708277a0188e1737166246cf7c1b19d7ff,Music/Valis2_MusicMode_Analysis_2026-08-10_DISK_WARNING_PATCH_RUNTIME_SUCCESS.docx
warning,39/0/5,39/0/5-6,1,에,333,8A 72,0x14E60,124f75195c9def000faf440f2a1bf1708277a0188e1737166246cf7c1b19d7ff,Music/Valis2_MusicMode_Analysis_2026-08-10_DISK_WARNING_PATCH_RUNTIME_SUCCESS.docx
warning,39/0/5,39/0/5-6,3,넣,89,88 F7,0x1C320,124f75195c9def000faf440f2a1bf1708277a0188e1737166246cf7c1b19d7ff,Music/Valis2_MusicMode_Analysis_2026-08-10_DISK_WARNING_PATCH_RUNTIME_SUCCESS.docx
warning,39/0/5,39/0/5-6,4,고,29,88 BB,0x0C3A0,124f75195c9def000faf440f2a1bf1708277a0188e1737166246cf7c1b19d7ff,Music/Valis2_MusicMode_Analysis_2026-08-10_DISK_WARNING_PATCH_RUNTIME_SUCCESS.docx
warning,39/0/5,39/0/5-7,1,눌,104,89 49,0x0C540,124f75195c9def000faf440f2a1bf1708277a0188e1737166246cf7c1b19d7ff,Music/Valis2_MusicMode_Analysis_2026-08-10_DISK_WARNING_PATCH_RUNTIME_SUCCESS.docx
warning,39/0/5,39/0/5-7,2,러,170,89 8C,0x1C580,124f75195c9def000faf440f2a1bf1708277a0188e1737166246cf7c1b19d7ff,Music/Valis2_MusicMode_Analysis_2026-08-10_DISK_WARNING_PATCH_RUNTIME_SUCCESS.docx
warning,39/0/5,39/0/5-7,3,주,418,8A C8,0x15140,124f75195c9def000faf440f2a1bf1708277a0188e1737166246cf7c1b19d7ff,Music/Valis2_MusicMode_Analysis_2026-08-10_DISK_WARNING_PATCH_RUNTIME_SUCCESS.docx
warning,39/0/5,39/0/5-7,4,세,278,89 F8,0x1CB40,124f75195c9def000faf440f2a1bf1708277a0188e1737166246cf7c1b19d7ff,Music/Valis2_MusicMode_Analysis_2026-08-10_DISK_WARNING_PATCH_RUNTIME_SUCCESS.docx
warning,39/0/5,39/0/5-7,5,요,356,8A 8A,0x1CD40,124f75195c9def000faf440f2a1bf1708277a0188e1737166246cf7c1b19d7ff,Music/Valis2_MusicMode_Analysis_2026-08-10_DISK_WARNING_PATCH_RUNTIME_SUCCESS.docx
