disk,component,block_id,character,codepoint,bytes_hex,encoding_basis,current_map_row,logical_byte_start,raw_offsets_hex
B,final_text_current_kanji_map,W1,＊,U+FF0A,81 96,CP932/PC-88 source character,,0,0x00A80 | 0x00A81
B,final_text_current_kanji_map,W1,Ｄ,U+FF24,82 63,CP932/PC-88 source character,,2,0x00A82 | 0x00A83
B,final_text_current_kanji_map,W1,Ｉ,U+FF29,82 68,CP932/PC-88 source character,,4,0x00A84 | 0x00A85
B,final_text_current_kanji_map,W1,Ｓ,U+FF33,82 72,CP932/PC-88 source character,,6,0x00A86 | 0x00A87
B,final_text_current_kanji_map,W1,Ｋ,U+FF2B,82 6A,CP932/PC-88 source character,,8,0x00A88 | 0x00A89
B,final_text_current_kanji_map,W1,　,U+3000,81 40,PC-88 fullwidth-space token,,10,0x00A8A | 0x00A8B
B,final_text_current_kanji_map,W1,Ｅ,U+FF25,82 64,CP932/PC-88 source character,,12,0x00A8C | 0x00A8D
B,final_text_current_kanji_map,W1,Ｒ,U+FF32,82 71,CP932/PC-88 source character,,14,0x00A8E | 0x00A8F
B,final_text_current_kanji_map,W1,Ｒ,U+FF32,82 71,CP932/PC-88 source character,,16,0x00A90 | 0x00A91
B,final_text_current_kanji_map,W1,Ｏ,U+FF2F,82 6E,CP932/PC-88 source character,,18,0x00A92 | 0x00A93
B,final_text_current_kanji_map,W1,Ｒ,U+FF32,82 71,CP932/PC-88 source character,,20,0x00A94 | 0x00A95
B,final_text_current_kanji_map,W1,＊,U+FF0A,81 96,CP932/PC-88 source character,,22,0x00A96 | 0x00A97
B,final_text_current_kanji_map,W1,[0D],,0D,direct control,,,
B,final_text_current_kanji_map,W1,[0D],,0D,direct control,,,
B,final_text_current_kanji_map,W1,Ｄ,U+FF24,82 63,CP932/PC-88 source character,,26,0x00A9A | 0x00A9B
B,final_text_current_kanji_map,W1,Ｉ,U+FF29,82 68,CP932/PC-88 source character,,28,0x00A9C | 0x00A9D
B,final_text_current_kanji_map,W1,Ｓ,U+FF33,82 72,CP932/PC-88 source character,,30,0x00A9E | 0x00A9F
B,final_text_current_kanji_map,W1,Ｋ,U+FF2B,82 6A,CP932/PC-88 source character,,32,0x00AA0 | 0x00AA1
B,final_text_current_kanji_map,W1,　,U+3000,81 40,PC-88 fullwidth-space token,,34,0x00AA2 | 0x00AA3
B,final_text_current_kanji_map,W1,Ａ,U+FF21,82 60,CP932/PC-88 source character,,36,0x00AA4 | 0x00AA5
B,final_text_current_kanji_map,W1,를,U+B97C,89 A2,hangul.csv current token,192,38,0x00AA6 | 0x00AA7
B,final_text_current_kanji_map,W1,　,U+3000,81 40,PC-88 fullwidth-space token,,40,0x00AA8 | 0x00AA9
B,final_text_current_kanji_map,W1,확,U+D655,8B 8C,hangul.csv current token,546,42,0x00AAA | 0x00AAB
B,final_text_current_kanji_map,W1,인,U+C778,8A A4,hangul.csv current token,382,44,0x00AAC | 0x00AAD
B,final_text_current_kanji_map,W1,하,U+D558,8B 72,hangul.csv current token,521,46,0x00AAE | 0x00AAF
B,final_text_current_kanji_map,W1,고,U+ACE0,88 BB,hangul.csv current token,29,48,0x00AB0 | 0x00AB1
B,final_text_current_kanji_map,W1,、,U+3001,81 41,CP932/PC-88 source character,,50,0x00AB2 | 0x00AB3
B,final_text_current_kanji_map,W1,[00],,00,direct terminator,,,
B,final_text_current_kanji_map,W2,Ｄ,U+FF24,82 63,CP932/PC-88 source character,,0,0x00AB5 | 0x00AB6
B,final_text_current_kanji_map,W2,Ｉ,U+FF29,82 68,CP932/PC-88 source character,,2,0x00AB7 | 0x00AB8
B,final_text_current_kanji_map,W2,Ｓ,U+FF33,82 72,CP932/PC-88 source character,,4,0x00AB9 | 0x00ABA
B,final_text_current_kanji_map,W2,Ｋ,U+FF2B,82 6A,CP932/PC-88 source character,,6,0x00ABB | 0x00ABC
B,final_text_current_kanji_map,W2,　,U+3000,81 40,PC-88 fullwidth-space token,,8,0x00ABD | 0x00ABE
B,final_text_current_kanji_map,W2,Ａ,U+FF21,82 60,CP932/PC-88 source character,,10,0x00ABF | 0x00AC0
B,final_text_current_kanji_map,W2,를,U+B97C,89 A2,hangul.csv current token,192,12,0x00AC1 | 0x00AC2
B,final_text_current_kanji_map,W2,　,U+3000,81 40,PC-88 fullwidth-space token,,14,0x00AC3 | 0x00AC4
B,final_text_current_kanji_map,W2,Ｄ,U+FF24,82 63,CP932/PC-88 source character,,16,0x00AC5 | 0x00AC6
B,final_text_current_kanji_map,W2,Ｒ,U+FF32,82 71,CP932/PC-88 source character,,18,0x00AC7 | 0x00AC8
B,final_text_current_kanji_map,W2,Ｉ,U+FF29,82 68,CP932/PC-88 source character,,20,0x00AC9 | 0x00ACA
B,final_text_current_kanji_map,W2,Ｖ,U+FF36,82 75,CP932/PC-88 source character,,22,0x00ACB | 0x00ACC
B,final_text_current_kanji_map,W2,Ｅ,U+FF25,82 64,CP932/PC-88 source character,,24,0x00ACD | 0x00ACE
B,final_text_current_kanji_map,W2,　,U+3000,81 40,PC-88 fullwidth-space token,,26,0x00ACF | 0x00AD0
B,final_text_current_kanji_map,W2,１,U+FF11,82 50,CP932/PC-88 source character,,28,0x00AD1 | 0x00AD2
B,final_text_current_kanji_map,W2,[0D],,0D,direct control,,,
B,final_text_current_kanji_map,W2,에,U+C5D0,8A 72,hangul.csv current token,333,31,0x00AD4 | 0x00AD5
B,final_text_current_kanji_map,W2,　,U+3000,81 40,PC-88 fullwidth-space token,,33,0x00AD6 | 0x00AD7
B,final_text_current_kanji_map,W2,넣,U+B123,88 F7,hangul.csv current token,89,35,0x00AD8 | 0x00AD9
B,final_text_current_kanji_map,W2,고,U+ACE0,88 BB,hangul.csv current token,29,37,0x00ADA | 0x00ADB
B,final_text_current_kanji_map,W2,[00],,00,direct terminator,,,
B,final_text_current_kanji_map,W3,Ｒ,U+FF32,82 71,CP932/PC-88 source character,,0,0x00ADF | 0x00AE0
B,final_text_current_kanji_map,W3,Ｅ,U+FF25,82 64,CP932/PC-88 source character,,2,0x00AE1 | 0x00AE2
B,final_text_current_kanji_map,W3,Ｔ,U+FF34,82 73,CP932/PC-88 source character,,4,0x00AE3 | 0x00AE4
B,final_text_current_kanji_map,W3,Ｕ,U+FF35,82 74,CP932/PC-88 source character,,6,0x00AE5 | 0x00AE6
B,final_text_current_kanji_map,W3,Ｒ,U+FF32,82 71,CP932/PC-88 source character,,8,0x00AE7 | 0x00AE8
B,final_text_current_kanji_map,W3,Ｎ,U+FF2E,82 6D,CP932/PC-88 source character,,10,0x00AE9 | 0x00AEA
B,final_text_current_kanji_map,W3,　,U+3000,81 40,PC-88 fullwidth-space token,,12,0x00AEB | 0x00AEC
B,final_text_current_kanji_map,W3,Ｋ,U+FF2B,82 6A,CP932/PC-88 source character,,14,0x00AED | 0x00AEE
B,final_text_current_kanji_map,W3,Ｅ,U+FF25,82 64,CP932/PC-88 source character,,16,0x00AEF | 0x00AF0
B,final_text_current_kanji_map,W3,Ｙ,U+FF39,82 78,CP932/PC-88 source character,,18,0x00AF1 | 0x00AF2
B,final_text_current_kanji_map,W3,를,U+B97C,89 A2,hangul.csv current token,192,20,0x00AF3 | 0x00AF4
B,final_text_current_kanji_map,W3,[0D],,0D,direct control,,,
B,final_text_current_kanji_map,W3,눌,U+B20C,89 49,hangul.csv current token,104,23,0x00AF6 | 0x00AF7
B,final_text_current_kanji_map,W3,러,U+B7EC,89 8C,hangul.csv current token,170,25,0x00AF8 | 0x00AF9
B,final_text_current_kanji_map,W3,주,U+C8FC,8A C8,hangul.csv current token,418,27,0x00AFA | 0x00AFB
B,final_text_current_kanji_map,W3,세,U+C138,89 F8,hangul.csv current token,278,29,0x00AFC | 0x00AFD
B,final_text_current_kanji_map,W3,요,U+C694,8A 8A,hangul.csv current token,356,31,0x00AFE | 0x00AFF
B,final_text_current_kanji_map,W3,。,U+3002,81 42,CP932/PC-88 source character,,33,0x00B00 | 0x00B01
B,final_text_current_kanji_map,W3,[00],,00,direct terminator,,,
B,final_text_current_kanji_map,S1,디,U+B514,89 72,hangul.csv current token,145,0,0x514E0 | 0x514E1
B,final_text_current_kanji_map,S1,스,U+C2A4,8A 4A,hangul.csv current token,293,2,0x514E2 | 0x514E3
B,final_text_current_kanji_map,S1,크,U+D06C,8B 42,hangul.csv current token,473,4,0x514E4 | 0x514E5
B,final_text_current_kanji_map,S1,에,U+C5D0,8A 72,hangul.csv current token,333,6,0x514E6 | 0x514E7
B,final_text_current_kanji_map,S1,　,U+3000,81 40,PC-88 fullwidth-space token,,8,0x514E8 | 0x514E9
B,final_text_current_kanji_map,S1,저,U+C800,8A B5,hangul.csv current token,399,10,0x514EA | 0x514EB
B,final_text_current_kanji_map,S1,장,U+C7A5,8A B3,hangul.csv current token,397,12,0x514EC | 0x514ED
B,final_text_current_kanji_map,S1,합,U+D569,8B 77,hangul.csv current token,526,14,0x514EE | 0x514EF
B,final_text_current_kanji_map,S1,니,U+B2C8,89 4D,hangul.csv current token,108,16,0x514F0 | 0x514F1
B,final_text_current_kanji_map,S1,까,U+AE4C,88 DA,hangul.csv current token,60,18,0x514F2 | 0x514F3
B,final_text_current_kanji_map,S1,[00],,00,direct terminator,,,
B,final_text_current_kanji_map,S2,저,U+C800,8A B5,hangul.csv current token,399,0,0x514F9 | 0x514FA
B,final_text_current_kanji_map,S2,장,U+C7A5,8A B3,hangul.csv current token,397,2,0x514FB | 0x514FC
B,final_text_current_kanji_map,S2,한,U+D55C,8B 74,hangul.csv current token,523,4,0x514FD | 0x514FE
B,final_text_current_kanji_map,S2,다,U+B2E4,89 50,hangul.csv current token,111,6,0x514FF | 0x51500
B,final_text_current_kanji_map,S2,[0D],,0D,direct control,,,
B,final_text_current_kanji_map,S2,저,U+C800,8A B5,hangul.csv current token,399,9,0x51502 | 0x51503
B,final_text_current_kanji_map,S2,장,U+C7A5,8A B3,hangul.csv current token,397,11,0x51504 | 0x51505
B,final_text_current_kanji_map,S2,　,U+3000,81 40,PC-88 fullwidth-space token,,13,0x51506 | 0x51507
B,final_text_current_kanji_map,S2,안,U+C548,8A 5C,hangul.csv current token,311,15,0x51508 | 0x51509
B,final_text_current_kanji_map,S2,　,U+3000,81 40,PC-88 fullwidth-space token,,17,0x5150A | 0x5150B
B,final_text_current_kanji_map,S2,한,U+D55C,8B 74,hangul.csv current token,523,19,0x5150C | 0x5150D
B,final_text_current_kanji_map,S2,다,U+B2E4,89 50,hangul.csv current token,111,21,0x5150E | 0x5150F
B,final_text_current_kanji_map,S2,[00],,00,direct terminator,,,
B,final_text_current_kanji_map,M1+M2,처,U+CC98,8A E7,hangul.csv current token,449,0,0x51511 | 0x51512
B,final_text_current_kanji_map,M1+M2,음,U+C74C,8A 9F,hangul.csv current token,377,2,0x51513 | 0x51514
B,final_text_current_kanji_map,M1+M2,하,U+D558,8B 72,hangul.csv current token,521,4,0x51515 | 0x51516
B,final_text_current_kanji_map,M1+M2,기,U+AE30,88 D5,hangul.csv current token,55,6,0x51517 | 0x51518
B,final_text_current_kanji_map,M1+M2,[0D],,0D,direct control,,,
B,final_text_current_kanji_map,M1+M2,불,U+BD88,89 E3,hangul.csv current token,257,9,0x5151A | 0x5151B
B,final_text_current_kanji_map,M1+M2,러,U+B7EC,89 8C,hangul.csv current token,170,11,0x5151C | 0x5151D
B,final_text_current_kanji_map,M1+M2,오,U+C624,8A 7D,hangul.csv current token,344,13,0x5151E | 0x5151F
B,final_text_current_kanji_map,M1+M2,기,U+AE30,88 D5,hangul.csv current token,55,15,0x51520 | 0x51521
B,final_text_current_kanji_map,M1+M2,[00],,00,direct terminator,,,
B,final_text_current_kanji_map,S1-copy,디,U+B514,89 72,hangul.csv current token,145,0,0x5166D | 0x5166E
B,final_text_current_kanji_map,S1-copy,스,U+C2A4,8A 4A,hangul.csv current token,293,2,0x5166F | 0x51670
B,final_text_current_kanji_map,S1-copy,크,U+D06C,8B 42,hangul.csv current token,473,4,0x51671 | 0x51672
B,final_text_current_kanji_map,S1-copy,에,U+C5D0,8A 72,hangul.csv current token,333,6,0x51673 | 0x51674
B,final_text_current_kanji_map,S1-copy,　,U+3000,81 40,PC-88 fullwidth-space token,,8,0x51675 | 0x51676
B,final_text_current_kanji_map,S1-copy,저,U+C800,8A B5,hangul.csv current token,399,10,0x51677 | 0x51678
B,final_text_current_kanji_map,S1-copy,장,U+C7A5,8A B3,hangul.csv current token,397,12,0x51679 | 0x5167A
B,final_text_current_kanji_map,S1-copy,합,U+D569,8B 77,hangul.csv current token,526,14,0x5167B | 0x5167C
B,final_text_current_kanji_map,S1-copy,니,U+B2C8,89 4D,hangul.csv current token,108,16,0x5167D | 0x5167E
B,final_text_current_kanji_map,S1-copy,까,U+AE4C,88 DA,hangul.csv current token,60,18,0x5167F | 0x51680
B,final_text_current_kanji_map,S1-copy,[00],,00,direct terminator,,,
B,final_text_current_kanji_map,W4,복,U+BCF5,89 DC,hangul.csv current token,250,0,0x51686 | 0x51687
B,final_text_current_kanji_map,W4,사,U+C0AC,89 EB,hangul.csv current token,265,2,0x51688 | 0x51689
B,final_text_current_kanji_map,W4,했,U+D588,8B 7A,hangul.csv current token,529,4,0x5168A | 0x5168B
B,final_text_current_kanji_map,W4,다,U+B2E4,89 50,hangul.csv current token,111,6,0x5168C | 0x5168D
B,final_text_current_kanji_map,W4,[0D],,0D,direct control,,,
B,final_text_current_kanji_map,W4,기,U+AE30,88 D5,hangul.csv current token,55,9,0x5168F | 0x51690
B,final_text_current_kanji_map,W4,록,U+B85D,89 9A,hangul.csv current token,184,11,0x51691 | 0x51692
B,final_text_current_kanji_map,W4,이,U+C774,8A A2,hangul.csv current token,380,13,0x51693 | 0x51694
B,final_text_current_kanji_map,W4,　,U+3000,81 40,PC-88 fullwidth-space token,,15,0x51695 | 0x51696
B,final_text_current_kanji_map,W4,없,U+C5C6,8A 6F,hangul.csv current token,330,17,0x51697 | 0x51698
B,final_text_current_kanji_map,W4,다,U+B2E4,89 50,hangul.csv current token,111,19,0x51699 | 0x5169A
B,final_text_current_kanji_map,W4,[00],,00,direct terminator,,,
B,final_text_current_kanji_map,R1-A,메,U+BA54,89 B7,hangul.csv current token,213,0,0x03392 | 0x03393
B,final_text_current_kanji_map,R1-A,가,U+AC00,88 9F,hangul.csv current token,1,2,0x03394 | 0x03395
B,final_text_current_kanji_map,R1-A,스,U+C2A4,8A 4A,hangul.csv current token,293,4,0x03396 | 0x03397
B,final_text_current_kanji_map,R1-A,「,U+300C,81 75,CP932/PC-88 source character,,6,0x03398 | 0x03399
B,final_text_current_kanji_map,R1-A,보,U+BCF4,89 DB,hangul.csv current token,249,8,0x0339A | 0x0339B
B,final_text_current_kanji_map,R1-A,기,U+AE30,88 D5,hangul.csv current token,55,10,0x0339C | 0x0339D
B,final_text_current_kanji_map,R1-A,　,U+3000,81 40,PC-88 fullwidth-space token,,12,0x0339E | 0x0339F
B,final_text_current_kanji_map,R1-A,좋,U+C88B,8A C4,hangul.csv current token,414,14,0x033A0 | 0x033A1
B,final_text_current_kanji_map,R1-A,게,U+AC8C,88 B1,hangul.csv current token,19,16,0x033A2 | 0x033A3
B,final_text_current_kanji_map,R1-A,　,U+3000,81 40,PC-88 fullwidth-space token,,18,0x033A4 | 0x033A5
B,final_text_current_kanji_map,R1-A,덫,U+B36B,89 5C,hangul.csv current token,123,20,0x033A6 | 0x033A7
B,final_text_current_kanji_map,R1-A,에,U+C5D0,8A 72,hangul.csv current token,333,22,0x033A8 | 0x033A9
B,final_text_current_kanji_map,R1-A,　,U+3000,81 40,PC-88 fullwidth-space token,,24,0x033AA | 0x033AB
B,final_text_current_kanji_map,R1-A,걸,U+AC78,88 AD,hangul.csv current token,15,26,0x033AC | 0x033AD
B,final_text_current_kanji_map,R1-A,려,U+B824,89 94,hangul.csv current token,178,28,0x033AE | 0x033AF
B,final_text_current_kanji_map,R1-A,들,U+B4E4,89 71,hangul.csv current token,144,30,0x033B0 | 0x033B1
B,final_text_current_kanji_map,R1-A,었,U+C5C8,8A 71,hangul.csv current token,332,32,0x033B2 | 0x033B3
B,final_text_current_kanji_map,R1-A,군,U+AD70,88 C9,hangul.csv current token,43,34,0x033B4 | 0x033B5
B,final_text_current_kanji_map,R1-A,。,U+3002,81 42,CP932/PC-88 source character,,36,0x033B6 | 0x033B7
B,final_text_current_kanji_map,R1-A,[0D],,0D,direct control,,,
B,final_text_current_kanji_map,R1-A,　,U+3000,81 40,PC-88 fullwidth-space token,,39,0x033B9 | 0x033BA
B,final_text_current_kanji_map,R1-A,　,U+3000,81 40,PC-88 fullwidth-space token,,41,0x033BB | 0x033BC
B,final_text_current_kanji_map,R1-A,　,U+3000,81 40,PC-88 fullwidth-space token,,43,0x033BD | 0x033BE
B,final_text_current_kanji_map,R1-A,그,U+ADF8,88 CF,hangul.csv current token,49,45,0x033BF | 0x033C0
B,final_text_current_kanji_map,R1-A,것,U+AC83,88 B0,hangul.csv current token,18,47,0x033C1 | 0x033C2
B,final_text_current_kanji_map,R1-A,은,U+C740,8A 9D,hangul.csv current token,375,49,0x033C3 | 0x033C4
B,final_text_current_kanji_map,R1-A,　,U+3000,81 40,PC-88 fullwidth-space token,,51,0x033C5 | 0x033C6
B,final_text_current_kanji_map,R1-A,네,U+B124,88 F8,hangul.csv current token,90,53,0x033C7 | 0x033C8
B,final_text_current_kanji_map,R1-A,　,U+3000,81 40,PC-88 fullwidth-space token,,55,0x033C9 | 0x033CA
B,final_text_current_kanji_map,R1-A,힘,U+D798,8B 98,hangul.csv current token,558,57,0x033CB | 0x033CC
B,final_text_current_kanji_map,R1-A,을,U+C744,8A 9E,hangul.csv current token,376,59,0x033CD | 0x033CE
B,final_text_current_kanji_map,R1-A,　,U+3000,81 40,PC-88 fullwidth-space token,,61,0x033CF | 0x033D0
B,final_text_current_kanji_map,R1-A,봉,U+BD09,89 DF,hangul.csv current token,253,63,0x033D1 | 0x033D2
B,final_text_current_kanji_map,R1-A,인,U+C778,8A A4,hangul.csv current token,382,65,0x033D3 | 0x033D4
B,final_text_current_kanji_map,R1-A,할,U+D560,8B 75,hangul.csv current token,524,67,0x033D5 | 0x033D6
B,final_text_current_kanji_map,R1-A,[0D],,0D,direct control,,,
B,final_text_current_kanji_map,R1-A,　,U+3000,81 40,PC-88 fullwidth-space token,,70,0x033D8 | 0x033D9
B,final_text_current_kanji_map,R1-A,　,U+3000,81 40,PC-88 fullwidth-space token,,72,0x033DA | 0x033DB
B,final_text_current_kanji_map,R1-A,　,U+3000,81 40,PC-88 fullwidth-space token,,74,0x033DC | 0x033DD
B,final_text_current_kanji_map,R1-A,갑,U+AC11,88 A5,hangul.csv current token,7,76,0x033DE | 0x033DF
B,final_text_current_kanji_map,R1-A,옷,U+C637,8A 82,hangul.csv current token,348,78,0x033E0 | 0x033E1
B,final_text_current_kanji_map,R1-A,이,U+C774,8A A2,hangul.csv current token,380,80,0x033E2 | 0x033E3
B,final_text_current_kanji_map,R1-A,다,U+B2E4,89 50,hangul.csv current token,111,82,0x033E4 | 0x033E5
B,final_text_current_kanji_map,R1-A,。,U+3002,81 42,CP932/PC-88 source character,,84,0x033E6 | 0x033E7
B,final_text_current_kanji_map,R1-A,몸,U+BAB8,89 C0,hangul.csv current token,222,86,0x033E8 | 0x033E9
B,final_text_current_kanji_map,R1-A,에,U+C5D0,8A 72,hangul.csv current token,333,88,0x033EA | 0x033EB
B,final_text_current_kanji_map,R1-A,　,U+3000,81 40,PC-88 fullwidth-space token,,90,0x033EC | 0x033ED
B,final_text_current_kanji_map,R1-A,걸,U+AC78,88 AD,hangul.csv current token,15,92,0x033EE | 0x033EF
B,final_text_current_kanji_map,R1-A,치,U+CE58,8A F4,hangul.csv current token,462,94,0x033F0 | 0x033F1
B,final_text_current_kanji_map,R1-A,면,U+BA74,89 B9,hangul.csv current token,215,96,0x033F2 | 0x033F3
B,final_text_current_kanji_map,R1-A,　,U+3000,81 40,PC-88 fullwidth-space token,,98,0x033F4 | 0x033F5
B,final_text_current_kanji_map,R1-A,두,U+B450,89 68,hangul.csv current token,135,100,0x033F6 | 0x033F7
B,final_text_current_kanji_map,R1-A,　,U+3000,81 40,PC-88 fullwidth-space token,,102,0x033F8 | 0x033F9
B,final_text_current_kanji_map,R1-A,번,U+BC88,89 D5,hangul.csv current token,243,104,0x033FA | 0x033FB
B,final_text_current_kanji_map,R1-A,[0D],,0D,direct control,,,
B,final_text_current_kanji_map,R1-A,　,U+3000,81 40,PC-88 fullwidth-space token,,107,0x033FD | 0x033FE
B,final_text_current_kanji_map,R1-A,　,U+3000,81 40,PC-88 fullwidth-space token,,109,0x033FF | 0x03400
B,final_text_current_kanji_map,R1-A,　,U+3000,81 40,PC-88 fullwidth-space token,,111,0x03401 | 0x03402
B,final_text_current_kanji_map,R1-A,다,U+B2E4,89 50,hangul.csv current token,111,113,0x03403 | 0x03404
B,final_text_current_kanji_map,R1-A,시,U+C2DC,8A 4F,hangul.csv current token,298,115,0x03405 | 0x03406
B,final_text_current_kanji_map,R1-A,　,U+3000,81 40,PC-88 fullwidth-space token,,117,0x03407 | 0x03408
B,final_text_current_kanji_map,R1-A,벗,U+BC97,89 D8,hangul.csv current token,246,119,0x03409 | 0x0340A
B,final_text_current_kanji_map,R1-A,을,U+C744,8A 9E,hangul.csv current token,376,121,0x0340B | 0x0340C
B,final_text_current_kanji_map,R1-A,　,U+3000,81 40,PC-88 fullwidth-space token,,123,0x0340D | 0x0340E
B,final_text_current_kanji_map,R1-A,수,U+C218,8A 45,hangul.csv current token,288,125,0x0340F | 0x03410
B,final_text_current_kanji_map,R1-A,　,U+3000,81 40,PC-88 fullwidth-space token,,127,0x03411 | 0x03412
B,final_text_current_kanji_map,R1-A,없,U+C5C6,8A 6F,hangul.csv current token,330,129,0x03413 | 0x03414
B,final_text_current_kanji_map,R1-A,다,U+B2E4,89 50,hangul.csv current token,111,131,0x03415 | 0x03416
B,final_text_current_kanji_map,R1-A,。,U+3002,81 42,CP932/PC-88 source character,,133,0x03417 | 0x03418
B,final_text_current_kanji_map,R1-A,[0D],,0D,direct control,,,
B,final_text_current_kanji_map,R1-A,　,U+3000,81 40,PC-88 fullwidth-space token,,136,0x0341A | 0x0341B
B,final_text_current_kanji_map,R1-A,　,U+3000,81 40,PC-88 fullwidth-space token,,138,0x0341C | 0x0341D
B,final_text_current_kanji_map,R1-A,　,U+3000,81 40,PC-88 fullwidth-space token,,140,0x0341E | 0x0341F
B,final_text_current_kanji_map,R1-A,이,U+C774,8A A2,hangul.csv current token,380,142,0x03420 | 0x03421
B,final_text_current_kanji_map,R1-A,것,U+AC83,88 B0,hangul.csv current token,18,144,0x03422 | 0x03423
B,final_text_current_kanji_map,R1-A,으,U+C73C,8A 9B,hangul.csv current token,373,146,0x03424 | 0x03425
B,final_text_current_kanji_map,R1-A,로,U+B85C,89 99,hangul.csv current token,183,148,0x03426 | 0x03427
B,final_text_current_kanji_map,R1-A,　,U+3000,81 40,PC-88 fullwidth-space token,,150,0x03428 | 0x03429
B,final_text_current_kanji_map,R1-A,너,U+B108,88 F3,hangul.csv current token,85,152,0x0342A | 0x0342B
B,final_text_current_kanji_map,R1-A,도,U+B3C4,89 5E,hangul.csv current token,125,154,0x0342C | 0x0342D
B,final_text_current_kanji_map,R1-A,　,U+3000,81 40,PC-88 fullwidth-space token,,156,0x0342E | 0x0342F
B,final_text_current_kanji_map,R1-A,끝,U+B05D,88 E6,hangul.csv current token,72,158,0x03440 | 0x03441
B,final_text_current_kanji_map,R1-A,이,U+C774,8A A2,hangul.csv current token,380,160,0x03442 | 0x03443
B,final_text_current_kanji_map,R1-A,다,U+B2E4,89 50,hangul.csv current token,111,162,0x03444 | 0x03445
B,final_text_current_kanji_map,R1-A,！,U+FF01,81 49,CP932/PC-88 source character,,164,0x03446 | 0x03447
B,final_text_current_kanji_map,R1-A,」,U+300D,81 76,CP932/PC-88 source character,,166,0x03448 | 0x03449
B,final_text_current_kanji_map,R1-A,[00],,00,direct terminator,,,
B,final_text_current_kanji_map,R3-A,바,U+BC14,89 CC,hangul.csv current token,234,0,0x03453 | 0x03454
B,final_text_current_kanji_map,R3-A,리,U+B9AC,89 A4,hangul.csv current token,194,2,0x03455 | 0x03456
B,final_text_current_kanji_map,R3-A,아,U+C544,8A 5A,hangul.csv current token,309,4,0x03457 | 0x03458
B,final_text_current_kanji_map,R3-A,「,U+300C,81 75,CP932/PC-88 source character,,6,0x03459 | 0x0345A
B,final_text_current_kanji_map,R3-A,유,U+C720,8A 99,hangul.csv current token,371,8,0x0345B | 0x0345C
B,final_text_current_kanji_map,R3-A,코,U+CF54,8A FC,hangul.csv current token,470,10,0x0345D | 0x0345E
B,final_text_current_kanji_map,R3-A,！,U+FF01,81 49,CP932/PC-88 source character,,12,0x0345F | 0x03460
B,final_text_current_kanji_map,R3-A,　,U+3000,81 40,PC-88 fullwidth-space token,,14,0x03461 | 0x03462
B,final_text_current_kanji_map,R3-A,포,U+D3EC,8B 65,hangul.csv current token,508,16,0x03463 | 0x03464
B,final_text_current_kanji_map,R3-A,기,U+AE30,88 D5,hangul.csv current token,55,18,0x03465 | 0x03466
B,final_text_current_kanji_map,R3-A,하,U+D558,8B 72,hangul.csv current token,521,20,0x03467 | 0x03468
B,final_text_current_kanji_map,R3-A,면,U+BA74,89 B9,hangul.csv current token,215,22,0x03469 | 0x0346A
B,final_text_current_kanji_map,R3-A, ,U+0020,81 40,PC-88 fullwidth-space token,,24,0x0346B | 0x0346C
B,final_text_current_kanji_map,R3-A,안,U+C548,8A 5C,hangul.csv current token,311,26,0x0346D | 0x0346E
B,final_text_current_kanji_map,R3-A, ,U+0020,81 40,PC-88 fullwidth-space token,,28,0x0346F | 0x03470
B,final_text_current_kanji_map,R3-A,돼,U+B3FC,89 62,hangul.csv current token,129,30,0x03471 | 0x03472
B,final_text_current_kanji_map,R3-A,요,U+C694,8A 8A,hangul.csv current token,356,32,0x03473 | 0x03474
B,final_text_current_kanji_map,R3-A,！,U+FF01,81 49,CP932/PC-88 source character,,34,0x03475 | 0x03476
B,final_text_current_kanji_map,R3-A,[0D],,0D,direct control,,,
B,final_text_current_kanji_map,R3-A,　,U+3000,81 40,PC-88 fullwidth-space token,,37,0x03478 | 0x03479
B,final_text_current_kanji_map,R3-A,　,U+3000,81 40,PC-88 fullwidth-space token,,39,0x0347A | 0x0347B
B,final_text_current_kanji_map,R3-A,　,U+3000,81 40,PC-88 fullwidth-space token,,41,0x0347C | 0x0347D
B,final_text_current_kanji_map,R3-A,제,U+C81C,8A BB,hangul.csv current token,405,43,0x0347E | 0x0347F
B,final_text_current_kanji_map,R3-A,가,U+AC00,88 9F,hangul.csv current token,1,45,0x03480 | 0x03481
B,final_text_current_kanji_map,R3-A,　,U+3000,81 40,PC-88 fullwidth-space token,,47,0x03482 | 0x03483
B,final_text_current_kanji_map,R3-A,꼭,U+AF2D,88 E1,hangul.csv current token,67,49,0x03484 | 0x03485
B,final_text_current_kanji_map,R3-A,　,U+3000,81 40,PC-88 fullwidth-space token,,51,0x03486 | 0x03487
B,final_text_current_kanji_map,R3-A,구,U+AD6C,88 C7,hangul.csv current token,41,53,0x03488 | 0x03489
B,final_text_current_kanji_map,R3-A,해,U+D574,8B 79,hangul.csv current token,528,55,0x0348A | 0x0348B
B,final_text_current_kanji_map,R3-A,줄,U+C904,8A CB,hangul.csv current token,421,57,0x0348C | 0x0348D
B,final_text_current_kanji_map,R3-A,게,U+AC8C,88 B1,hangul.csv current token,19,59,0x0348E | 0x0348F
B,final_text_current_kanji_map,R3-A,요,U+C694,8A 8A,hangul.csv current token,356,61,0x03490 | 0x03491
B,final_text_current_kanji_map,R3-A,！,U+FF01,81 49,CP932/PC-88 source character,,63,0x03492 | 0x03493
B,final_text_current_kanji_map,R3-A,[0D],,0D,direct control,,,
B,final_text_current_kanji_map,R3-A,　,U+3000,81 40,PC-88 fullwidth-space token,,66,0x03495 | 0x03496
B,final_text_current_kanji_map,R3-A,　,U+3000,81 40,PC-88 fullwidth-space token,,68,0x03497 | 0x03498
B,final_text_current_kanji_map,R3-A,　,U+3000,81 40,PC-88 fullwidth-space token,,70,0x03499 | 0x0349A
B,final_text_current_kanji_map,R3-A,헬,U+D5EC,8B 81,hangul.csv current token,535,72,0x0349B | 0x0349C
B,final_text_current_kanji_map,R3-A,프,U+D504,8B 6B,hangul.csv current token,514,74,0x0349D | 0x0349E
B,final_text_current_kanji_map,R3-A,　,U+3000,81 40,PC-88 fullwidth-space token,,76,0x0349F | 0x034A0
B,final_text_current_kanji_map,R3-A,아,U+C544,8A 5A,hangul.csv current token,309,78,0x034A1 | 0x034A2
B,final_text_current_kanji_map,R3-A,이,U+C774,8A A2,hangul.csv current token,380,80,0x034A3 | 0x034A4
B,final_text_current_kanji_map,R3-A,템,U+D15C,8B 54,hangul.csv current token,491,82,0x034A5 | 0x034A6
B,final_text_current_kanji_map,R3-A,을,U+C744,8A 9E,hangul.csv current token,376,84,0x034A7 | 0x034A8
B,final_text_current_kanji_map,R3-A,　,U+3000,81 40,PC-88 fullwidth-space token,,86,0x034A9 | 0x034AA
B,final_text_current_kanji_map,R3-A,찾,U+CC3E,8A E4,hangul.csv current token,446,88,0x034AB | 0x034AC
B,final_text_current_kanji_map,R3-A,으,U+C73C,8A 9B,hangul.csv current token,373,90,0x034AD | 0x034AE
B,final_text_current_kanji_map,R3-A,세,U+C138,89 F8,hangul.csv current token,278,92,0x034AF | 0x034B0
B,final_text_current_kanji_map,R3-A,요,U+C694,8A 8A,hangul.csv current token,356,94,0x034B1 | 0x034B2
B,final_text_current_kanji_map,R3-A,！,U+FF01,81 49,CP932/PC-88 source character,,96,0x034B3 | 0x034B4
B,final_text_current_kanji_map,R3-A,」,U+300D,81 76,CP932/PC-88 source character,,98,0x034B5 | 0x034B6
B,final_text_current_kanji_map,R3-A,[00],,00,direct terminator,,,
B,final_text_current_kanji_map,R1-B,메,U+BA54,89 B7,hangul.csv current token,213,0,0x0B920 | 0x0B921
B,final_text_current_kanji_map,R1-B,가,U+AC00,88 9F,hangul.csv current token,1,2,0x0B922 | 0x0B923
B,final_text_current_kanji_map,R1-B,스,U+C2A4,8A 4A,hangul.csv current token,293,4,0x0B924 | 0x0B925
B,final_text_current_kanji_map,R1-B,「,U+300C,81 75,CP932/PC-88 source character,,6,0x0B926 | 0x0B927
B,final_text_current_kanji_map,R1-B,보,U+BCF4,89 DB,hangul.csv current token,249,8,0x0B928 | 0x0B929
B,final_text_current_kanji_map,R1-B,기,U+AE30,88 D5,hangul.csv current token,55,10,0x0B92A | 0x0B92B
B,final_text_current_kanji_map,R1-B,　,U+3000,81 40,PC-88 fullwidth-space token,,12,0x0B92C | 0x0B92D
B,final_text_current_kanji_map,R1-B,좋,U+C88B,8A C4,hangul.csv current token,414,14,0x0B92E | 0x0B92F
B,final_text_current_kanji_map,R1-B,게,U+AC8C,88 B1,hangul.csv current token,19,16,0x0B930 | 0x0B931
B,final_text_current_kanji_map,R1-B,　,U+3000,81 40,PC-88 fullwidth-space token,,18,0x0B932 | 0x0B933
B,final_text_current_kanji_map,R1-B,덫,U+B36B,89 5C,hangul.csv current token,123,20,0x0B934 | 0x0B935
B,final_text_current_kanji_map,R1-B,에,U+C5D0,8A 72,hangul.csv current token,333,22,0x0B936 | 0x0B937
B,final_text_current_kanji_map,R1-B,　,U+3000,81 40,PC-88 fullwidth-space token,,24,0x0B938 | 0x0B939
B,final_text_current_kanji_map,R1-B,걸,U+AC78,88 AD,hangul.csv current token,15,26,0x0B93A | 0x0B93B
B,final_text_current_kanji_map,R1-B,려,U+B824,89 94,hangul.csv current token,178,28,0x0B93C | 0x0B93D
B,final_text_current_kanji_map,R1-B,들,U+B4E4,89 71,hangul.csv current token,144,30,0x0B93E | 0x0B93F
B,final_text_current_kanji_map,R1-B,었,U+C5C8,8A 71,hangul.csv current token,332,32,0x0B940 | 0x0B941
B,final_text_current_kanji_map,R1-B,군,U+AD70,88 C9,hangul.csv current token,43,34,0x0B942 | 0x0B943
B,final_text_current_kanji_map,R1-B,。,U+3002,81 42,CP932/PC-88 source character,,36,0x0B944 | 0x0B945
B,final_text_current_kanji_map,R1-B,[0D],,0D,direct control,,,
B,final_text_current_kanji_map,R1-B,　,U+3000,81 40,PC-88 fullwidth-space token,,39,0x0B947 | 0x0B948
B,final_text_current_kanji_map,R1-B,　,U+3000,81 40,PC-88 fullwidth-space token,,41,0x0B949 | 0x0B94A
B,final_text_current_kanji_map,R1-B,　,U+3000,81 40,PC-88 fullwidth-space token,,43,0x0B94B | 0x0B94C
B,final_text_current_kanji_map,R1-B,그,U+ADF8,88 CF,hangul.csv current token,49,45,0x0B94D | 0x0B94E
B,final_text_current_kanji_map,R1-B,것,U+AC83,88 B0,hangul.csv current token,18,47,0x0B94F | 0x0B950
B,final_text_current_kanji_map,R1-B,은,U+C740,8A 9D,hangul.csv current token,375,49,0x0B951 | 0x0B952
B,final_text_current_kanji_map,R1-B,　,U+3000,81 40,PC-88 fullwidth-space token,,51,0x0B953 | 0x0B954
B,final_text_current_kanji_map,R1-B,네,U+B124,88 F8,hangul.csv current token,90,53,0x0B955 | 0x0B956
B,final_text_current_kanji_map,R1-B,　,U+3000,81 40,PC-88 fullwidth-space token,,55,0x0B957 | 0x0B958
B,final_text_current_kanji_map,R1-B,힘,U+D798,8B 98,hangul.csv current token,558,57,0x0B959 | 0x0B95A
B,final_text_current_kanji_map,R1-B,을,U+C744,8A 9E,hangul.csv current token,376,59,0x0B95B | 0x0B95C
B,final_text_current_kanji_map,R1-B,　,U+3000,81 40,PC-88 fullwidth-space token,,61,0x0B95D | 0x0B95E
B,final_text_current_kanji_map,R1-B,봉,U+BD09,89 DF,hangul.csv current token,253,63,0x0B95F | 0x0B960
B,final_text_current_kanji_map,R1-B,인,U+C778,8A A4,hangul.csv current token,382,65,0x0B961 | 0x0B962
B,final_text_current_kanji_map,R1-B,할,U+D560,8B 75,hangul.csv current token,524,67,0x0B963 | 0x0B964
B,final_text_current_kanji_map,R1-B,[0D],,0D,direct control,,,
B,final_text_current_kanji_map,R1-B,　,U+3000,81 40,PC-88 fullwidth-space token,,70,0x0B966 | 0x0B967
B,final_text_current_kanji_map,R1-B,　,U+3000,81 40,PC-88 fullwidth-space token,,72,0x0B968 | 0x0B969
B,final_text_current_kanji_map,R1-B,　,U+3000,81 40,PC-88 fullwidth-space token,,74,0x0B96A | 0x0B96B
B,final_text_current_kanji_map,R1-B,갑,U+AC11,88 A5,hangul.csv current token,7,76,0x0B96C | 0x0B96D
B,final_text_current_kanji_map,R1-B,옷,U+C637,8A 82,hangul.csv current token,348,78,0x0B96E | 0x0B96F
B,final_text_current_kanji_map,R1-B,이,U+C774,8A A2,hangul.csv current token,380,80,0x0B970 | 0x0B971
B,final_text_current_kanji_map,R1-B,다,U+B2E4,89 50,hangul.csv current token,111,82,0x0B972 | 0x0B973
B,final_text_current_kanji_map,R1-B,。,U+3002,81 42,CP932/PC-88 source character,,84,0x0B974 | 0x0B975
B,final_text_current_kanji_map,R1-B,몸,U+BAB8,89 C0,hangul.csv current token,222,86,0x0B976 | 0x0B977
B,final_text_current_kanji_map,R1-B,에,U+C5D0,8A 72,hangul.csv current token,333,88,0x0B978 | 0x0B979
B,final_text_current_kanji_map,R1-B,　,U+3000,81 40,PC-88 fullwidth-space token,,90,0x0B97A | 0x0B97B
B,final_text_current_kanji_map,R1-B,걸,U+AC78,88 AD,hangul.csv current token,15,92,0x0B97C | 0x0B97D
B,final_text_current_kanji_map,R1-B,치,U+CE58,8A F4,hangul.csv current token,462,94,0x0B97E | 0x0B97F
B,final_text_current_kanji_map,R1-B,면,U+BA74,89 B9,hangul.csv current token,215,96,0x0B980 | 0x0B981
B,final_text_current_kanji_map,R1-B,　,U+3000,81 40,PC-88 fullwidth-space token,,98,0x0B982 | 0x0B983
B,final_text_current_kanji_map,R1-B,두,U+B450,89 68,hangul.csv current token,135,100,0x0B984 | 0x0B985
B,final_text_current_kanji_map,R1-B,　,U+3000,81 40,PC-88 fullwidth-space token,,102,0x0B986 | 0x0B987
B,final_text_current_kanji_map,R1-B,번,U+BC88,89 D5,hangul.csv current token,243,104,0x0B988 | 0x0B989
B,final_text_current_kanji_map,R1-B,[0D],,0D,direct control,,,
B,final_text_current_kanji_map,R1-B,　,U+3000,81 40,PC-88 fullwidth-space token,,107,0x0B98B | 0x0B98C
B,final_text_current_kanji_map,R1-B,　,U+3000,81 40,PC-88 fullwidth-space token,,109,0x0B98D | 0x0B98E
B,final_text_current_kanji_map,R1-B,　,U+3000,81 40,PC-88 fullwidth-space token,,111,0x0B98F | 0x0B990
B,final_text_current_kanji_map,R1-B,다,U+B2E4,89 50,hangul.csv current token,111,113,0x0B991 | 0x0B992
B,final_text_current_kanji_map,R1-B,시,U+C2DC,8A 4F,hangul.csv current token,298,115,0x0B993 | 0x0B994
B,final_text_current_kanji_map,R1-B,　,U+3000,81 40,PC-88 fullwidth-space token,,117,0x0B995 | 0x0B996
B,final_text_current_kanji_map,R1-B,벗,U+BC97,89 D8,hangul.csv current token,246,119,0x0B997 | 0x0B998
B,final_text_current_kanji_map,R1-B,을,U+C744,8A 9E,hangul.csv current token,376,121,0x0B999 | 0x0B99A
B,final_text_current_kanji_map,R1-B,　,U+3000,81 40,PC-88 fullwidth-space token,,123,0x0B99B | 0x0B99C
B,final_text_current_kanji_map,R1-B,수,U+C218,8A 45,hangul.csv current token,288,125,0x0B99D | 0x0B99E
B,final_text_current_kanji_map,R1-B,　,U+3000,81 40,PC-88 fullwidth-space token,,127,0x0B99F | 0x0B9A0
B,final_text_current_kanji_map,R1-B,없,U+C5C6,8A 6F,hangul.csv current token,330,129,0x0B9A1 | 0x0B9A2
B,final_text_current_kanji_map,R1-B,다,U+B2E4,89 50,hangul.csv current token,111,131,0x0B9A3 | 0x0B9A4
B,final_text_current_kanji_map,R1-B,。,U+3002,81 42,CP932/PC-88 source character,,133,0x0B9A5 | 0x0B9A6
B,final_text_current_kanji_map,R1-B,[0D],,0D,direct control,,,
B,final_text_current_kanji_map,R1-B,　,U+3000,81 40,PC-88 fullwidth-space token,,136,0x0B9A8 | 0x0B9A9
B,final_text_current_kanji_map,R1-B,　,U+3000,81 40,PC-88 fullwidth-space token,,138,0x0B9AA | 0x0B9AB
B,final_text_current_kanji_map,R1-B,　,U+3000,81 40,PC-88 fullwidth-space token,,140,0x0B9AC | 0x0B9AD
B,final_text_current_kanji_map,R1-B,이,U+C774,8A A2,hangul.csv current token,380,142,0x0B9AE | 0x0B9AF
B,final_text_current_kanji_map,R1-B,것,U+AC83,88 B0,hangul.csv current token,18,144,0x0B9B0 | 0x0B9B1
B,final_text_current_kanji_map,R1-B,으,U+C73C,8A 9B,hangul.csv current token,373,146,0x0B9B2 | 0x0B9B3
B,final_text_current_kanji_map,R1-B,로,U+B85C,89 99,hangul.csv current token,183,148,0x0B9B4 | 0x0B9B5
B,final_text_current_kanji_map,R1-B,　,U+3000,81 40,PC-88 fullwidth-space token,,150,0x0B9B6 | 0x0B9B7
B,final_text_current_kanji_map,R1-B,너,U+B108,88 F3,hangul.csv current token,85,152,0x0B9B8 | 0x0B9B9
B,final_text_current_kanji_map,R1-B,도,U+B3C4,89 5E,hangul.csv current token,125,154,0x0B9BA | 0x0B9BB
B,final_text_current_kanji_map,R1-B,　,U+3000,81 40,PC-88 fullwidth-space token,,156,0x0B9BC | 0x0B9BD
B,final_text_current_kanji_map,R1-B,끝,U+B05D,88 E6,hangul.csv current token,72,158,0x0B9BE | 0x0B9BF
B,final_text_current_kanji_map,R1-B,이,U+C774,8A A2,hangul.csv current token,380,160,0x0B9C0 | 0x0B9C1
B,final_text_current_kanji_map,R1-B,다,U+B2E4,89 50,hangul.csv current token,111,162,0x0B9C2 | 0x0B9C3
B,final_text_current_kanji_map,R1-B,！,U+FF01,81 49,CP932/PC-88 source character,,164,0x0B9C4 | 0x0B9C5
B,final_text_current_kanji_map,R1-B,」,U+300D,81 76,CP932/PC-88 source character,,166,0x0B9C6 | 0x0B9C7
B,final_text_current_kanji_map,R1-B,[00],,00,direct terminator,,,
B,final_text_current_kanji_map,R3-B,바,U+BC14,89 CC,hangul.csv current token,234,0,0x0B9D1 | 0x0B9D2
B,final_text_current_kanji_map,R3-B,리,U+B9AC,89 A4,hangul.csv current token,194,2,0x0B9D3 | 0x0B9D4
B,final_text_current_kanji_map,R3-B,아,U+C544,8A 5A,hangul.csv current token,309,4,0x0B9D5 | 0x0B9D6
B,final_text_current_kanji_map,R3-B,「,U+300C,81 75,CP932/PC-88 source character,,6,0x0B9D7 | 0x0B9D8
B,final_text_current_kanji_map,R3-B,유,U+C720,8A 99,hangul.csv current token,371,8,0x0B9D9 | 0x0B9DA
B,final_text_current_kanji_map,R3-B,코,U+CF54,8A FC,hangul.csv current token,470,10,0x0B9DB | 0x0B9DC
B,final_text_current_kanji_map,R3-B,！,U+FF01,81 49,CP932/PC-88 source character,,12,0x0B9DD | 0x0B9DE
B,final_text_current_kanji_map,R3-B,　,U+3000,81 40,PC-88 fullwidth-space token,,14,0x0B9DF | 0x0B9E0
B,final_text_current_kanji_map,R3-B,포,U+D3EC,8B 65,hangul.csv current token,508,16,0x0B9E1 | 0x0B9E2
B,final_text_current_kanji_map,R3-B,기,U+AE30,88 D5,hangul.csv current token,55,18,0x0B9E3 | 0x0B9E4
B,final_text_current_kanji_map,R3-B,하,U+D558,8B 72,hangul.csv current token,521,20,0x0B9E5 | 0x0B9E6
B,final_text_current_kanji_map,R3-B,면,U+BA74,89 B9,hangul.csv current token,215,22,0x0B9E7 | 0x0B9E8
B,final_text_current_kanji_map,R3-B, ,U+0020,81 40,PC-88 fullwidth-space token,,24,0x0B9E9 | 0x0B9EA
B,final_text_current_kanji_map,R3-B,안,U+C548,8A 5C,hangul.csv current token,311,26,0x0B9EB | 0x0B9EC
B,final_text_current_kanji_map,R3-B, ,U+0020,81 40,PC-88 fullwidth-space token,,28,0x0B9ED | 0x0B9EE
B,final_text_current_kanji_map,R3-B,돼,U+B3FC,89 62,hangul.csv current token,129,30,0x0B9EF | 0x0B9F0
B,final_text_current_kanji_map,R3-B,요,U+C694,8A 8A,hangul.csv current token,356,32,0x0B9F1 | 0x0B9F2
B,final_text_current_kanji_map,R3-B,！,U+FF01,81 49,CP932/PC-88 source character,,34,0x0B9F3 | 0x0B9F4
B,final_text_current_kanji_map,R3-B,[0D],,0D,direct control,,,
B,final_text_current_kanji_map,R3-B,　,U+3000,81 40,PC-88 fullwidth-space token,,37,0x0B9F6 | 0x0B9F7
B,final_text_current_kanji_map,R3-B,　,U+3000,81 40,PC-88 fullwidth-space token,,39,0x0B9F8 | 0x0B9F9
B,final_text_current_kanji_map,R3-B,　,U+3000,81 40,PC-88 fullwidth-space token,,41,0x0B9FA | 0x0B9FB
B,final_text_current_kanji_map,R3-B,제,U+C81C,8A BB,hangul.csv current token,405,43,0x0B9FC | 0x0B9FD
B,final_text_current_kanji_map,R3-B,가,U+AC00,88 9F,hangul.csv current token,1,45,0x0B9FE | 0x0B9FF
B,final_text_current_kanji_map,R3-B,　,U+3000,81 40,PC-88 fullwidth-space token,,47,0x0BA00 | 0x0BA01
B,final_text_current_kanji_map,R3-B,꼭,U+AF2D,88 E1,hangul.csv current token,67,49,0x0BA02 | 0x0BA03
B,final_text_current_kanji_map,R3-B,　,U+3000,81 40,PC-88 fullwidth-space token,,51,0x0BA04 | 0x0BA05
B,final_text_current_kanji_map,R3-B,구,U+AD6C,88 C7,hangul.csv current token,41,53,0x0BA06 | 0x0BA07
B,final_text_current_kanji_map,R3-B,해,U+D574,8B 79,hangul.csv current token,528,55,0x0BA08 | 0x0BA09
B,final_text_current_kanji_map,R3-B,줄,U+C904,8A CB,hangul.csv current token,421,57,0x0BA0A | 0x0BA0B
B,final_text_current_kanji_map,R3-B,게,U+AC8C,88 B1,hangul.csv current token,19,59,0x0BA0C | 0x0BA0D
B,final_text_current_kanji_map,R3-B,요,U+C694,8A 8A,hangul.csv current token,356,61,0x0BA0E | 0x0BA0F
B,final_text_current_kanji_map,R3-B,！,U+FF01,81 49,CP932/PC-88 source character,,63,0x0BA10 | 0x0BA11
B,final_text_current_kanji_map,R3-B,[0D],,0D,direct control,,,
B,final_text_current_kanji_map,R3-B,　,U+3000,81 40,PC-88 fullwidth-space token,,66,0x0BA13 | 0x0BA14
B,final_text_current_kanji_map,R3-B,　,U+3000,81 40,PC-88 fullwidth-space token,,68,0x0BA15 | 0x0BA16
B,final_text_current_kanji_map,R3-B,　,U+3000,81 40,PC-88 fullwidth-space token,,70,0x0BA17 | 0x0BA18
B,final_text_current_kanji_map,R3-B,헬,U+D5EC,8B 81,hangul.csv current token,535,72,0x0BA19 | 0x0BA1A
B,final_text_current_kanji_map,R3-B,프,U+D504,8B 6B,hangul.csv current token,514,74,0x0BA1B | 0x0BA1C
B,final_text_current_kanji_map,R3-B,　,U+3000,81 40,PC-88 fullwidth-space token,,76,0x0BA1D | 0x0BA1E
B,final_text_current_kanji_map,R3-B,아,U+C544,8A 5A,hangul.csv current token,309,78,0x0BA1F | 0x0BA20
B,final_text_current_kanji_map,R3-B,이,U+C774,8A A2,hangul.csv current token,380,80,0x0BA21 | 0x0BA22
B,final_text_current_kanji_map,R3-B,템,U+D15C,8B 54,hangul.csv current token,491,82,0x0BA23 | 0x0BA24
B,final_text_current_kanji_map,R3-B,을,U+C744,8A 9E,hangul.csv current token,376,84,0x0BA25 | 0x0BA26
B,final_text_current_kanji_map,R3-B,　,U+3000,81 40,PC-88 fullwidth-space token,,86,0x0BA27 | 0x0BA28
B,final_text_current_kanji_map,R3-B,찾,U+CC3E,8A E4,hangul.csv current token,446,88,0x0BA29 | 0x0BA2A
B,final_text_current_kanji_map,R3-B,으,U+C73C,8A 9B,hangul.csv current token,373,90,0x0BA2B | 0x0BA2C
B,final_text_current_kanji_map,R3-B,세,U+C138,89 F8,hangul.csv current token,278,92,0x0BA2D | 0x0BA2E
B,final_text_current_kanji_map,R3-B,요,U+C694,8A 8A,hangul.csv current token,356,94,0x0BA2F | 0x0BA30
B,final_text_current_kanji_map,R3-B,！,U+FF01,81 49,CP932/PC-88 source character,,96,0x0BA31 | 0x0BA32
B,final_text_current_kanji_map,R3-B,」,U+300D,81 76,CP932/PC-88 source character,,98,0x0BA33 | 0x0BA34
B,final_text_current_kanji_map,R3-B,[00],,00,direct terminator,,,
B,final_text_current_kanji_map,R2-A,바,U+BC14,89 CC,hangul.csv current token,234,0,0x034C0 | 0x034C1
B,final_text_current_kanji_map,R2-A,리,U+B9AC,89 A4,hangul.csv current token,194,2,0x034C2 | 0x034C3
B,final_text_current_kanji_map,R2-A,아,U+C544,8A 5A,hangul.csv current token,309,4,0x034C4 | 0x034C5
B,final_text_current_kanji_map,R2-A,「,U+300C,81 75,CP932/PC-88 source character,,6,0x034C6 | 0x034C7
B,final_text_current_kanji_map,R2-A,메,U+BA54,89 B7,hangul.csv current token,213,8,0x034C8 | 0x034C9
B,final_text_current_kanji_map,R2-A,가,U+AC00,88 9F,hangul.csv current token,1,10,0x034CA | 0x034CB
B,final_text_current_kanji_map,R2-A,스,U+C2A4,8A 4A,hangul.csv current token,293,12,0x034CC | 0x034CD
B,final_text_current_kanji_map,R2-A,！,U+FF01,81 49,CP932/PC-88 source character,,14,0x034CE | 0x034CF
B,final_text_current_kanji_map,R2-A,[0D],,0D,direct control,,,
B,final_text_current_kanji_map,R2-A,　,U+3000,81 40,PC-88 fullwidth-space token,,17,0x034D1 | 0x034D2
B,final_text_current_kanji_map,R2-A,　,U+3000,81 40,PC-88 fullwidth-space token,,19,0x034D3 | 0x034D4
B,final_text_current_kanji_map,R2-A,　,U+3000,81 40,PC-88 fullwidth-space token,,21,0x034D5 | 0x034D6
B,final_text_current_kanji_map,R2-A,당,U+B2F9,89 56,hangul.csv current token,117,23,0x034D7 | 0x034D8
B,final_text_current_kanji_map,R2-A,신,U+C2E0,8A 50,hangul.csv current token,299,25,0x034D9 | 0x034DA
B,final_text_current_kanji_map,R2-A,의,U+C758,8A A1,hangul.csv current token,379,27,0x034DB | 0x034DC
B,final_text_current_kanji_map,R2-A,　,U+3000,81 40,PC-88 fullwidth-space token,,29,0x034DD | 0x034DE
B,final_text_current_kanji_map,R2-A,계,U+ACC4,88 BA,hangul.csv current token,28,31,0x034DF | 0x034E0
B,final_text_current_kanji_map,R2-A,략,U+B7B5,89 8B,hangul.csv current token,169,33,0x034E1 | 0x034E2
B,final_text_current_kanji_map,R2-A,은,U+C740,8A 9D,hangul.csv current token,375,35,0x034E3 | 0x034E4
B,final_text_current_kanji_map,R2-A,　,U+3000,81 40,PC-88 fullwidth-space token,,37,0x034E5 | 0x034E6
B,final_text_current_kanji_map,R2-A,통,U+D1B5,8B 57,hangul.csv current token,494,39,0x034E7 | 0x034E8
B,final_text_current_kanji_map,R2-A,하,U+D558,8B 72,hangul.csv current token,521,41,0x034E9 | 0x034EA
B,final_text_current_kanji_map,R2-A,지,U+C9C0,8A D4,hangul.csv current token,430,43,0x034EB | 0x034EC
B,final_text_current_kanji_map,R2-A,　,U+3000,81 40,PC-88 fullwidth-space token,,45,0x034ED | 0x034EE
B,final_text_current_kanji_map,R2-A,않,U+C54A,8A 5E,hangul.csv current token,313,47,0x034EF | 0x034F0
B,final_text_current_kanji_map,R2-A,아,U+C544,8A 5A,hangul.csv current token,309,49,0x034F1 | 0x034F2
B,final_text_current_kanji_map,R2-A,요,U+C694,8A 8A,hangul.csv current token,356,51,0x034F3 | 0x034F4
B,final_text_current_kanji_map,R2-A,。,U+3002,81 42,CP932/PC-88 source character,,53,0x034F5 | 0x034F6
B,final_text_current_kanji_map,R2-A,[0D],,0D,direct control,,,
B,final_text_current_kanji_map,R2-A,　,U+3000,81 40,PC-88 fullwidth-space token,,56,0x034F8 | 0x034F9
B,final_text_current_kanji_map,R2-A,　,U+3000,81 40,PC-88 fullwidth-space token,,58,0x034FA | 0x034FB
B,final_text_current_kanji_map,R2-A,　,U+3000,81 40,PC-88 fullwidth-space token,,60,0x034FC | 0x034FD
B,final_text_current_kanji_map,R2-A,제,U+C81C,8A BB,hangul.csv current token,405,62,0x034FE | 0x034FF
B,final_text_current_kanji_map,R2-A,가,U+AC00,88 9F,hangul.csv current token,1,64,0x03500 | 0x03501
B,final_text_current_kanji_map,R2-A,　,U+3000,81 40,PC-88 fullwidth-space token,,66,0x03502 | 0x03503
B,final_text_current_kanji_map,R2-A,준,U+C900,8A CA,hangul.csv current token,420,68,0x03504 | 0x03505
B,final_text_current_kanji_map,R2-A,비,U+BE44,89 E6,hangul.csv current token,260,70,0x03506 | 0x03507
B,final_text_current_kanji_map,R2-A,한,U+D55C,8B 74,hangul.csv current token,523,72,0x03508 | 0x03509
B,final_text_current_kanji_map,R2-A,　,U+3000,81 40,PC-88 fullwidth-space token,,74,0x0350A | 0x0350B
B,final_text_current_kanji_map,R2-A,헬,U+D5EC,8B 81,hangul.csv current token,535,76,0x0350C | 0x0350D
B,final_text_current_kanji_map,R2-A,프,U+D504,8B 6B,hangul.csv current token,514,78,0x0350E | 0x0350F
B,final_text_current_kanji_map,R2-A,　,U+3000,81 40,PC-88 fullwidth-space token,,80,0x03510 | 0x03511
B,final_text_current_kanji_map,R2-A,아,U+C544,8A 5A,hangul.csv current token,309,82,0x03512 | 0x03513
B,final_text_current_kanji_map,R2-A,이,U+C774,8A A2,hangul.csv current token,380,84,0x03514 | 0x03515
B,final_text_current_kanji_map,R2-A,템,U+D15C,8B 54,hangul.csv current token,491,86,0x03516 | 0x03517
B,final_text_current_kanji_map,R2-A,을,U+C744,8A 9E,hangul.csv current token,376,88,0x03518 | 0x03519
B,final_text_current_kanji_map,R2-A,[0D],,0D,direct control,,,
B,final_text_current_kanji_map,R2-A,　,U+3000,81 40,PC-88 fullwidth-space token,,91,0x0351B | 0x0351C
B,final_text_current_kanji_map,R2-A,　,U+3000,81 40,PC-88 fullwidth-space token,,93,0x0351D | 0x0351E
B,final_text_current_kanji_map,R2-A,　,U+3000,81 40,PC-88 fullwidth-space token,,95,0x0351F | 0x03520
B,final_text_current_kanji_map,R2-A,유,U+C720,8A 99,hangul.csv current token,371,97,0x03521 | 0x03522
B,final_text_current_kanji_map,R2-A,코,U+CF54,8A FC,hangul.csv current token,470,99,0x03523 | 0x03524
B,final_text_current_kanji_map,R2-A,가,U+AC00,88 9F,hangul.csv current token,1,101,0x03525 | 0x03526
B,final_text_current_kanji_map,R2-A,　,U+3000,81 40,PC-88 fullwidth-space token,,103,0x03527 | 0x03528
B,final_text_current_kanji_map,R2-A,가,U+AC00,88 9F,hangul.csv current token,1,105,0x03529 | 0x0352A
B,final_text_current_kanji_map,R2-A,지,U+C9C0,8A D4,hangul.csv current token,430,107,0x0352B | 0x0352C
B,final_text_current_kanji_map,R2-A,고,U+ACE0,88 BB,hangul.csv current token,29,109,0x0352D | 0x0352E
B,final_text_current_kanji_map,R2-A,　,U+3000,81 40,PC-88 fullwidth-space token,,111,0x0352F | 0x03530
B,final_text_current_kanji_map,R2-A,있,U+C788,8A AB,hangul.csv current token,389,113,0x03531 | 0x03532
B,final_text_current_kanji_map,R2-A,으,U+C73C,8A 9B,hangul.csv current token,373,115,0x03533 | 0x03534
B,final_text_current_kanji_map,R2-A,니,U+B2C8,89 4D,hangul.csv current token,108,117,0x03535 | 0x03536
B,final_text_current_kanji_map,R2-A,까,U+AE4C,88 DA,hangul.csv current token,60,119,0x03537 | 0x03538
B,final_text_current_kanji_map,R2-A,요,U+C694,8A 8A,hangul.csv current token,356,121,0x03539 | 0x0353A
B,final_text_current_kanji_map,R2-A,。,U+3002,81 42,CP932/PC-88 source character,,123,0x0353B | 0x0353C
B,final_text_current_kanji_map,R2-A,」,U+300D,81 76,CP932/PC-88 source character,,125,0x0353D | 0x0353E
B,final_text_current_kanji_map,R2-A,[00],,00,direct terminator,,,
B,final_text_current_kanji_map,X1-A,못,U+BABB,89 C1,hangul.csv current token,223,0,0x03540 | 0x03541
B,final_text_current_kanji_map,X1-A, ,U+0020,81 40,PC-88 fullwidth-space token,,2,0x03542 | 0x03543
B,final_text_current_kanji_map,X1-A,벗,U+BC97,89 D8,hangul.csv current token,246,4,0x03544 | 0x03545
B,final_text_current_kanji_map,X1-A,는,U+B294,89 4B,hangul.csv current token,106,6,0x03546 | 0x03547
B,final_text_current_kanji_map,X1-A,다,U+B2E4,89 50,hangul.csv current token,111,8,0x03548 | 0x03549
B,final_text_current_kanji_map,X1-A,！,U+FF01,81 49,CP932/PC-88 source character,,10,0x0354A | 0x0354B
B,final_text_current_kanji_map,X1-A,[00],,00,direct terminator,,,
B,final_text_current_kanji_map,X2-A,체,U+CCB4,8A EB,hangul.csv current token,453,0,0x0354D | 0x0354E
B,final_text_current_kanji_map,X2-A,력,U+B825,89 95,hangul.csv current token,179,2,0x0354F | 0x03550
B,final_text_current_kanji_map,X2-A,이,U+C774,8A A2,hangul.csv current token,380,4,0x03551 | 0x03552
B,final_text_current_kanji_map,X2-A,　,U+3000,81 40,PC-88 fullwidth-space token,,6,0x03553 | 0x03554
B,final_text_current_kanji_map,X2-A,없,U+C5C6,8A 6F,hangul.csv current token,330,8,0x03555 | 0x03556
B,final_text_current_kanji_map,X2-A,다,U+B2E4,89 50,hangul.csv current token,111,10,0x03557 | 0x03558
B,final_text_current_kanji_map,X2-A,！,U+FF01,81 49,CP932/PC-88 source character,,12,0x03559 | 0x0355A
B,final_text_current_kanji_map,X2-A,[00],,00,direct terminator,,,
B,final_text_current_kanji_map,R2-B,바,U+BC14,89 CC,hangul.csv current token,234,0,0x0C2F7 | 0x0C2F8
B,final_text_current_kanji_map,R2-B,리,U+B9AC,89 A4,hangul.csv current token,194,2,0x0C2F9 | 0x0C2FA
B,final_text_current_kanji_map,R2-B,아,U+C544,8A 5A,hangul.csv current token,309,4,0x0C2FB | 0x0C2FC
B,final_text_current_kanji_map,R2-B,「,U+300C,81 75,CP932/PC-88 source character,,6,0x0C2FD | 0x0C2FE
B,final_text_current_kanji_map,R2-B,메,U+BA54,89 B7,hangul.csv current token,213,8,0x0C2FF | 0x0C300
B,final_text_current_kanji_map,R2-B,가,U+AC00,88 9F,hangul.csv current token,1,10,0x0C301 | 0x0C302
B,final_text_current_kanji_map,R2-B,스,U+C2A4,8A 4A,hangul.csv current token,293,12,0x0C303 | 0x0C304
B,final_text_current_kanji_map,R2-B,！,U+FF01,81 49,CP932/PC-88 source character,,14,0x0C305 | 0x0C306
B,final_text_current_kanji_map,R2-B,[0D],,0D,direct control,,,
B,final_text_current_kanji_map,R2-B,　,U+3000,81 40,PC-88 fullwidth-space token,,17,0x0C308 | 0x0C309
B,final_text_current_kanji_map,R2-B,　,U+3000,81 40,PC-88 fullwidth-space token,,19,0x0C30A | 0x0C30B
B,final_text_current_kanji_map,R2-B,　,U+3000,81 40,PC-88 fullwidth-space token,,21,0x0C30C | 0x0C30D
B,final_text_current_kanji_map,R2-B,당,U+B2F9,89 56,hangul.csv current token,117,23,0x0C30E | 0x0C30F
B,final_text_current_kanji_map,R2-B,신,U+C2E0,8A 50,hangul.csv current token,299,25,0x0C310 | 0x0C311
B,final_text_current_kanji_map,R2-B,의,U+C758,8A A1,hangul.csv current token,379,27,0x0C312 | 0x0C313
B,final_text_current_kanji_map,R2-B,　,U+3000,81 40,PC-88 fullwidth-space token,,29,0x0C314 | 0x0C315
B,final_text_current_kanji_map,R2-B,계,U+ACC4,88 BA,hangul.csv current token,28,31,0x0C316 | 0x0C317
B,final_text_current_kanji_map,R2-B,략,U+B7B5,89 8B,hangul.csv current token,169,33,0x0C318 | 0x0C319
B,final_text_current_kanji_map,R2-B,은,U+C740,8A 9D,hangul.csv current token,375,35,0x0C31A | 0x0C31B
B,final_text_current_kanji_map,R2-B,　,U+3000,81 40,PC-88 fullwidth-space token,,37,0x0C31C | 0x0C31D
B,final_text_current_kanji_map,R2-B,통,U+D1B5,8B 57,hangul.csv current token,494,39,0x0C31E | 0x0C31F
B,final_text_current_kanji_map,R2-B,하,U+D558,8B 72,hangul.csv current token,521,41,0x0C320 | 0x0C321
B,final_text_current_kanji_map,R2-B,지,U+C9C0,8A D4,hangul.csv current token,430,43,0x0C322 | 0x0C323
B,final_text_current_kanji_map,R2-B,　,U+3000,81 40,PC-88 fullwidth-space token,,45,0x0C324 | 0x0C325
B,final_text_current_kanji_map,R2-B,않,U+C54A,8A 5E,hangul.csv current token,313,47,0x0C326 | 0x0C327
B,final_text_current_kanji_map,R2-B,아,U+C544,8A 5A,hangul.csv current token,309,49,0x0C328 | 0x0C329
B,final_text_current_kanji_map,R2-B,요,U+C694,8A 8A,hangul.csv current token,356,51,0x0C32A | 0x0C32B
B,final_text_current_kanji_map,R2-B,。,U+3002,81 42,CP932/PC-88 source character,,53,0x0C32C | 0x0C32D
B,final_text_current_kanji_map,R2-B,[0D],,0D,direct control,,,
B,final_text_current_kanji_map,R2-B,　,U+3000,81 40,PC-88 fullwidth-space token,,56,0x0C32F | 0x0C330
B,final_text_current_kanji_map,R2-B,　,U+3000,81 40,PC-88 fullwidth-space token,,58,0x0C331 | 0x0C332
B,final_text_current_kanji_map,R2-B,　,U+3000,81 40,PC-88 fullwidth-space token,,60,0x0C333 | 0x0C334
B,final_text_current_kanji_map,R2-B,제,U+C81C,8A BB,hangul.csv current token,405,62,0x0C335 | 0x0C336
B,final_text_current_kanji_map,R2-B,가,U+AC00,88 9F,hangul.csv current token,1,64,0x0C337 | 0x0C338
B,final_text_current_kanji_map,R2-B,　,U+3000,81 40,PC-88 fullwidth-space token,,66,0x0C339 | 0x0C33A
B,final_text_current_kanji_map,R2-B,준,U+C900,8A CA,hangul.csv current token,420,68,0x0C33B | 0x0C33C
B,final_text_current_kanji_map,R2-B,비,U+BE44,89 E6,hangul.csv current token,260,70,0x0C33D | 0x0C33E
B,final_text_current_kanji_map,R2-B,한,U+D55C,8B 74,hangul.csv current token,523,72,0x0C33F | 0x0C340
B,final_text_current_kanji_map,R2-B,　,U+3000,81 40,PC-88 fullwidth-space token,,74,0x0C341 | 0x0C342
B,final_text_current_kanji_map,R2-B,헬,U+D5EC,8B 81,hangul.csv current token,535,76,0x0C343 | 0x0C344
B,final_text_current_kanji_map,R2-B,프,U+D504,8B 6B,hangul.csv current token,514,78,0x0C345 | 0x0C346
B,final_text_current_kanji_map,R2-B,　,U+3000,81 40,PC-88 fullwidth-space token,,80,0x0C347 | 0x0C348
B,final_text_current_kanji_map,R2-B,아,U+C544,8A 5A,hangul.csv current token,309,82,0x0C349 | 0x0C34A
B,final_text_current_kanji_map,R2-B,이,U+C774,8A A2,hangul.csv current token,380,84,0x0C34B | 0x0C34C
B,final_text_current_kanji_map,R2-B,템,U+D15C,8B 54,hangul.csv current token,491,86,0x0C34D | 0x0C34E
B,final_text_current_kanji_map,R2-B,을,U+C744,8A 9E,hangul.csv current token,376,88,0x0C34F | 0x0C350
B,final_text_current_kanji_map,R2-B,[0D],,0D,direct control,,,
B,final_text_current_kanji_map,R2-B,　,U+3000,81 40,PC-88 fullwidth-space token,,91,0x0C352 | 0x0C353
B,final_text_current_kanji_map,R2-B,　,U+3000,81 40,PC-88 fullwidth-space token,,93,0x0C354 | 0x0C355
B,final_text_current_kanji_map,R2-B,　,U+3000,81 40,PC-88 fullwidth-space token,,95,0x0C356 | 0x0C357
B,final_text_current_kanji_map,R2-B,유,U+C720,8A 99,hangul.csv current token,371,97,0x0C358 | 0x0C359
B,final_text_current_kanji_map,R2-B,코,U+CF54,8A FC,hangul.csv current token,470,99,0x0C35A | 0x0C35B
B,final_text_current_kanji_map,R2-B,가,U+AC00,88 9F,hangul.csv current token,1,101,0x0C35C | 0x0C35D
B,final_text_current_kanji_map,R2-B,　,U+3000,81 40,PC-88 fullwidth-space token,,103,0x0C35E | 0x0C35F
B,final_text_current_kanji_map,R2-B,가,U+AC00,88 9F,hangul.csv current token,1,105,0x0C360 | 0x0C361
B,final_text_current_kanji_map,R2-B,지,U+C9C0,8A D4,hangul.csv current token,430,107,0x0C362 | 0x0C363
B,final_text_current_kanji_map,R2-B,고,U+ACE0,88 BB,hangul.csv current token,29,109,0x0C364 | 0x0C365
B,final_text_current_kanji_map,R2-B,　,U+3000,81 40,PC-88 fullwidth-space token,,111,0x0C366 | 0x0C367
B,final_text_current_kanji_map,R2-B,있,U+C788,8A AB,hangul.csv current token,389,113,0x0C368 | 0x0C369
B,final_text_current_kanji_map,R2-B,으,U+C73C,8A 9B,hangul.csv current token,373,115,0x0C36A | 0x0C36B
B,final_text_current_kanji_map,R2-B,니,U+B2C8,89 4D,hangul.csv current token,108,117,0x0C36C | 0x0C36D
B,final_text_current_kanji_map,R2-B,까,U+AE4C,88 DA,hangul.csv current token,60,119,0x0C36E | 0x0C36F
B,final_text_current_kanji_map,R2-B,요,U+C694,8A 8A,hangul.csv current token,356,121,0x0C370 | 0x0C371
B,final_text_current_kanji_map,R2-B,。,U+3002,81 42,CP932/PC-88 source character,,123,0x0C372 | 0x0C373
B,final_text_current_kanji_map,R2-B,」,U+300D,81 76,CP932/PC-88 source character,,125,0x0C374 | 0x0C375
B,final_text_current_kanji_map,R2-B,[00],,00,direct terminator,,,
B,final_text_current_kanji_map,X1-B,못,U+BABB,89 C1,hangul.csv current token,223,0,0x0C377 | 0x0C378
B,final_text_current_kanji_map,X1-B, ,U+0020,81 40,PC-88 fullwidth-space token,,2,0x0C379 | 0x0C37A
B,final_text_current_kanji_map,X1-B,벗,U+BC97,89 D8,hangul.csv current token,246,4,0x0C37B | 0x0C37C
B,final_text_current_kanji_map,X1-B,는,U+B294,89 4B,hangul.csv current token,106,6,0x0C37D | 0x0C37E
B,final_text_current_kanji_map,X1-B,다,U+B2E4,89 50,hangul.csv current token,111,8,0x0C37F | 0x0C380
B,final_text_current_kanji_map,X1-B,！,U+FF01,81 49,CP932/PC-88 source character,,10,0x0C381 | 0x0C382
B,final_text_current_kanji_map,X1-B,[00],,00,direct terminator,,,
B,final_text_current_kanji_map,X2-B,체,U+CCB4,8A EB,hangul.csv current token,453,0,0x0C384 | 0x0C385
B,final_text_current_kanji_map,X2-B,력,U+B825,89 95,hangul.csv current token,179,2,0x0C386 | 0x0C387
B,final_text_current_kanji_map,X2-B,이,U+C774,8A A2,hangul.csv current token,380,4,0x0C388 | 0x0C389
B,final_text_current_kanji_map,X2-B,　,U+3000,81 40,PC-88 fullwidth-space token,,6,0x0C38A | 0x0C38B
B,final_text_current_kanji_map,X2-B,없,U+C5C6,8A 6F,hangul.csv current token,330,8,0x0C38C | 0x0C38D
B,final_text_current_kanji_map,X2-B,다,U+B2E4,89 50,hangul.csv current token,111,10,0x0C38E | 0x0C38F
B,final_text_current_kanji_map,X2-B,！,U+FF01,81 49,CP932/PC-88 source character,,12,0x0C390 | 0x0C391
B,final_text_current_kanji_map,X2-B,[00],,00,direct terminator,,,
B,final_text_current_kanji_map,R4-A,메,U+BA54,89 B7,hangul.csv current token,213,0,0x036B2 | 0x036B3
B,final_text_current_kanji_map,R4-A,가,U+AC00,88 9F,hangul.csv current token,1,2,0x036B4 | 0x036B5
B,final_text_current_kanji_map,R4-A,스,U+C2A4,8A 4A,hangul.csv current token,293,4,0x036B6 | 0x036B7
B,final_text_current_kanji_map,R4-A,「,U+300C,81 75,CP932/PC-88 source character,,6,0x036B8 | 0x036B9
B,final_text_current_kanji_map,R4-A,보,U+BCF4,89 DB,hangul.csv current token,249,8,0x036BA | 0x036BB
B,final_text_current_kanji_map,R4-A,기,U+AE30,88 D5,hangul.csv current token,55,10,0x036BC | 0x036BD
B,final_text_current_kanji_map,R4-A,　,U+3000,81 40,PC-88 fullwidth-space token,,12,0x036BE | 0x036BF
B,final_text_current_kanji_map,R4-A,좋,U+C88B,8A C4,hangul.csv current token,414,14,0x036C0 | 0x036C1
B,final_text_current_kanji_map,R4-A,게,U+AC8C,88 B1,hangul.csv current token,19,16,0x036C2 | 0x036C3
B,final_text_current_kanji_map,R4-A,　,U+3000,81 40,PC-88 fullwidth-space token,,18,0x036C4 | 0x036C5
B,final_text_current_kanji_map,R4-A,덫,U+B36B,89 5C,hangul.csv current token,123,20,0x036C6 | 0x036C7
B,final_text_current_kanji_map,R4-A,에,U+C5D0,8A 72,hangul.csv current token,333,22,0x036C8 | 0x036C9
B,final_text_current_kanji_map,R4-A,　,U+3000,81 40,PC-88 fullwidth-space token,,24,0x036CA | 0x036CB
B,final_text_current_kanji_map,R4-A,걸,U+AC78,88 AD,hangul.csv current token,15,26,0x036CC | 0x036CD
B,final_text_current_kanji_map,R4-A,려,U+B824,89 94,hangul.csv current token,178,28,0x036CE | 0x036CF
B,final_text_current_kanji_map,R4-A,들,U+B4E4,89 71,hangul.csv current token,144,30,0x036D0 | 0x036D1
B,final_text_current_kanji_map,R4-A,었,U+C5C8,8A 71,hangul.csv current token,332,32,0x036D2 | 0x036D3
B,final_text_current_kanji_map,R4-A,군,U+AD70,88 C9,hangul.csv current token,43,34,0x036D4 | 0x036D5
B,final_text_current_kanji_map,R4-A,。,U+3002,81 42,CP932/PC-88 source character,,36,0x036D6 | 0x036D7
B,final_text_current_kanji_map,R4-A,[0D],,0D,direct control,,,
B,final_text_current_kanji_map,R4-A,　,U+3000,81 40,PC-88 fullwidth-space token,,39,0x036D9 | 0x036DA
B,final_text_current_kanji_map,R4-A,　,U+3000,81 40,PC-88 fullwidth-space token,,41,0x036DB | 0x036DC
B,final_text_current_kanji_map,R4-A,　,U+3000,81 40,PC-88 fullwidth-space token,,43,0x036DD | 0x036DE
B,final_text_current_kanji_map,R4-A,그,U+ADF8,88 CF,hangul.csv current token,49,45,0x036DF | 0x036E0
B,final_text_current_kanji_map,R4-A,것,U+AC83,88 B0,hangul.csv current token,18,47,0x036E1 | 0x036E2
B,final_text_current_kanji_map,R4-A,은,U+C740,8A 9D,hangul.csv current token,375,49,0x036E3 | 0x036E4
B,final_text_current_kanji_map,R4-A,　,U+3000,81 40,PC-88 fullwidth-space token,,51,0x036E5 | 0x036E6
B,final_text_current_kanji_map,R4-A,네,U+B124,88 F8,hangul.csv current token,90,53,0x036E7 | 0x036E8
B,final_text_current_kanji_map,R4-A,　,U+3000,81 40,PC-88 fullwidth-space token,,55,0x036E9 | 0x036EA
B,final_text_current_kanji_map,R4-A,힘,U+D798,8B 98,hangul.csv current token,558,57,0x036EB | 0x036EC
B,final_text_current_kanji_map,R4-A,을,U+C744,8A 9E,hangul.csv current token,376,59,0x036ED | 0x036EE
B,final_text_current_kanji_map,R4-A,　,U+3000,81 40,PC-88 fullwidth-space token,,61,0x036EF | 0x036F0
B,final_text_current_kanji_map,R4-A,봉,U+BD09,89 DF,hangul.csv current token,253,63,0x036F1 | 0x036F2
B,final_text_current_kanji_map,R4-A,인,U+C778,8A A4,hangul.csv current token,382,65,0x036F3 | 0x036F4
B,final_text_current_kanji_map,R4-A,할,U+D560,8B 75,hangul.csv current token,524,67,0x036F5 | 0x036F6
B,final_text_current_kanji_map,R4-A,[0D],,0D,direct control,,,
B,final_text_current_kanji_map,R4-A,　,U+3000,81 40,PC-88 fullwidth-space token,,70,0x036F8 | 0x036F9
B,final_text_current_kanji_map,R4-A,　,U+3000,81 40,PC-88 fullwidth-space token,,72,0x036FA | 0x036FB
B,final_text_current_kanji_map,R4-A,　,U+3000,81 40,PC-88 fullwidth-space token,,74,0x036FC | 0x036FD
B,final_text_current_kanji_map,R4-A,갑,U+AC11,88 A5,hangul.csv current token,7,76,0x036FE | 0x036FF
B,final_text_current_kanji_map,R4-A,옷,U+C637,8A 82,hangul.csv current token,348,78,0x03700 | 0x03701
B,final_text_current_kanji_map,R4-A,이,U+C774,8A A2,hangul.csv current token,380,80,0x03702 | 0x03703
B,final_text_current_kanji_map,R4-A,다,U+B2E4,89 50,hangul.csv current token,111,82,0x03704 | 0x03705
B,final_text_current_kanji_map,R4-A,。,U+3002,81 42,CP932/PC-88 source character,,84,0x03706 | 0x03707
B,final_text_current_kanji_map,R4-A,복,U+BCF5,89 DC,hangul.csv current token,250,86,0x03708 | 0x03709
B,final_text_current_kanji_map,R4-A,제,U+C81C,8A BB,hangul.csv current token,405,88,0x0370A | 0x0370B
B,final_text_current_kanji_map,R4-A,를,U+B97C,89 A2,hangul.csv current token,192,90,0x0370C | 0x0370D
B,final_text_current_kanji_map,R4-A,　,U+3000,81 40,PC-88 fullwidth-space token,,92,0x0370E | 0x0370F
B,final_text_current_kanji_map,R4-A,하,U+D558,8B 72,hangul.csv current token,521,94,0x03710 | 0x03711
B,final_text_current_kanji_map,R4-A,면,U+BA74,89 B9,hangul.csv current token,215,96,0x03712 | 0x03713
B,final_text_current_kanji_map,R4-A,　,U+3000,81 40,PC-88 fullwidth-space token,,98,0x03714 | 0x03715
B,final_text_current_kanji_map,R4-A,두,U+B450,89 68,hangul.csv current token,135,100,0x03716 | 0x03717
B,final_text_current_kanji_map,R4-A,　,U+3000,81 40,PC-88 fullwidth-space token,,102,0x03718 | 0x03719
B,final_text_current_kanji_map,R4-A,번,U+BC88,89 D5,hangul.csv current token,243,104,0x0371A | 0x0371B
B,final_text_current_kanji_map,R4-A,[0D],,0D,direct control,,,
B,final_text_current_kanji_map,R4-A,　,U+3000,81 40,PC-88 fullwidth-space token,,107,0x0371D | 0x0371E
B,final_text_current_kanji_map,R4-A,　,U+3000,81 40,PC-88 fullwidth-space token,,109,0x0371F | 0x03720
B,final_text_current_kanji_map,R4-A,　,U+3000,81 40,PC-88 fullwidth-space token,,111,0x03721 | 0x03722
B,final_text_current_kanji_map,R4-A,다,U+B2E4,89 50,hangul.csv current token,111,113,0x03723 | 0x03724
B,final_text_current_kanji_map,R4-A,시,U+C2DC,8A 4F,hangul.csv current token,298,115,0x03725 | 0x03726
B,final_text_current_kanji_map,R4-A,　,U+3000,81 40,PC-88 fullwidth-space token,,117,0x03727 | 0x03728
B,final_text_current_kanji_map,R4-A,벗,U+BC97,89 D8,hangul.csv current token,246,119,0x03729 | 0x0372A
B,final_text_current_kanji_map,R4-A,을,U+C744,8A 9E,hangul.csv current token,376,121,0x0372B | 0x0372C
B,final_text_current_kanji_map,R4-A,　,U+3000,81 40,PC-88 fullwidth-space token,,123,0x0372D | 0x0372E
B,final_text_current_kanji_map,R4-A,수,U+C218,8A 45,hangul.csv current token,288,125,0x0372F | 0x03730
B,final_text_current_kanji_map,R4-A,　,U+3000,81 40,PC-88 fullwidth-space token,,127,0x03731 | 0x03732
B,final_text_current_kanji_map,R4-A,없,U+C5C6,8A 6F,hangul.csv current token,330,129,0x03733 | 0x03734
B,final_text_current_kanji_map,R4-A,다,U+B2E4,89 50,hangul.csv current token,111,131,0x03735 | 0x03736
B,final_text_current_kanji_map,R4-A,。,U+3002,81 42,CP932/PC-88 source character,,133,0x03737 | 0x03738
B,final_text_current_kanji_map,R4-A,[0D],,0D,direct control,,,
B,final_text_current_kanji_map,R4-A,　,U+3000,81 40,PC-88 fullwidth-space token,,136,0x0373A | 0x0373B
B,final_text_current_kanji_map,R4-A,　,U+3000,81 40,PC-88 fullwidth-space token,,138,0x0373C | 0x0373D
B,final_text_current_kanji_map,R4-A,　,U+3000,81 40,PC-88 fullwidth-space token,,140,0x0373E | 0x0373F
B,final_text_current_kanji_map,R4-A,이,U+C774,8A A2,hangul.csv current token,380,142,0x03740 | 0x03741
B,final_text_current_kanji_map,R4-A,것,U+AC83,88 B0,hangul.csv current token,18,144,0x03742 | 0x03743
B,final_text_current_kanji_map,R4-A,으,U+C73C,8A 9B,hangul.csv current token,373,146,0x03744 | 0x03745
B,final_text_current_kanji_map,R4-A,로,U+B85C,89 99,hangul.csv current token,183,148,0x03746 | 0x03747
B,final_text_current_kanji_map,R4-A,　,U+3000,81 40,PC-88 fullwidth-space token,,150,0x03748 | 0x03749
B,final_text_current_kanji_map,R4-A,너,U+B108,88 F3,hangul.csv current token,85,152,0x0374A | 0x0374B
B,final_text_current_kanji_map,R4-A,도,U+B3C4,89 5E,hangul.csv current token,125,154,0x0374C | 0x0374D
B,final_text_current_kanji_map,R4-A,　,U+3000,81 40,PC-88 fullwidth-space token,,156,0x0374E | 0x0374F
B,final_text_current_kanji_map,R4-A,끝,U+B05D,88 E6,hangul.csv current token,72,158,0x03750 | 0x03751
B,final_text_current_kanji_map,R4-A,이,U+C774,8A A2,hangul.csv current token,380,160,0x03752 | 0x03753
B,final_text_current_kanji_map,R4-A,다,U+B2E4,89 50,hangul.csv current token,111,162,0x03754 | 0x03755
B,final_text_current_kanji_map,R4-A,！,U+FF01,81 49,CP932/PC-88 source character,,164,0x03756 | 0x03757
B,final_text_current_kanji_map,R4-A,」,U+300D,81 76,CP932/PC-88 source character,,166,0x03758 | 0x03759
B,final_text_current_kanji_map,R4-A,[00],,00,direct terminator,,,
B,final_text_current_kanji_map,R5-A,바,U+BC14,89 CC,hangul.csv current token,234,0,0x03763 | 0x03764
B,final_text_current_kanji_map,R5-A,리,U+B9AC,89 A4,hangul.csv current token,194,2,0x03765 | 0x03766
B,final_text_current_kanji_map,R5-A,아,U+C544,8A 5A,hangul.csv current token,309,4,0x03767 | 0x03768
B,final_text_current_kanji_map,R5-A,「,U+300C,81 75,CP932/PC-88 source character,,6,0x03769 | 0x0376A
B,final_text_current_kanji_map,R5-A,유,U+C720,8A 99,hangul.csv current token,371,8,0x0376B | 0x0376C
B,final_text_current_kanji_map,R5-A,코,U+CF54,8A FC,hangul.csv current token,470,10,0x0376D | 0x0376E
B,final_text_current_kanji_map,R5-A,！,U+FF01,81 49,CP932/PC-88 source character,,12,0x0376F | 0x03770
B,final_text_current_kanji_map,R5-A,　,U+3000,81 40,PC-88 fullwidth-space token,,14,0x03771 | 0x03772
B,final_text_current_kanji_map,R5-A,포,U+D3EC,8B 65,hangul.csv current token,508,16,0x03773 | 0x03774
B,final_text_current_kanji_map,R5-A,기,U+AE30,88 D5,hangul.csv current token,55,18,0x03775 | 0x03776
B,final_text_current_kanji_map,R5-A,하,U+D558,8B 72,hangul.csv current token,521,20,0x03777 | 0x03778
B,final_text_current_kanji_map,R5-A,면,U+BA74,89 B9,hangul.csv current token,215,22,0x03779 | 0x0377A
B,final_text_current_kanji_map,R5-A,　,U+3000,81 40,PC-88 fullwidth-space token,,24,0x0377B | 0x0377C
B,final_text_current_kanji_map,R5-A,안,U+C548,8A 5C,hangul.csv current token,311,26,0x0377D | 0x0377E
B,final_text_current_kanji_map,R5-A,　,U+3000,81 40,PC-88 fullwidth-space token,,28,0x0377F | 0x03780
B,final_text_current_kanji_map,R5-A,돼,U+B3FC,89 62,hangul.csv current token,129,30,0x03781 | 0x03782
B,final_text_current_kanji_map,R5-A,요,U+C694,8A 8A,hangul.csv current token,356,32,0x03783 | 0x03784
B,final_text_current_kanji_map,R5-A,！,U+FF01,81 49,CP932/PC-88 source character,,34,0x03785 | 0x03786
B,final_text_current_kanji_map,R5-A,[0D],,0D,direct control,,,
B,final_text_current_kanji_map,R5-A,　,U+3000,81 40,PC-88 fullwidth-space token,,37,0x03788 | 0x03789
B,final_text_current_kanji_map,R5-A,　,U+3000,81 40,PC-88 fullwidth-space token,,39,0x0378A | 0x0378B
B,final_text_current_kanji_map,R5-A,　,U+3000,81 40,PC-88 fullwidth-space token,,41,0x0378C | 0x0378D
B,final_text_current_kanji_map,R5-A,제,U+C81C,8A BB,hangul.csv current token,405,43,0x0378E | 0x0378F
B,final_text_current_kanji_map,R5-A,가,U+AC00,88 9F,hangul.csv current token,1,45,0x03790 | 0x03791
B,final_text_current_kanji_map,R5-A,　,U+3000,81 40,PC-88 fullwidth-space token,,47,0x03792 | 0x03793
B,final_text_current_kanji_map,R5-A,꼭,U+AF2D,88 E1,hangul.csv current token,67,49,0x03794 | 0x03795
B,final_text_current_kanji_map,R5-A,　,U+3000,81 40,PC-88 fullwidth-space token,,51,0x03796 | 0x03797
B,final_text_current_kanji_map,R5-A,구,U+AD6C,88 C7,hangul.csv current token,41,53,0x03798 | 0x03799
B,final_text_current_kanji_map,R5-A,해,U+D574,8B 79,hangul.csv current token,528,55,0x0379A | 0x0379B
B,final_text_current_kanji_map,R5-A,줄,U+C904,8A CB,hangul.csv current token,421,57,0x0379C | 0x0379D
B,final_text_current_kanji_map,R5-A,게,U+AC8C,88 B1,hangul.csv current token,19,59,0x0379E | 0x0379F
B,final_text_current_kanji_map,R5-A,요,U+C694,8A 8A,hangul.csv current token,356,61,0x037A0 | 0x037A1
B,final_text_current_kanji_map,R5-A,！,U+FF01,81 49,CP932/PC-88 source character,,63,0x037A2 | 0x037A3
B,final_text_current_kanji_map,R5-A,[0D],,0D,direct control,,,
B,final_text_current_kanji_map,R5-A,　,U+3000,81 40,PC-88 fullwidth-space token,,66,0x037A5 | 0x037A6
B,final_text_current_kanji_map,R5-A,　,U+3000,81 40,PC-88 fullwidth-space token,,68,0x037A7 | 0x037A8
B,final_text_current_kanji_map,R5-A,　,U+3000,81 40,PC-88 fullwidth-space token,,70,0x037A9 | 0x037AA
B,final_text_current_kanji_map,R5-A,정,U+C815,8A BA,hangul.csv current token,404,72,0x037AB | 0x037AC
B,final_text_current_kanji_map,R5-A,품,U+D488,8B 6A,hangul.csv current token,513,74,0x037AD | 0x037AE
B,final_text_current_kanji_map,R5-A,을,U+C744,8A 9E,hangul.csv current token,376,76,0x037AF | 0x037B0
B,final_text_current_kanji_map,R5-A,　,U+3000,81 40,PC-88 fullwidth-space token,,78,0x037B1 | 0x037B2
B,final_text_current_kanji_map,R5-A,구,U+AD6C,88 C7,hangul.csv current token,41,80,0x037B3 | 0x037B4
B,final_text_current_kanji_map,R5-A,매,U+B9E4,89 B2,hangul.csv current token,208,82,0x037B5 | 0x037B6
B,final_text_current_kanji_map,R5-A,하,U+D558,8B 72,hangul.csv current token,521,84,0x037B7 | 0x037B8
B,final_text_current_kanji_map,R5-A,세,U+C138,89 F8,hangul.csv current token,278,86,0x037B9 | 0x037BA
B,final_text_current_kanji_map,R5-A,요,U+C694,8A 8A,hangul.csv current token,356,88,0x037BB | 0x037BC
B,final_text_current_kanji_map,R5-A,！,U+FF01,81 49,CP932/PC-88 source character,,90,0x037BD | 0x037BE
B,final_text_current_kanji_map,R5-A,」,U+300D,81 76,CP932/PC-88 source character,,92,0x037BF | 0x037C0
B,final_text_current_kanji_map,R5-A,[00],,00,direct terminator,,,
B,final_text_current_kanji_map,R4-B,메,U+BA54,89 B7,hangul.csv current token,213,0,0x0C4E9 | 0x0C4EA
B,final_text_current_kanji_map,R4-B,가,U+AC00,88 9F,hangul.csv current token,1,2,0x0C4EB | 0x0C4EC
B,final_text_current_kanji_map,R4-B,스,U+C2A4,8A 4A,hangul.csv current token,293,4,0x0C4ED | 0x0C4EE
B,final_text_current_kanji_map,R4-B,「,U+300C,81 75,CP932/PC-88 source character,,6,0x0C4EF | 0x0C4F0
B,final_text_current_kanji_map,R4-B,보,U+BCF4,89 DB,hangul.csv current token,249,8,0x0C4F1 | 0x0C4F2
B,final_text_current_kanji_map,R4-B,기,U+AE30,88 D5,hangul.csv current token,55,10,0x0C4F3 | 0x0C4F4
B,final_text_current_kanji_map,R4-B,　,U+3000,81 40,PC-88 fullwidth-space token,,12,0x0C4F5 | 0x0C4F6
B,final_text_current_kanji_map,R4-B,좋,U+C88B,8A C4,hangul.csv current token,414,14,0x0C4F7 | 0x0C4F8
B,final_text_current_kanji_map,R4-B,게,U+AC8C,88 B1,hangul.csv current token,19,16,0x0C4F9 | 0x0C4FA
B,final_text_current_kanji_map,R4-B,　,U+3000,81 40,PC-88 fullwidth-space token,,18,0x0C4FB | 0x0C4FC
B,final_text_current_kanji_map,R4-B,덫,U+B36B,89 5C,hangul.csv current token,123,20,0x0C4FD | 0x0C4FE
B,final_text_current_kanji_map,R4-B,에,U+C5D0,8A 72,hangul.csv current token,333,22,0x0C4FF | 0x0C500
B,final_text_current_kanji_map,R4-B,　,U+3000,81 40,PC-88 fullwidth-space token,,24,0x0C501 | 0x0C502
B,final_text_current_kanji_map,R4-B,걸,U+AC78,88 AD,hangul.csv current token,15,26,0x0C503 | 0x0C504
B,final_text_current_kanji_map,R4-B,려,U+B824,89 94,hangul.csv current token,178,28,0x0C505 | 0x0C506
B,final_text_current_kanji_map,R4-B,들,U+B4E4,89 71,hangul.csv current token,144,30,0x0C507 | 0x0C508
B,final_text_current_kanji_map,R4-B,었,U+C5C8,8A 71,hangul.csv current token,332,32,0x0C509 | 0x0C50A
B,final_text_current_kanji_map,R4-B,군,U+AD70,88 C9,hangul.csv current token,43,34,0x0C50B | 0x0C50C
B,final_text_current_kanji_map,R4-B,。,U+3002,81 42,CP932/PC-88 source character,,36,0x0C50D | 0x0C50E
B,final_text_current_kanji_map,R4-B,[0D],,0D,direct control,,,
B,final_text_current_kanji_map,R4-B,　,U+3000,81 40,PC-88 fullwidth-space token,,39,0x0C510 | 0x0C511
B,final_text_current_kanji_map,R4-B,　,U+3000,81 40,PC-88 fullwidth-space token,,41,0x0C512 | 0x0C513
B,final_text_current_kanji_map,R4-B,　,U+3000,81 40,PC-88 fullwidth-space token,,43,0x0C514 | 0x0C515
B,final_text_current_kanji_map,R4-B,그,U+ADF8,88 CF,hangul.csv current token,49,45,0x0C516 | 0x0C517
B,final_text_current_kanji_map,R4-B,것,U+AC83,88 B0,hangul.csv current token,18,47,0x0C518 | 0x0C519
B,final_text_current_kanji_map,R4-B,은,U+C740,8A 9D,hangul.csv current token,375,49,0x0C51A | 0x0C51B
B,final_text_current_kanji_map,R4-B,　,U+3000,81 40,PC-88 fullwidth-space token,,51,0x0C51C | 0x0C51D
B,final_text_current_kanji_map,R4-B,네,U+B124,88 F8,hangul.csv current token,90,53,0x0C51E | 0x0C51F
B,final_text_current_kanji_map,R4-B,　,U+3000,81 40,PC-88 fullwidth-space token,,55,0x0C520 | 0x0C521
B,final_text_current_kanji_map,R4-B,힘,U+D798,8B 98,hangul.csv current token,558,57,0x0C522 | 0x0C523
B,final_text_current_kanji_map,R4-B,을,U+C744,8A 9E,hangul.csv current token,376,59,0x0C524 | 0x0C525
B,final_text_current_kanji_map,R4-B,　,U+3000,81 40,PC-88 fullwidth-space token,,61,0x0C526 | 0x0C527
B,final_text_current_kanji_map,R4-B,봉,U+BD09,89 DF,hangul.csv current token,253,63,0x0C528 | 0x0C529
B,final_text_current_kanji_map,R4-B,인,U+C778,8A A4,hangul.csv current token,382,65,0x0C52A | 0x0C52B
B,final_text_current_kanji_map,R4-B,할,U+D560,8B 75,hangul.csv current token,524,67,0x0C52C | 0x0C52D
B,final_text_current_kanji_map,R4-B,[0D],,0D,direct control,,,
B,final_text_current_kanji_map,R4-B,　,U+3000,81 40,PC-88 fullwidth-space token,,70,0x0C52F | 0x0C530
B,final_text_current_kanji_map,R4-B,　,U+3000,81 40,PC-88 fullwidth-space token,,72,0x0C531 | 0x0C532
B,final_text_current_kanji_map,R4-B,　,U+3000,81 40,PC-88 fullwidth-space token,,74,0x0C533 | 0x0C534
B,final_text_current_kanji_map,R4-B,갑,U+AC11,88 A5,hangul.csv current token,7,76,0x0C535 | 0x0C536
B,final_text_current_kanji_map,R4-B,옷,U+C637,8A 82,hangul.csv current token,348,78,0x0C537 | 0x0C538
B,final_text_current_kanji_map,R4-B,이,U+C774,8A A2,hangul.csv current token,380,80,0x0C539 | 0x0C53A
B,final_text_current_kanji_map,R4-B,다,U+B2E4,89 50,hangul.csv current token,111,82,0x0C53B | 0x0C53C
B,final_text_current_kanji_map,R4-B,。,U+3002,81 42,CP932/PC-88 source character,,84,0x0C53D | 0x0C53E
B,final_text_current_kanji_map,R4-B,복,U+BCF5,89 DC,hangul.csv current token,250,86,0x0C53F | 0x0C540
B,final_text_current_kanji_map,R4-B,제,U+C81C,8A BB,hangul.csv current token,405,88,0x0C541 | 0x0C542
B,final_text_current_kanji_map,R4-B,를,U+B97C,89 A2,hangul.csv current token,192,90,0x0C543 | 0x0C544
B,final_text_current_kanji_map,R4-B,　,U+3000,81 40,PC-88 fullwidth-space token,,92,0x0C545 | 0x0C546
B,final_text_current_kanji_map,R4-B,하,U+D558,8B 72,hangul.csv current token,521,94,0x0C547 | 0x0C548
B,final_text_current_kanji_map,R4-B,면,U+BA74,89 B9,hangul.csv current token,215,96,0x0C549 | 0x0C54A
B,final_text_current_kanji_map,R4-B,　,U+3000,81 40,PC-88 fullwidth-space token,,98,0x0C54B | 0x0C54C
B,final_text_current_kanji_map,R4-B,두,U+B450,89 68,hangul.csv current token,135,100,0x0C54D | 0x0C54E
B,final_text_current_kanji_map,R4-B,　,U+3000,81 40,PC-88 fullwidth-space token,,102,0x0C54F | 0x0C550
B,final_text_current_kanji_map,R4-B,번,U+BC88,89 D5,hangul.csv current token,243,104,0x0C551 | 0x0C552
B,final_text_current_kanji_map,R4-B,[0D],,0D,direct control,,,
B,final_text_current_kanji_map,R4-B,　,U+3000,81 40,PC-88 fullwidth-space token,,107,0x0C554 | 0x0C555
B,final_text_current_kanji_map,R4-B,　,U+3000,81 40,PC-88 fullwidth-space token,,109,0x0C556 | 0x0C557
B,final_text_current_kanji_map,R4-B,　,U+3000,81 40,PC-88 fullwidth-space token,,111,0x0C558 | 0x0C559
B,final_text_current_kanji_map,R4-B,다,U+B2E4,89 50,hangul.csv current token,111,113,0x0C55A | 0x0C55B
B,final_text_current_kanji_map,R4-B,시,U+C2DC,8A 4F,hangul.csv current token,298,115,0x0C55C | 0x0C55D
B,final_text_current_kanji_map,R4-B,　,U+3000,81 40,PC-88 fullwidth-space token,,117,0x0C55E | 0x0C55F
B,final_text_current_kanji_map,R4-B,벗,U+BC97,89 D8,hangul.csv current token,246,119,0x0C560 | 0x0C561
B,final_text_current_kanji_map,R4-B,을,U+C744,8A 9E,hangul.csv current token,376,121,0x0C562 | 0x0C563
B,final_text_current_kanji_map,R4-B,　,U+3000,81 40,PC-88 fullwidth-space token,,123,0x0C564 | 0x0C565
B,final_text_current_kanji_map,R4-B,수,U+C218,8A 45,hangul.csv current token,288,125,0x0C566 | 0x0C567
B,final_text_current_kanji_map,R4-B,　,U+3000,81 40,PC-88 fullwidth-space token,,127,0x0C568 | 0x0C569
B,final_text_current_kanji_map,R4-B,없,U+C5C6,8A 6F,hangul.csv current token,330,129,0x0C56A | 0x0C56B
B,final_text_current_kanji_map,R4-B,다,U+B2E4,89 50,hangul.csv current token,111,131,0x0C56C | 0x0C56D
B,final_text_current_kanji_map,R4-B,。,U+3002,81 42,CP932/PC-88 source character,,133,0x0C56E | 0x0C56F
B,final_text_current_kanji_map,R4-B,[0D],,0D,direct control,,,
B,final_text_current_kanji_map,R4-B,　,U+3000,81 40,PC-88 fullwidth-space token,,136,0x0C571 | 0x0C572
B,final_text_current_kanji_map,R4-B,　,U+3000,81 40,PC-88 fullwidth-space token,,138,0x0C573 | 0x0C574
B,final_text_current_kanji_map,R4-B,　,U+3000,81 40,PC-88 fullwidth-space token,,140,0x0C575 | 0x0C576
B,final_text_current_kanji_map,R4-B,이,U+C774,8A A2,hangul.csv current token,380,142,0x0C577 | 0x0C578
B,final_text_current_kanji_map,R4-B,것,U+AC83,88 B0,hangul.csv current token,18,144,0x0C579 | 0x0C57A
B,final_text_current_kanji_map,R4-B,으,U+C73C,8A 9B,hangul.csv current token,373,146,0x0C57B | 0x0C57C
B,final_text_current_kanji_map,R4-B,로,U+B85C,89 99,hangul.csv current token,183,148,0x0C57D | 0x0C57E
B,final_text_current_kanji_map,R4-B,　,U+3000,81 40,PC-88 fullwidth-space token,,150,0x0C57F | 0x0C580
B,final_text_current_kanji_map,R4-B,너,U+B108,88 F3,hangul.csv current token,85,152,0x0C581 | 0x0C582
B,final_text_current_kanji_map,R4-B,도,U+B3C4,89 5E,hangul.csv current token,125,154,0x0C583 | 0x0C584
B,final_text_current_kanji_map,R4-B,　,U+3000,81 40,PC-88 fullwidth-space token,,156,0x0C585 | 0x0C586
B,final_text_current_kanji_map,R4-B,끝,U+B05D,88 E6,hangul.csv current token,72,158,0x0C587 | 0x0C588
B,final_text_current_kanji_map,R4-B,이,U+C774,8A A2,hangul.csv current token,380,160,0x0C589 | 0x0C58A
B,final_text_current_kanji_map,R4-B,다,U+B2E4,89 50,hangul.csv current token,111,162,0x0C58B | 0x0C58C
B,final_text_current_kanji_map,R4-B,！,U+FF01,81 49,CP932/PC-88 source character,,164,0x0C58D | 0x0C58E
B,final_text_current_kanji_map,R4-B,」,U+300D,81 76,CP932/PC-88 source character,,166,0x0C58F | 0x0C590
B,final_text_current_kanji_map,R4-B,[00],,00,direct terminator,,,
B,final_text_current_kanji_map,R5-B,바,U+BC14,89 CC,hangul.csv current token,234,0,0x0C59A | 0x0C59B
B,final_text_current_kanji_map,R5-B,리,U+B9AC,89 A4,hangul.csv current token,194,2,0x0C59C | 0x0C59D
B,final_text_current_kanji_map,R5-B,아,U+C544,8A 5A,hangul.csv current token,309,4,0x0C59E | 0x0C59F
B,final_text_current_kanji_map,R5-B,「,U+300C,81 75,CP932/PC-88 source character,,6,0x0C5A0 | 0x0C5A1
B,final_text_current_kanji_map,R5-B,유,U+C720,8A 99,hangul.csv current token,371,8,0x0C5A2 | 0x0C5A3
B,final_text_current_kanji_map,R5-B,코,U+CF54,8A FC,hangul.csv current token,470,10,0x0C5A4 | 0x0C5A5
B,final_text_current_kanji_map,R5-B,！,U+FF01,81 49,CP932/PC-88 source character,,12,0x0C5A6 | 0x0C5A7
B,final_text_current_kanji_map,R5-B,　,U+3000,81 40,PC-88 fullwidth-space token,,14,0x0C5A8 | 0x0C5A9
B,final_text_current_kanji_map,R5-B,포,U+D3EC,8B 65,hangul.csv current token,508,16,0x0C5AA | 0x0C5AB
B,final_text_current_kanji_map,R5-B,기,U+AE30,88 D5,hangul.csv current token,55,18,0x0C5AC | 0x0C5AD
B,final_text_current_kanji_map,R5-B,하,U+D558,8B 72,hangul.csv current token,521,20,0x0C5AE | 0x0C5AF
B,final_text_current_kanji_map,R5-B,면,U+BA74,89 B9,hangul.csv current token,215,22,0x0C5B0 | 0x0C5B1
B,final_text_current_kanji_map,R5-B,　,U+3000,81 40,PC-88 fullwidth-space token,,24,0x0C5B2 | 0x0C5B3
B,final_text_current_kanji_map,R5-B,안,U+C548,8A 5C,hangul.csv current token,311,26,0x0C5B4 | 0x0C5B5
B,final_text_current_kanji_map,R5-B,　,U+3000,81 40,PC-88 fullwidth-space token,,28,0x0C5B6 | 0x0C5B7
B,final_text_current_kanji_map,R5-B,돼,U+B3FC,89 62,hangul.csv current token,129,30,0x0C5B8 | 0x0C5B9
B,final_text_current_kanji_map,R5-B,요,U+C694,8A 8A,hangul.csv current token,356,32,0x0C5BA | 0x0C5BB
B,final_text_current_kanji_map,R5-B,！,U+FF01,81 49,CP932/PC-88 source character,,34,0x0C5BC | 0x0C5BD
B,final_text_current_kanji_map,R5-B,[0D],,0D,direct control,,,
B,final_text_current_kanji_map,R5-B,　,U+3000,81 40,PC-88 fullwidth-space token,,37,0x0C5BF | 0x0C5C0
B,final_text_current_kanji_map,R5-B,　,U+3000,81 40,PC-88 fullwidth-space token,,39,0x0C5C1 | 0x0C5C2
B,final_text_current_kanji_map,R5-B,　,U+3000,81 40,PC-88 fullwidth-space token,,41,0x0C5C3 | 0x0C5C4
B,final_text_current_kanji_map,R5-B,제,U+C81C,8A BB,hangul.csv current token,405,43,0x0C5C5 | 0x0C5C6
B,final_text_current_kanji_map,R5-B,가,U+AC00,88 9F,hangul.csv current token,1,45,0x0C5C7 | 0x0C5C8
B,final_text_current_kanji_map,R5-B,　,U+3000,81 40,PC-88 fullwidth-space token,,47,0x0C5C9 | 0x0C5CA
B,final_text_current_kanji_map,R5-B,꼭,U+AF2D,88 E1,hangul.csv current token,67,49,0x0C5CB | 0x0C5CC
B,final_text_current_kanji_map,R5-B,　,U+3000,81 40,PC-88 fullwidth-space token,,51,0x0C5CD | 0x0C5CE
B,final_text_current_kanji_map,R5-B,구,U+AD6C,88 C7,hangul.csv current token,41,53,0x0C5CF | 0x0C5D0
B,final_text_current_kanji_map,R5-B,해,U+D574,8B 79,hangul.csv current token,528,55,0x0C5D1 | 0x0C5D2
B,final_text_current_kanji_map,R5-B,줄,U+C904,8A CB,hangul.csv current token,421,57,0x0C5D3 | 0x0C5D4
B,final_text_current_kanji_map,R5-B,게,U+AC8C,88 B1,hangul.csv current token,19,59,0x0C5D5 | 0x0C5D6
B,final_text_current_kanji_map,R5-B,요,U+C694,8A 8A,hangul.csv current token,356,61,0x0C5D7 | 0x0C5D8
B,final_text_current_kanji_map,R5-B,！,U+FF01,81 49,CP932/PC-88 source character,,63,0x0C5D9 | 0x0C5DA
B,final_text_current_kanji_map,R5-B,[0D],,0D,direct control,,,
B,final_text_current_kanji_map,R5-B,　,U+3000,81 40,PC-88 fullwidth-space token,,66,0x0C5DC | 0x0C5DD
B,final_text_current_kanji_map,R5-B,　,U+3000,81 40,PC-88 fullwidth-space token,,68,0x0C5DE | 0x0C5DF
B,final_text_current_kanji_map,R5-B,　,U+3000,81 40,PC-88 fullwidth-space token,,70,0x0C5E0 | 0x0C5E1
B,final_text_current_kanji_map,R5-B,정,U+C815,8A BA,hangul.csv current token,404,72,0x0C5E2 | 0x0C5E3
B,final_text_current_kanji_map,R5-B,품,U+D488,8B 6A,hangul.csv current token,513,74,0x0C5E4 | 0x0C5E5
B,final_text_current_kanji_map,R5-B,을,U+C744,8A 9E,hangul.csv current token,376,76,0x0C5E6 | 0x0C5E7
B,final_text_current_kanji_map,R5-B,　,U+3000,81 40,PC-88 fullwidth-space token,,78,0x0C5E8 | 0x0C5E9
B,final_text_current_kanji_map,R5-B,구,U+AD6C,88 C7,hangul.csv current token,41,80,0x0C5EA | 0x0C5EB
B,final_text_current_kanji_map,R5-B,매,U+B9E4,89 B2,hangul.csv current token,208,82,0x0C5EC | 0x0C5ED
B,final_text_current_kanji_map,R5-B,하,U+D558,8B 72,hangul.csv current token,521,84,0x0C5EE | 0x0C5EF
B,final_text_current_kanji_map,R5-B,세,U+C138,89 F8,hangul.csv current token,278,86,0x0C5F0 | 0x0C5F1
B,final_text_current_kanji_map,R5-B,요,U+C694,8A 8A,hangul.csv current token,356,88,0x0C5F2 | 0x0C5F3
B,final_text_current_kanji_map,R5-B,！,U+FF01,81 49,CP932/PC-88 source character,,90,0x0C5F4 | 0x0C5F5
B,final_text_current_kanji_map,R5-B,」,U+300D,81 76,CP932/PC-88 source character,,92,0x0C5F6 | 0x0C5F7
B,final_text_current_kanji_map,R5-B,[00],,00,direct terminator,,,
